REGION,SETTLEMENTDATE,TOTALDEMAND,RRP,PERIODTYPE
NSW1,1/01/2015 0:00,7057.51,49.08,TRADE
NSW1,1/01/2015 0:30,6920.94,48.06,TRADE
NSW1,1/01/2015 1:00,6668.71,47.25,TRADE
NSW1,1/01/2015 1:30,6327.71,37.1,TRADE
NSW1,1/01/2015 2:00,6056.02,34.86,TRADE
NSW1,1/01/2015 2:30,5827.97,32.9,TRADE
NSW1,1/01/2015 3:00,5711.33,31.63,TRADE
NSW1,1/01/2015 3:30,5653.85,30.9,TRADE
NSW1,1/01/2015 4:00,5625.27,31.6,TRADE
NSW1,1/01/2015 4:30,5618.95,28.69,TRADE
NSW1,1/01/2015 5:00,5580.51,27.96,TRADE
NSW1,1/01/2015 5:30,5589.51,26.39,TRADE
NSW1,1/01/2015 6:00,5646.63,24.56,TRADE
NSW1,1/01/2015 6:30,5806.57,26.75,TRADE
NSW1,1/01/2015 7:00,5998.21,27.96,TRADE
NSW1,1/01/2015 7:30,6221.81,29.96,TRADE
NSW1,1/01/2015 8:00,6361.85,29.86,TRADE
NSW1,1/01/2015 8:30,6572.36,31.11,TRADE
NSW1,1/01/2015 9:00,6777.41,33.08,TRADE
NSW1,1/01/2015 9:30,6984.62,33.79,TRADE
NSW1,1/01/2015 10:00,7149.04,35.07,TRADE
NSW1,1/01/2015 10:30,7298.73,37.33,TRADE
NSW1,1/01/2015 11:00,7473.69,44.16,TRADE
NSW1,1/01/2015 11:30,7657.83,38.83,TRADE
NSW1,1/01/2015 12:00,7799.16,40.1,TRADE
NSW1,1/01/2015 12:30,7916.74,37.32,TRADE
NSW1,1/01/2015 13:00,8056.15,41.42,TRADE
NSW1,1/01/2015 13:30,8266.21,45.62,TRADE
NSW1,1/01/2015 14:00,8448.61,93.79,TRADE
NSW1,1/01/2015 14:30,8672.66,221.18,TRADE
NSW1,1/01/2015 15:00,8853.28,195.9,TRADE
NSW1,1/01/2015 15:30,9053.87,270.47,TRADE
NSW1,1/01/2015 16:00,9167.67,299.67,TRADE
NSW1,1/01/2015 16:30,9198.8,296.95,TRADE
NSW1,1/01/2015 17:00,9324.24,299.6,TRADE
NSW1,1/01/2015 17:30,9253.41,299.6,TRADE
NSW1,1/01/2015 18:00,9063.39,133.67,TRADE
NSW1,1/01/2015 18:30,8904.95,92.57,TRADE
NSW1,1/01/2015 19:00,8722.41,52.34,TRADE
NSW1,1/01/2015 19:30,8592.39,64.03,TRADE
NSW1,1/01/2015 20:00,8600.25,159.9,TRADE
NSW1,1/01/2015 20:30,8441.17,58.92,TRADE
NSW1,1/01/2015 21:00,8202.75,32.49,TRADE
NSW1,1/01/2015 21:30,8023.55,41.63,TRADE
NSW1,1/01/2015 22:00,7785.96,40.35,TRADE
NSW1,1/01/2015 22:30,7653.88,39.86,TRADE
NSW1,1/01/2015 23:00,7403.39,36.82,TRADE
NSW1,1/01/2015 23:30,7173.16,37.43,TRADE
NSW1,2/01/2015 0:00,7021.85,35.97,TRADE
NSW1,2/01/2015 0:30,6822.81,39.06,TRADE
NSW1,2/01/2015 1:00,6558.29,37.78,TRADE
NSW1,2/01/2015 1:30,6242.62,32.41,TRADE
NSW1,2/01/2015 2:00,6016.26,32.04,TRADE
NSW1,2/01/2015 2:30,5867.81,28.87,TRADE
NSW1,2/01/2015 3:00,5801.32,34.22,TRADE
NSW1,2/01/2015 3:30,5760.09,39.14,TRADE
NSW1,2/01/2015 4:00,5772.57,36.05,TRADE
NSW1,2/01/2015 4:30,5889.18,32.26,TRADE
NSW1,2/01/2015 5:00,5966.97,27.96,TRADE
NSW1,2/01/2015 5:30,6181.37,29.05,TRADE
NSW1,2/01/2015 6:00,6395.72,29.91,TRADE
NSW1,2/01/2015 6:30,6637.65,35.99,TRADE
NSW1,2/01/2015 7:00,6910.14,37.01,TRADE
NSW1,2/01/2015 7:30,7224.8,37.22,TRADE
NSW1,2/01/2015 8:00,7471.87,39.13,TRADE
NSW1,2/01/2015 8:30,7806.61,125.11,TRADE
NSW1,2/01/2015 9:00,8020.69,46.94,TRADE
NSW1,2/01/2015 9:30,8161.89,52.94,TRADE
NSW1,2/01/2015 10:00,8372.91,181.16,TRADE
NSW1,2/01/2015 10:30,8510.58,280.25,TRADE
NSW1,2/01/2015 11:00,8662.26,264.5,TRADE
NSW1,2/01/2015 11:30,8810.83,146.14,TRADE
NSW1,2/01/2015 12:00,8929.2,223.69,TRADE
NSW1,2/01/2015 12:30,9001.9,299.63,TRADE
NSW1,2/01/2015 13:00,9117.04,299.8,TRADE
NSW1,2/01/2015 13:30,9259.82,299.77,TRADE
NSW1,2/01/2015 14:00,9337.47,299.73,TRADE
NSW1,2/01/2015 14:30,9284.24,299.6,TRADE
NSW1,2/01/2015 15:00,9282.71,299.63,TRADE
NSW1,2/01/2015 15:30,9277.02,131.74,TRADE
NSW1,2/01/2015 16:00,9255.25,148.35,TRADE
NSW1,2/01/2015 16:30,9230.12,173.44,TRADE
NSW1,2/01/2015 17:00,9199.53,159.86,TRADE
NSW1,2/01/2015 17:30,9033.57,64.67,TRADE
NSW1,2/01/2015 18:00,8941.91,50.75,TRADE
NSW1,2/01/2015 18:30,8770.09,52.67,TRADE
NSW1,2/01/2015 19:00,8686.1,50.02,TRADE
NSW1,2/01/2015 19:30,8674.98,79.02,TRADE
NSW1,2/01/2015 20:00,8759.24,45.16,TRADE
NSW1,2/01/2015 20:30,8600.01,52.12,TRADE
NSW1,2/01/2015 21:00,8386.07,53.36,TRADE
NSW1,2/01/2015 21:30,8337.14,50.45,TRADE
NSW1,2/01/2015 22:00,8148.4,36.1,TRADE
NSW1,2/01/2015 22:30,8013.82,41.04,TRADE
NSW1,2/01/2015 23:00,7830.62,46.39,TRADE
NSW1,2/01/2015 23:30,7587.17,44.81,TRADE
NSW1,3/01/2015 0:00,7369.24,38.71,TRADE
NSW1,3/01/2015 0:30,7103.85,40.11,TRADE
NSW1,3/01/2015 1:00,6805.65,35.53,TRADE
NSW1,3/01/2015 1:30,6500.84,32.67,TRADE
NSW1,3/01/2015 2:00,6227.6,31.71,TRADE
NSW1,3/01/2015 2:30,6059.72,28.69,TRADE
NSW1,3/01/2015 3:00,5951.53,27.96,TRADE
NSW1,3/01/2015 3:30,5920.77,29.64,TRADE
NSW1,3/01/2015 4:00,5899.93,25.56,TRADE
NSW1,3/01/2015 4:30,5957.89,27.96,TRADE
NSW1,3/01/2015 5:00,5945.91,28.33,TRADE
NSW1,3/01/2015 5:30,5993.53,21.85,TRADE
NSW1,3/01/2015 6:00,6159.59,24.94,TRADE
NSW1,3/01/2015 6:30,6388.73,27.83,TRADE
NSW1,3/01/2015 7:00,6705.12,28.03,TRADE
NSW1,3/01/2015 7:30,7083.51,29.92,TRADE
NSW1,3/01/2015 8:00,7423.65,32.13,TRADE
NSW1,3/01/2015 8:30,7810.21,35.96,TRADE
NSW1,3/01/2015 9:00,8005.55,44.49,TRADE
NSW1,3/01/2015 9:30,8174.89,44.58,TRADE
NSW1,3/01/2015 10:00,8274.93,42.98,TRADE
NSW1,3/01/2015 10:30,8468.37,47.86,TRADE
NSW1,3/01/2015 11:00,8651.19,46.83,TRADE
NSW1,3/01/2015 11:30,8775.72,41.96,TRADE
NSW1,3/01/2015 12:00,8907.11,41.84,TRADE
NSW1,3/01/2015 12:30,9004.92,38.56,TRADE
NSW1,3/01/2015 13:00,9166.45,41.05,TRADE
NSW1,3/01/2015 13:30,9245.85,41.96,TRADE
NSW1,3/01/2015 14:00,9313.02,42.43,TRADE
NSW1,3/01/2015 14:30,9438.61,43.83,TRADE
NSW1,3/01/2015 15:00,9565.05,44.65,TRADE
NSW1,3/01/2015 15:30,9684.68,46.17,TRADE
NSW1,3/01/2015 16:00,9776.91,48.61,TRADE
NSW1,3/01/2015 16:30,9726.92,42.82,TRADE
NSW1,3/01/2015 17:00,9793.2,87.17,TRADE
NSW1,3/01/2015 17:30,9677.17,38.99,TRADE
NSW1,3/01/2015 18:00,9624.86,38.45,TRADE
NSW1,3/01/2015 18:30,9419.48,34.24,TRADE
NSW1,3/01/2015 19:00,9165.93,41.9,TRADE
NSW1,3/01/2015 19:30,8937.24,41.96,TRADE
NSW1,3/01/2015 20:00,8937.53,44.45,TRADE
NSW1,3/01/2015 20:30,8794.29,49.68,TRADE
NSW1,3/01/2015 21:00,8500.13,42.51,TRADE
NSW1,3/01/2015 21:30,8357.49,38.92,TRADE
NSW1,3/01/2015 22:00,8130.8,33.89,TRADE
NSW1,3/01/2015 22:30,7915.78,34.7,TRADE
NSW1,3/01/2015 23:00,7613.03,29.71,TRADE
NSW1,3/01/2015 23:30,7306.6,29.15,TRADE
NSW1,4/01/2015 0:00,7088.0,27.41,TRADE
NSW1,4/01/2015 0:30,6824.96,28.89,TRADE
NSW1,4/01/2015 1:00,6601.17,27.75,TRADE
NSW1,4/01/2015 1:30,6295.69,24.61,TRADE
NSW1,4/01/2015 2:00,6104.46,25.6,TRADE
NSW1,4/01/2015 2:30,5985.68,22.67,TRADE
NSW1,4/01/2015 3:00,5934.04,22.38,TRADE
NSW1,4/01/2015 3:30,5882.88,20.32,TRADE
NSW1,4/01/2015 4:00,5857.85,20.14,TRADE
NSW1,4/01/2015 4:30,5872.42,21.52,TRADE
NSW1,4/01/2015 5:00,5851.28,18.96,TRADE
NSW1,4/01/2015 5:30,5885.85,18.96,TRADE
NSW1,4/01/2015 6:00,6005.61,18.96,TRADE
NSW1,4/01/2015 6:30,6278.26,19.6,TRADE
NSW1,4/01/2015 7:00,6544.54,23.52,TRADE
NSW1,4/01/2015 7:30,6853.5,26.07,TRADE
NSW1,4/01/2015 8:00,7094.17,26.1,TRADE
NSW1,4/01/2015 8:30,7439.69,28.05,TRADE
NSW1,4/01/2015 9:00,7765.0,30.15,TRADE
NSW1,4/01/2015 9:30,8039.13,30.44,TRADE
NSW1,4/01/2015 10:00,8291.87,32.64,TRADE
NSW1,4/01/2015 10:30,8532.12,32.74,TRADE
NSW1,4/01/2015 11:00,8798.72,34.04,TRADE
NSW1,4/01/2015 11:30,8972.46,35.13,TRADE
NSW1,4/01/2015 12:00,9173.52,39.11,TRADE
NSW1,4/01/2015 12:30,9404.24,39.56,TRADE
NSW1,4/01/2015 13:00,9500.23,41.87,TRADE
NSW1,4/01/2015 13:30,9592.57,84.78,TRADE
NSW1,4/01/2015 14:00,9591.05,80.29,TRADE
NSW1,4/01/2015 14:30,9588.73,38.82,TRADE
NSW1,4/01/2015 15:00,9690.85,42.85,TRADE
NSW1,4/01/2015 15:30,9653.68,45.05,TRADE
NSW1,4/01/2015 16:00,9646.3,47.97,TRADE
NSW1,4/01/2015 16:30,9461.21,49.9,TRADE
NSW1,4/01/2015 17:00,9376.67,49.91,TRADE
NSW1,4/01/2015 17:30,9230.13,42.71,TRADE
NSW1,4/01/2015 18:00,9089.92,40.76,TRADE
NSW1,4/01/2015 18:30,8955.51,42.99,TRADE
NSW1,4/01/2015 19:00,8763.35,43.83,TRADE
NSW1,4/01/2015 19:30,8578.79,37.0,TRADE
NSW1,4/01/2015 20:00,8408.6,36.07,TRADE
NSW1,4/01/2015 20:30,8213.51,35.57,TRADE
NSW1,4/01/2015 21:00,7885.08,31.89,TRADE
NSW1,4/01/2015 21:30,7693.58,32.2,TRADE
NSW1,4/01/2015 22:00,7496.18,29.13,TRADE
NSW1,4/01/2015 22:30,7339.71,32.41,TRADE
NSW1,4/01/2015 23:00,7047.21,28.03,TRADE
NSW1,4/01/2015 23:30,6835.27,28.57,TRADE
NSW1,5/01/2015 0:00,6680.09,28.49,TRADE
NSW1,5/01/2015 0:30,6519.69,28.99,TRADE
NSW1,5/01/2015 1:00,6316.52,30.16,TRADE
NSW1,5/01/2015 1:30,6051.32,23.31,TRADE
NSW1,5/01/2015 2:00,5903.09,22.77,TRADE
NSW1,5/01/2015 2:30,5814.48,23.68,TRADE
NSW1,5/01/2015 3:00,5764.9,22.76,TRADE
NSW1,5/01/2015 3:30,5803.09,25.01,TRADE
NSW1,5/01/2015 4:00,5865.89,25.98,TRADE
NSW1,5/01/2015 4:30,6073.7,26.5,TRADE
NSW1,5/01/2015 5:00,6240.27,25.72,TRADE
NSW1,5/01/2015 5:30,6575.15,25.77,TRADE
NSW1,5/01/2015 6:00,6926.1,27.11,TRADE
NSW1,5/01/2015 6:30,7352.64,28.08,TRADE
NSW1,5/01/2015 7:00,7728.89,29.37,TRADE
NSW1,5/01/2015 7:30,8056.67,31.89,TRADE
NSW1,5/01/2015 8:00,8369.48,36.31,TRADE
NSW1,5/01/2015 8:30,8597.74,40.16,TRADE
NSW1,5/01/2015 9:00,8682.53,36.07,TRADE
NSW1,5/01/2015 9:30,8747.46,36.07,TRADE
NSW1,5/01/2015 10:00,8784.03,37.94,TRADE
NSW1,5/01/2015 10:30,8807.35,38.38,TRADE
NSW1,5/01/2015 11:00,8893.58,41.36,TRADE
NSW1,5/01/2015 11:30,8932.3,41.96,TRADE
NSW1,5/01/2015 12:00,8917.55,41.2,TRADE
NSW1,5/01/2015 12:30,8916.67,41.96,TRADE
NSW1,5/01/2015 13:00,8921.32,41.96,TRADE
NSW1,5/01/2015 13:30,8939.81,41.77,TRADE
NSW1,5/01/2015 14:00,8967.6,41.51,TRADE
NSW1,5/01/2015 14:30,9033.41,42.33,TRADE
NSW1,5/01/2015 15:00,9125.23,44.57,TRADE
NSW1,5/01/2015 15:30,9194.68,42.37,TRADE
NSW1,5/01/2015 16:00,9246.73,49.48,TRADE
NSW1,5/01/2015 16:30,9228.33,53.35,TRADE
NSW1,5/01/2015 17:00,9221.07,49.45,TRADE
NSW1,5/01/2015 17:30,9012.7,43.45,TRADE
NSW1,5/01/2015 18:00,8899.34,37.68,TRADE
NSW1,5/01/2015 18:30,8644.14,33.42,TRADE
NSW1,5/01/2015 19:00,8488.08,32.81,TRADE
NSW1,5/01/2015 19:30,8517.12,34.75,TRADE
NSW1,5/01/2015 20:00,8540.34,34.85,TRADE
NSW1,5/01/2015 20:30,8340.37,33.01,TRADE
NSW1,5/01/2015 21:00,8119.25,31.02,TRADE
NSW1,5/01/2015 21:30,8073.51,28.65,TRADE
NSW1,5/01/2015 22:00,7842.84,26.53,TRADE
NSW1,5/01/2015 22:30,7729.15,28.09,TRADE
NSW1,5/01/2015 23:00,7567.66,28.12,TRADE
NSW1,5/01/2015 23:30,7354.4,28.68,TRADE
NSW1,6/01/2015 0:00,7169.31,26.5,TRADE
NSW1,6/01/2015 0:30,6947.73,25.16,TRADE
NSW1,6/01/2015 1:00,6708.97,26.07,TRADE
NSW1,6/01/2015 1:30,6410.24,22.89,TRADE
NSW1,6/01/2015 2:00,6215.53,21.27,TRADE
NSW1,6/01/2015 2:30,6054.67,21.25,TRADE
NSW1,6/01/2015 3:00,6005.74,20.31,TRADE
NSW1,6/01/2015 3:30,6008.75,19.63,TRADE
NSW1,6/01/2015 4:00,6062.54,20.01,TRADE
NSW1,6/01/2015 4:30,6235.22,24.58,TRADE
NSW1,6/01/2015 5:00,6406.22,23.98,TRADE
NSW1,6/01/2015 5:30,6723.42,24.75,TRADE
NSW1,6/01/2015 6:00,7123.23,26.7,TRADE
NSW1,6/01/2015 6:30,7519.16,29.64,TRADE
NSW1,6/01/2015 7:00,7900.92,33.09,TRADE
NSW1,6/01/2015 7:30,8245.85,35.35,TRADE
NSW1,6/01/2015 8:00,8498.59,36.48,TRADE
NSW1,6/01/2015 8:30,8774.78,36.7,TRADE
NSW1,6/01/2015 9:00,8867.51,42.85,TRADE
NSW1,6/01/2015 9:30,9022.74,41.62,TRADE
NSW1,6/01/2015 10:00,9061.66,43.34,TRADE
NSW1,6/01/2015 10:30,9124.16,49.94,TRADE
NSW1,6/01/2015 11:00,9184.65,54.03,TRADE
NSW1,6/01/2015 11:30,9245.78,58.12,TRADE
NSW1,6/01/2015 12:00,9305.44,54.54,TRADE
NSW1,6/01/2015 12:30,9479.65,49.4,TRADE
NSW1,6/01/2015 13:00,9560.88,57.33,TRADE
NSW1,6/01/2015 13:30,9649.06,55.48,TRADE
NSW1,6/01/2015 14:00,9744.08,65.51,TRADE
NSW1,6/01/2015 14:30,9763.15,51.47,TRADE
NSW1,6/01/2015 15:00,9886.83,76.94,TRADE
NSW1,6/01/2015 15:30,9925.2,50.1,TRADE
NSW1,6/01/2015 16:00,10010.99,64.88,TRADE
NSW1,6/01/2015 16:30,10029.46,95.34,TRADE
NSW1,6/01/2015 17:00,9987.85,54.05,TRADE
NSW1,6/01/2015 17:30,9709.02,46.33,TRADE
NSW1,6/01/2015 18:00,9521.63,42.22,TRADE
NSW1,6/01/2015 18:30,9222.77,40.55,TRADE
NSW1,6/01/2015 19:00,9028.27,45.75,TRADE
NSW1,6/01/2015 19:30,8955.32,44.23,TRADE
NSW1,6/01/2015 20:00,9011.82,46.69,TRADE
NSW1,6/01/2015 20:30,8844.17,43.23,TRADE
NSW1,6/01/2015 21:00,8593.94,38.96,TRADE
NSW1,6/01/2015 21:30,8476.89,34.24,TRADE
NSW1,6/01/2015 22:00,8172.71,33.71,TRADE
NSW1,6/01/2015 22:30,8026.48,34.79,TRADE
NSW1,6/01/2015 23:00,7844.62,36.09,TRADE
NSW1,6/01/2015 23:30,7568.82,35.98,TRADE
NSW1,7/01/2015 0:00,7425.02,38.83,TRADE
NSW1,7/01/2015 0:30,7243.22,38.4,TRADE
NSW1,7/01/2015 1:00,6985.26,36.43,TRADE
NSW1,7/01/2015 1:30,6684.28,33.86,TRADE
NSW1,7/01/2015 2:00,6449.1,34.25,TRADE
NSW1,7/01/2015 2:30,6310.74,31.73,TRADE
NSW1,7/01/2015 3:00,6226.94,29.25,TRADE
NSW1,7/01/2015 3:30,6187.54,29.57,TRADE
NSW1,7/01/2015 4:00,6264.59,30.36,TRADE
NSW1,7/01/2015 4:30,6485.86,41.79,TRADE
NSW1,7/01/2015 5:00,6599.21,35.14,TRADE
NSW1,7/01/2015 5:30,6920.22,38.89,TRADE
NSW1,7/01/2015 6:00,7249.5,41.29,TRADE
NSW1,7/01/2015 6:30,7694.4,43.9,TRADE
NSW1,7/01/2015 7:00,8099.25,40.3,TRADE
NSW1,7/01/2015 7:30,8547.71,48.31,TRADE
NSW1,7/01/2015 8:00,8791.19,55.11,TRADE
NSW1,7/01/2015 8:30,9077.35,90.14,TRADE
NSW1,7/01/2015 9:00,9248.62,74.86,TRADE
NSW1,7/01/2015 9:30,9376.01,62.37,TRADE
NSW1,7/01/2015 10:00,9521.78,64.17,TRADE
NSW1,7/01/2015 10:30,9602.04,79.33,TRADE
NSW1,7/01/2015 11:00,9701.33,73.15,TRADE
NSW1,7/01/2015 11:30,9750.35,51.81,TRADE
NSW1,7/01/2015 12:00,9834.58,78.45,TRADE
NSW1,7/01/2015 12:30,9941.7,84.79,TRADE
NSW1,7/01/2015 13:00,10082.78,139.83,TRADE
NSW1,7/01/2015 13:30,10184.57,147.61,TRADE
NSW1,7/01/2015 14:00,10251.71,178.23,TRADE
NSW1,7/01/2015 14:30,10276.49,53.92,TRADE
NSW1,7/01/2015 15:00,10281.65,91.62,TRADE
NSW1,7/01/2015 15:30,10351.72,259.99,TRADE
NSW1,7/01/2015 16:00,10310.1,170.87,TRADE
NSW1,7/01/2015 16:30,10281.71,53.53,TRADE
NSW1,7/01/2015 17:00,10201.5,74.84,TRADE
NSW1,7/01/2015 17:30,9860.21,62.92,TRADE
NSW1,7/01/2015 18:00,9725.97,70.7,TRADE
NSW1,7/01/2015 18:30,9425.62,49.26,TRADE
NSW1,7/01/2015 19:00,9134.66,55.51,TRADE
NSW1,7/01/2015 19:30,8984.17,55.4,TRADE
NSW1,7/01/2015 20:00,8951.62,47.18,TRADE
NSW1,7/01/2015 20:30,8786.99,44.34,TRADE
NSW1,7/01/2015 21:00,8534.01,48.12,TRADE
NSW1,7/01/2015 21:30,8439.53,41.45,TRADE
NSW1,7/01/2015 22:00,8137.27,37.15,TRADE
NSW1,7/01/2015 22:30,7933.44,49.52,TRADE
NSW1,7/01/2015 23:00,7777.16,44.66,TRADE
NSW1,7/01/2015 23:30,7569.8,42.69,TRADE
NSW1,8/01/2015 0:00,7365.62,45.24,TRADE
NSW1,8/01/2015 0:30,7143.54,45.13,TRADE
NSW1,8/01/2015 1:00,6869.08,47.25,TRADE
NSW1,8/01/2015 1:30,6584.97,35.1,TRADE
NSW1,8/01/2015 2:00,6359.68,34.4,TRADE
NSW1,8/01/2015 2:30,6184.65,27.38,TRADE
NSW1,8/01/2015 3:00,6089.77,27.96,TRADE
NSW1,8/01/2015 3:30,6101.37,27.96,TRADE
NSW1,8/01/2015 4:00,6151.47,27.96,TRADE
NSW1,8/01/2015 4:30,6330.05,32.36,TRADE
NSW1,8/01/2015 5:00,6429.62,28.05,TRADE
NSW1,8/01/2015 5:30,6824.07,32.67,TRADE
NSW1,8/01/2015 6:00,7169.94,33.69,TRADE
NSW1,8/01/2015 6:30,7592.07,43.47,TRADE
NSW1,8/01/2015 7:00,8007.24,45.53,TRADE
NSW1,8/01/2015 7:30,8329.59,46.73,TRADE
NSW1,8/01/2015 8:00,8608.58,53.28,TRADE
NSW1,8/01/2015 8:30,8849.84,58.27,TRADE
NSW1,8/01/2015 9:00,9008.18,58.27,TRADE
NSW1,8/01/2015 9:30,9126.66,56.25,TRADE
NSW1,8/01/2015 10:00,9274.02,64.34,TRADE
NSW1,8/01/2015 10:30,9357.04,79.88,TRADE
NSW1,8/01/2015 11:00,9459.0,77.04,TRADE
NSW1,8/01/2015 11:30,9540.38,67.37,TRADE
NSW1,8/01/2015 12:00,9615.6,66.93,TRADE
NSW1,8/01/2015 12:30,9827.25,73.41,TRADE
NSW1,8/01/2015 13:00,9920.54,71.12,TRADE
NSW1,8/01/2015 13:30,10103.19,69.13,TRADE
NSW1,8/01/2015 14:00,10230.01,72.65,TRADE
NSW1,8/01/2015 14:30,10347.23,104.55,TRADE
NSW1,8/01/2015 15:00,10450.79,74.82,TRADE
NSW1,8/01/2015 15:30,10559.85,78.72,TRADE
NSW1,8/01/2015 16:00,10628.78,62.79,TRADE
NSW1,8/01/2015 16:30,10585.69,55.28,TRADE
NSW1,8/01/2015 17:00,10547.79,55.42,TRADE
NSW1,8/01/2015 17:30,10288.0,51.62,TRADE
NSW1,8/01/2015 18:00,10109.89,46.48,TRADE
NSW1,8/01/2015 18:30,9730.8,46.38,TRADE
NSW1,8/01/2015 19:00,9467.2,44.8,TRADE
NSW1,8/01/2015 19:30,9346.68,44.91,TRADE
NSW1,8/01/2015 20:00,9321.78,54.25,TRADE
NSW1,8/01/2015 20:30,9107.92,53.83,TRADE
NSW1,8/01/2015 21:00,8834.14,41.64,TRADE
NSW1,8/01/2015 21:30,8701.8,36.17,TRADE
NSW1,8/01/2015 22:00,8422.25,33.4,TRADE
NSW1,8/01/2015 22:30,8285.33,45.13,TRADE
NSW1,8/01/2015 23:00,8028.58,27.8,TRADE
NSW1,8/01/2015 23:30,7718.26,33.36,TRADE
NSW1,9/01/2015 0:00,7572.07,33.45,TRADE
NSW1,9/01/2015 0:30,7351.06,38.1,TRADE
NSW1,9/01/2015 1:00,7082.22,37.68,TRADE
NSW1,9/01/2015 1:30,6719.64,30.13,TRADE
NSW1,9/01/2015 2:00,6469.12,28.73,TRADE
NSW1,9/01/2015 2:30,6317.34,29.68,TRADE
NSW1,9/01/2015 3:00,6250.75,30.68,TRADE
NSW1,9/01/2015 3:30,6273.6,30.31,TRADE
NSW1,9/01/2015 4:00,6306.82,30.04,TRADE
NSW1,9/01/2015 4:30,6487.77,31.68,TRADE
NSW1,9/01/2015 5:00,6658.1,29.67,TRADE
NSW1,9/01/2015 5:30,6958.01,31.99,TRADE
NSW1,9/01/2015 6:00,7334.08,33.91,TRADE
NSW1,9/01/2015 6:30,7837.18,37.62,TRADE
NSW1,9/01/2015 7:00,8278.68,40.92,TRADE
NSW1,9/01/2015 7:30,8615.23,36.23,TRADE
NSW1,9/01/2015 8:00,8959.72,43.17,TRADE
NSW1,9/01/2015 8:30,9294.68,45.58,TRADE
NSW1,9/01/2015 9:00,9543.48,53.96,TRADE
NSW1,9/01/2015 9:30,9745.73,44.97,TRADE
NSW1,9/01/2015 10:00,9920.26,45.64,TRADE
NSW1,9/01/2015 10:30,9996.64,53.15,TRADE
NSW1,9/01/2015 11:00,10242.98,64.84,TRADE
NSW1,9/01/2015 11:30,10439.37,65.36,TRADE
NSW1,9/01/2015 12:00,10557.88,54.58,TRADE
NSW1,9/01/2015 12:30,10679.88,55.6,TRADE
NSW1,9/01/2015 13:00,10831.21,60.78,TRADE
NSW1,9/01/2015 13:30,10953.25,59.22,TRADE
NSW1,9/01/2015 14:00,11002.24,54.7,TRADE
NSW1,9/01/2015 14:30,11059.48,55.32,TRADE
NSW1,9/01/2015 15:00,11096.85,57.17,TRADE
NSW1,9/01/2015 15:30,10799.94,44.53,TRADE
NSW1,9/01/2015 16:00,10498.14,42.01,TRADE
NSW1,9/01/2015 16:30,10247.83,40.29,TRADE
NSW1,9/01/2015 17:00,9938.87,40.96,TRADE
NSW1,9/01/2015 17:30,9614.8,31.74,TRADE
NSW1,9/01/2015 18:00,9467.43,33.58,TRADE
NSW1,9/01/2015 18:30,9237.71,32.25,TRADE
NSW1,9/01/2015 19:00,9078.97,32.58,TRADE
NSW1,9/01/2015 19:30,9116.12,33.24,TRADE
NSW1,9/01/2015 20:00,9012.39,32.82,TRADE
NSW1,9/01/2015 20:30,8872.9,32.81,TRADE
NSW1,9/01/2015 21:00,8553.42,28.82,TRADE
NSW1,9/01/2015 21:30,8498.52,30.05,TRADE
NSW1,9/01/2015 22:00,8294.35,28.71,TRADE
NSW1,9/01/2015 22:30,8249.1,33.57,TRADE
NSW1,9/01/2015 23:00,7999.7,21.91,TRADE
NSW1,9/01/2015 23:30,7745.16,30.42,TRADE
NSW1,10/01/2015 0:00,7541.11,31.23,TRADE
NSW1,10/01/2015 0:30,7263.0,32.72,TRADE
NSW1,10/01/2015 1:00,6975.55,31.69,TRADE
NSW1,10/01/2015 1:30,6677.46,27.48,TRADE
NSW1,10/01/2015 2:00,6452.79,26.78,TRADE
NSW1,10/01/2015 2:30,6295.13,24.29,TRADE
NSW1,10/01/2015 3:00,6172.64,23.95,TRADE
NSW1,10/01/2015 3:30,6164.1,25.87,TRADE
NSW1,10/01/2015 4:00,6170.51,23.82,TRADE
NSW1,10/01/2015 4:30,6188.16,25.89,TRADE
NSW1,10/01/2015 5:00,6286.67,24.15,TRADE
NSW1,10/01/2015 5:30,6355.68,19.59,TRADE
NSW1,10/01/2015 6:00,6507.28,18.84,TRADE
NSW1,10/01/2015 6:30,6781.24,20.4,TRADE
NSW1,10/01/2015 7:00,7065.68,24.58,TRADE
NSW1,10/01/2015 7:30,7433.16,27.03,TRADE
NSW1,10/01/2015 8:00,7694.34,27.98,TRADE
NSW1,10/01/2015 8:30,8020.28,30.05,TRADE
NSW1,10/01/2015 9:00,8191.9,32.07,TRADE
NSW1,10/01/2015 9:30,8316.74,31.59,TRADE
NSW1,10/01/2015 10:00,8414.85,32.34,TRADE
NSW1,10/01/2015 10:30,8536.05,30.83,TRADE
NSW1,10/01/2015 11:00,8671.37,30.03,TRADE
NSW1,10/01/2015 11:30,8775.4,29.31,TRADE
NSW1,10/01/2015 12:00,8774.25,28.18,TRADE
NSW1,10/01/2015 12:30,8837.92,31.91,TRADE
NSW1,10/01/2015 13:00,8865.33,32.44,TRADE
NSW1,10/01/2015 13:30,8935.32,32.47,TRADE
NSW1,10/01/2015 14:00,8936.26,32.2,TRADE
NSW1,10/01/2015 14:30,8929.57,32.02,TRADE
NSW1,10/01/2015 15:00,8949.26,32.27,TRADE
NSW1,10/01/2015 15:30,8891.95,30.29,TRADE
NSW1,10/01/2015 16:00,8905.56,31.99,TRADE
NSW1,10/01/2015 16:30,8851.23,28.9,TRADE
NSW1,10/01/2015 17:00,8952.69,33.14,TRADE
NSW1,10/01/2015 17:30,8877.51,32.72,TRADE
NSW1,10/01/2015 18:00,8747.55,31.67,TRADE
NSW1,10/01/2015 18:30,8500.21,28.75,TRADE
NSW1,10/01/2015 19:00,8313.67,28.11,TRADE
NSW1,10/01/2015 19:30,8240.0,28.12,TRADE
NSW1,10/01/2015 20:00,8196.13,30.25,TRADE
NSW1,10/01/2015 20:30,8056.91,28.02,TRADE
NSW1,10/01/2015 21:00,7842.17,27.88,TRADE
NSW1,10/01/2015 21:30,7724.4,26.17,TRADE
NSW1,10/01/2015 22:00,7530.25,25.39,TRADE
NSW1,10/01/2015 22:30,7435.64,27.09,TRADE
NSW1,10/01/2015 23:00,7279.06,22.07,TRADE
NSW1,10/01/2015 23:30,7008.66,24.54,TRADE
NSW1,11/01/2015 0:00,6821.88,23.06,TRADE
NSW1,11/01/2015 0:30,6632.49,29.6,TRADE
NSW1,11/01/2015 1:00,6480.87,29.94,TRADE
NSW1,11/01/2015 1:30,6197.69,27.25,TRADE
NSW1,11/01/2015 2:00,6044.22,24.38,TRADE
NSW1,11/01/2015 2:30,5899.47,21.94,TRADE
NSW1,11/01/2015 3:00,5859.74,23.1,TRADE
NSW1,11/01/2015 3:30,5785.63,21.57,TRADE
NSW1,11/01/2015 4:00,5738.03,19.09,TRADE
NSW1,11/01/2015 4:30,5809.87,22.04,TRADE
NSW1,11/01/2015 5:00,5818.38,19.4,TRADE
NSW1,11/01/2015 5:30,5964.18,19.4,TRADE
NSW1,11/01/2015 6:00,6006.08,18.96,TRADE
NSW1,11/01/2015 6:30,6264.1,21.98,TRADE
NSW1,11/01/2015 7:00,6540.13,25.57,TRADE
NSW1,11/01/2015 7:30,6792.29,26.97,TRADE
NSW1,11/01/2015 8:00,7037.14,27.96,TRADE
NSW1,11/01/2015 8:30,7277.47,28.06,TRADE
NSW1,11/01/2015 9:00,7525.17,31.08,TRADE
NSW1,11/01/2015 9:30,7665.07,30.68,TRADE
NSW1,11/01/2015 10:00,7669.94,22.46,TRADE
NSW1,11/01/2015 10:30,7660.41,27.89,TRADE
NSW1,11/01/2015 11:00,7613.59,28.05,TRADE
NSW1,11/01/2015 11:30,7598.86,28.77,TRADE
NSW1,11/01/2015 12:00,7576.82,28.51,TRADE
NSW1,11/01/2015 12:30,7500.3,28.6,TRADE
NSW1,11/01/2015 13:00,7488.62,28.45,TRADE
NSW1,11/01/2015 13:30,7366.96,29.73,TRADE
NSW1,11/01/2015 14:00,7378.62,28.67,TRADE
NSW1,11/01/2015 14:30,7426.58,28.4,TRADE
NSW1,11/01/2015 15:00,7432.11,28.99,TRADE
NSW1,11/01/2015 15:30,7464.93,29.95,TRADE
NSW1,11/01/2015 16:00,7466.65,28.66,TRADE
NSW1,11/01/2015 16:30,7462.21,28.1,TRADE
NSW1,11/01/2015 17:00,7529.61,28.13,TRADE
NSW1,11/01/2015 17:30,7549.37,28.62,TRADE
NSW1,11/01/2015 18:00,7558.59,28.16,TRADE
NSW1,11/01/2015 18:30,7417.14,29.64,TRADE
NSW1,11/01/2015 19:00,7348.58,28.39,TRADE
NSW1,11/01/2015 19:30,7370.79,29.23,TRADE
NSW1,11/01/2015 20:00,7365.01,28.23,TRADE
NSW1,11/01/2015 20:30,7289.91,30.86,TRADE
NSW1,11/01/2015 21:00,7140.54,29.29,TRADE
NSW1,11/01/2015 21:30,7094.76,28.07,TRADE
NSW1,11/01/2015 22:00,6945.17,27.35,TRADE
NSW1,11/01/2015 22:30,6892.19,26.88,TRADE
NSW1,11/01/2015 23:00,6718.23,26.81,TRADE
NSW1,11/01/2015 23:30,6523.5,26.74,TRADE
NSW1,12/01/2015 0:00,6449.66,27.4,TRADE
NSW1,12/01/2015 0:30,6331.14,27.15,TRADE
NSW1,12/01/2015 1:00,6164.86,24.63,TRADE
NSW1,12/01/2015 1:30,5924.1,23.4,TRADE
NSW1,12/01/2015 2:00,5757.31,21.53,TRADE
NSW1,12/01/2015 2:30,5693.91,18.96,TRADE
NSW1,12/01/2015 3:00,5654.33,18.96,TRADE
NSW1,12/01/2015 3:30,5674.15,18.96,TRADE
NSW1,12/01/2015 4:00,5758.04,22.0,TRADE
NSW1,12/01/2015 4:30,5951.89,27.49,TRADE
NSW1,12/01/2015 5:00,6197.67,27.97,TRADE
NSW1,12/01/2015 5:30,6621.13,29.5,TRADE
NSW1,12/01/2015 6:00,7018.29,28.37,TRADE
NSW1,12/01/2015 6:30,7474.5,30.48,TRADE
NSW1,12/01/2015 7:00,7870.75,36.35,TRADE
NSW1,12/01/2015 7:30,8176.47,36.93,TRADE
NSW1,12/01/2015 8:00,8493.37,40.93,TRADE
NSW1,12/01/2015 8:30,8559.77,34.33,TRADE
NSW1,12/01/2015 9:00,8617.87,36.11,TRADE
NSW1,12/01/2015 9:30,8704.76,37.87,TRADE
NSW1,12/01/2015 10:00,8789.77,36.5,TRADE
NSW1,12/01/2015 10:30,8769.61,35.71,TRADE
NSW1,12/01/2015 11:00,8684.02,36.72,TRADE
NSW1,12/01/2015 11:30,8691.45,39.25,TRADE
NSW1,12/01/2015 12:00,8683.26,38.18,TRADE
NSW1,12/01/2015 12:30,8672.26,37.34,TRADE
NSW1,12/01/2015 13:00,8622.73,37.38,TRADE
NSW1,12/01/2015 13:30,8589.36,36.15,TRADE
NSW1,12/01/2015 14:00,8611.96,39.82,TRADE
NSW1,12/01/2015 14:30,8589.73,42.04,TRADE
NSW1,12/01/2015 15:00,8601.49,42.69,TRADE
NSW1,12/01/2015 15:30,8599.6,40.94,TRADE
NSW1,12/01/2015 16:00,8617.01,41.45,TRADE
NSW1,12/01/2015 16:30,8647.51,43.66,TRADE
NSW1,12/01/2015 17:00,8661.39,44.62,TRADE
NSW1,12/01/2015 17:30,8526.17,39.6,TRADE
NSW1,12/01/2015 18:00,8482.89,39.2,TRADE
NSW1,12/01/2015 18:30,8287.85,36.39,TRADE
NSW1,12/01/2015 19:00,8244.24,39.27,TRADE
NSW1,12/01/2015 19:30,8188.76,35.73,TRADE
NSW1,12/01/2015 20:00,8215.4,38.96,TRADE
NSW1,12/01/2015 20:30,8109.57,36.56,TRADE
NSW1,12/01/2015 21:00,7874.37,33.54,TRADE
NSW1,12/01/2015 21:30,7827.81,33.26,TRADE
NSW1,12/01/2015 22:00,7608.24,29.53,TRADE
NSW1,12/01/2015 22:30,7553.31,32.38,TRADE
NSW1,12/01/2015 23:00,7494.12,32.14,TRADE
NSW1,12/01/2015 23:30,7321.06,33.22,TRADE
NSW1,13/01/2015 0:00,7213.94,32.14,TRADE
NSW1,13/01/2015 0:30,6982.62,30.71,TRADE
NSW1,13/01/2015 1:00,6800.29,33.77,TRADE
NSW1,13/01/2015 1:30,6414.62,27.67,TRADE
NSW1,13/01/2015 2:00,6178.73,27.81,TRADE
NSW1,13/01/2015 2:30,6018.21,26.31,TRADE
NSW1,13/01/2015 3:00,5976.47,27.84,TRADE
NSW1,13/01/2015 3:30,5957.39,27.63,TRADE
NSW1,13/01/2015 4:00,6069.25,30.47,TRADE
NSW1,13/01/2015 4:30,6232.69,31.08,TRADE
NSW1,13/01/2015 5:00,6434.83,28.8,TRADE
NSW1,13/01/2015 5:30,6833.41,35.14,TRADE
NSW1,13/01/2015 6:00,7224.51,31.08,TRADE
NSW1,13/01/2015 6:30,7622.49,34.67,TRADE
NSW1,13/01/2015 7:00,8030.74,38.36,TRADE
NSW1,13/01/2015 7:30,8283.0,34.35,TRADE
NSW1,13/01/2015 8:00,8508.88,35.23,TRADE
NSW1,13/01/2015 8:30,8755.04,37.61,TRADE
NSW1,13/01/2015 9:00,8845.08,37.29,TRADE
NSW1,13/01/2015 9:30,8947.08,36.97,TRADE
NSW1,13/01/2015 10:00,8977.26,35.89,TRADE
NSW1,13/01/2015 10:30,9058.89,35.29,TRADE
NSW1,13/01/2015 11:00,9068.4,38.2,TRADE
NSW1,13/01/2015 11:30,9079.29,35.82,TRADE
NSW1,13/01/2015 12:00,9137.09,39.18,TRADE
NSW1,13/01/2015 12:30,9147.23,36.04,TRADE
NSW1,13/01/2015 13:00,9261.42,35.97,TRADE
NSW1,13/01/2015 13:30,9333.8,37.29,TRADE
NSW1,13/01/2015 14:00,9411.6,36.19,TRADE
NSW1,13/01/2015 14:30,9453.78,37.25,TRADE
NSW1,13/01/2015 15:00,9602.31,36.42,TRADE
NSW1,13/01/2015 15:30,9631.97,37.68,TRADE
NSW1,13/01/2015 16:00,9648.03,38.27,TRADE
NSW1,13/01/2015 16:30,9572.29,35.61,TRADE
NSW1,13/01/2015 17:00,9458.15,35.46,TRADE
NSW1,13/01/2015 17:30,9271.61,33.46,TRADE
NSW1,13/01/2015 18:00,9137.82,32.38,TRADE
NSW1,13/01/2015 18:30,8959.14,32.52,TRADE
NSW1,13/01/2015 19:00,8852.82,32.34,TRADE
NSW1,13/01/2015 19:30,8827.68,32.58,TRADE
NSW1,13/01/2015 20:00,8813.36,32.5,TRADE
NSW1,13/01/2015 20:30,8644.61,31.98,TRADE
NSW1,13/01/2015 21:00,8366.12,30.42,TRADE
NSW1,13/01/2015 21:30,8331.13,30.42,TRADE
NSW1,13/01/2015 22:00,8063.49,27.99,TRADE
NSW1,13/01/2015 22:30,7953.37,27.97,TRADE
NSW1,13/01/2015 23:00,7759.34,27.86,TRADE
NSW1,13/01/2015 23:30,7529.64,28.78,TRADE
NSW1,14/01/2015 0:00,7389.71,29.09,TRADE
NSW1,14/01/2015 0:30,7140.69,28.14,TRADE
NSW1,14/01/2015 1:00,6909.3,28.57,TRADE
NSW1,14/01/2015 1:30,6514.84,25.23,TRADE
NSW1,14/01/2015 2:00,6273.61,21.04,TRADE
NSW1,14/01/2015 2:30,6179.18,20.99,TRADE
NSW1,14/01/2015 3:00,6072.62,21.72,TRADE
NSW1,14/01/2015 3:30,6060.16,20.75,TRADE
NSW1,14/01/2015 4:00,6163.03,24.59,TRADE
NSW1,14/01/2015 4:30,6367.88,24.64,TRADE
NSW1,14/01/2015 5:00,6542.24,24.41,TRADE
NSW1,14/01/2015 5:30,6953.68,26.1,TRADE
NSW1,14/01/2015 6:00,7341.92,27.43,TRADE
NSW1,14/01/2015 6:30,7867.85,31.04,TRADE
NSW1,14/01/2015 7:00,8382.99,39.03,TRADE
NSW1,14/01/2015 7:30,8787.29,35.93,TRADE
NSW1,14/01/2015 8:00,9068.4,40.71,TRADE
NSW1,14/01/2015 8:30,9370.24,41.1,TRADE
NSW1,14/01/2015 9:00,9520.11,40.0,TRADE
NSW1,14/01/2015 9:30,9564.5,36.89,TRADE
NSW1,14/01/2015 10:00,9674.29,35.94,TRADE
NSW1,14/01/2015 10:30,9721.48,38.56,TRADE
NSW1,14/01/2015 11:00,9768.8,34.97,TRADE
NSW1,14/01/2015 11:30,9838.6,37.86,TRADE
NSW1,14/01/2015 12:00,9925.75,34.97,TRADE
NSW1,14/01/2015 12:30,10042.31,35.38,TRADE
NSW1,14/01/2015 13:00,10138.5,37.41,TRADE
NSW1,14/01/2015 13:30,10237.04,36.75,TRADE
NSW1,14/01/2015 14:00,10318.0,35.96,TRADE
NSW1,14/01/2015 14:30,10414.12,33.7,TRADE
NSW1,14/01/2015 15:00,10496.58,33.71,TRADE
NSW1,14/01/2015 15:30,10543.14,32.83,TRADE
NSW1,14/01/2015 16:00,10631.19,35.11,TRADE
NSW1,14/01/2015 16:30,10647.05,35.97,TRADE
NSW1,14/01/2015 17:00,10520.61,34.19,TRADE
NSW1,14/01/2015 17:30,10234.46,32.81,TRADE
NSW1,14/01/2015 18:00,10039.47,32.6,TRADE
NSW1,14/01/2015 18:30,9738.42,33.56,TRADE
NSW1,14/01/2015 19:00,9440.05,33.09,TRADE
NSW1,14/01/2015 19:30,9301.79,37.59,TRADE
NSW1,14/01/2015 20:00,9296.43,48.14,TRADE
NSW1,14/01/2015 20:30,9152.83,41.83,TRADE
NSW1,14/01/2015 21:00,8772.89,32.81,TRADE
NSW1,14/01/2015 21:30,8590.8,31.33,TRADE
NSW1,14/01/2015 22:00,8255.05,27.96,TRADE
NSW1,14/01/2015 22:30,8033.15,34.77,TRADE
NSW1,14/01/2015 23:00,7821.78,31.14,TRADE
NSW1,14/01/2015 23:30,7588.57,31.5,TRADE
NSW1,15/01/2015 0:00,7385.31,31.06,TRADE
NSW1,15/01/2015 0:30,7160.59,29.01,TRADE
NSW1,15/01/2015 1:00,6884.24,26.83,TRADE
NSW1,15/01/2015 1:30,6610.38,23.31,TRADE
NSW1,15/01/2015 2:00,6372.96,22.43,TRADE
NSW1,15/01/2015 2:30,6228.96,19.45,TRADE
NSW1,15/01/2015 3:00,6161.66,18.96,TRADE
NSW1,15/01/2015 3:30,6156.18,18.96,TRADE
NSW1,15/01/2015 4:00,6209.12,18.63,TRADE
NSW1,15/01/2015 4:30,6369.05,20.39,TRADE
NSW1,15/01/2015 5:00,6548.1,23.35,TRADE
NSW1,15/01/2015 5:30,6966.91,26.35,TRADE
NSW1,15/01/2015 6:00,7340.33,27.61,TRADE
NSW1,15/01/2015 6:30,7816.41,28.77,TRADE
NSW1,15/01/2015 7:00,8178.75,36.17,TRADE
NSW1,15/01/2015 7:30,8494.84,36.93,TRADE
NSW1,15/01/2015 8:00,8725.24,38.72,TRADE
NSW1,15/01/2015 8:30,8917.07,43.15,TRADE
NSW1,15/01/2015 9:00,9049.56,37.72,TRADE
NSW1,15/01/2015 9:30,9162.67,35.9,TRADE
NSW1,15/01/2015 10:00,9219.14,37.37,TRADE
NSW1,15/01/2015 10:30,9312.61,37.6,TRADE
NSW1,15/01/2015 11:00,9382.56,37.23,TRADE
NSW1,15/01/2015 11:30,9397.11,37.32,TRADE
NSW1,15/01/2015 12:00,9391.13,35.4,TRADE
NSW1,15/01/2015 12:30,9466.4,36.68,TRADE
NSW1,15/01/2015 13:00,9500.34,36.21,TRADE
NSW1,15/01/2015 13:30,9553.47,35.88,TRADE
NSW1,15/01/2015 14:00,9550.88,35.61,TRADE
NSW1,15/01/2015 14:30,9599.02,35.02,TRADE
NSW1,15/01/2015 15:00,9633.89,35.35,TRADE
NSW1,15/01/2015 15:30,9670.28,35.76,TRADE
NSW1,15/01/2015 16:00,9748.21,34.86,TRADE
NSW1,15/01/2015 16:30,9721.5,36.21,TRADE
NSW1,15/01/2015 17:00,9746.14,35.81,TRADE
NSW1,15/01/2015 17:30,9542.05,32.45,TRADE
NSW1,15/01/2015 18:00,9419.66,32.73,TRADE
NSW1,15/01/2015 18:30,9185.23,32.44,TRADE
NSW1,15/01/2015 19:00,8988.05,40.96,TRADE
NSW1,15/01/2015 19:30,8887.68,35.81,TRADE
NSW1,15/01/2015 20:00,8891.42,35.61,TRADE
NSW1,15/01/2015 20:30,8645.36,35.72,TRADE
NSW1,15/01/2015 21:00,8447.67,35.98,TRADE
NSW1,15/01/2015 21:30,8370.42,33.48,TRADE
NSW1,15/01/2015 22:00,8102.53,31.08,TRADE
NSW1,15/01/2015 22:30,7961.52,34.98,TRADE
NSW1,15/01/2015 23:00,7772.99,34.51,TRADE
NSW1,15/01/2015 23:30,7481.69,31.5,TRADE
NSW1,16/01/2015 0:00,7322.57,29.82,TRADE
NSW1,16/01/2015 0:30,7086.22,26.34,TRADE
NSW1,16/01/2015 1:00,6865.36,25.74,TRADE
NSW1,16/01/2015 1:30,6590.33,25.1,TRADE
NSW1,16/01/2015 2:00,6363.48,22.79,TRADE
NSW1,16/01/2015 2:30,6269.41,22.27,TRADE
NSW1,16/01/2015 3:00,6199.71,19.95,TRADE
NSW1,16/01/2015 3:30,6211.61,18.96,TRADE
NSW1,16/01/2015 4:00,6216.48,18.96,TRADE
NSW1,16/01/2015 4:30,6436.36,21.75,TRADE
NSW1,16/01/2015 5:00,6601.17,22.5,TRADE
NSW1,16/01/2015 5:30,6987.79,24.43,TRADE
NSW1,16/01/2015 6:00,7353.68,26.37,TRADE
NSW1,16/01/2015 6:30,7777.19,27.98,TRADE
NSW1,16/01/2015 7:00,8191.76,30.59,TRADE
NSW1,16/01/2015 7:30,8536.29,32.34,TRADE
NSW1,16/01/2015 8:00,8785.25,30.75,TRADE
NSW1,16/01/2015 8:30,8925.74,28.29,TRADE
NSW1,16/01/2015 9:00,9044.06,28.45,TRADE
NSW1,16/01/2015 9:30,9149.1,28.01,TRADE
NSW1,16/01/2015 10:00,9167.06,28.0,TRADE
NSW1,16/01/2015 10:30,9211.06,28.1,TRADE
NSW1,16/01/2015 11:00,9260.09,28.31,TRADE
NSW1,16/01/2015 11:30,9262.82,28.69,TRADE
NSW1,16/01/2015 12:00,9303.17,28.63,TRADE
NSW1,16/01/2015 12:30,9378.37,29.79,TRADE
NSW1,16/01/2015 13:00,9479.37,28.46,TRADE
NSW1,16/01/2015 13:30,9521.64,29.45,TRADE
NSW1,16/01/2015 14:00,9666.88,31.61,TRADE
NSW1,16/01/2015 14:30,9760.14,34.51,TRADE
NSW1,16/01/2015 15:00,9859.65,33.2,TRADE
NSW1,16/01/2015 15:30,9934.23,38.53,TRADE
NSW1,16/01/2015 16:00,10053.24,35.01,TRADE
NSW1,16/01/2015 16:30,10098.17,36.71,TRADE
NSW1,16/01/2015 17:00,10045.51,36.36,TRADE
NSW1,16/01/2015 17:30,9836.07,36.23,TRADE
NSW1,16/01/2015 18:00,9683.21,31.72,TRADE
NSW1,16/01/2015 18:30,9427.04,27.78,TRADE
NSW1,16/01/2015 19:00,9203.07,31.14,TRADE
NSW1,16/01/2015 19:30,9050.0,31.55,TRADE
NSW1,16/01/2015 20:00,9045.4,36.02,TRADE
NSW1,16/01/2015 20:30,8863.61,31.39,TRADE
NSW1,16/01/2015 21:00,8570.6,30.71,TRADE
NSW1,16/01/2015 21:30,8519.79,28.77,TRADE
NSW1,16/01/2015 22:00,8244.63,27.92,TRADE
NSW1,16/01/2015 22:30,8014.91,28.17,TRADE
NSW1,16/01/2015 23:00,7790.54,28.02,TRADE
NSW1,16/01/2015 23:30,7469.33,24.93,TRADE
NSW1,17/01/2015 0:00,7274.67,24.34,TRADE
NSW1,17/01/2015 0:30,6895.32,23.84,TRADE
NSW1,17/01/2015 1:00,6661.73,24.43,TRADE
NSW1,17/01/2015 1:30,6370.2,20.5,TRADE
NSW1,17/01/2015 2:00,6087.7,17.99,TRADE
NSW1,17/01/2015 2:30,5926.94,18.48,TRADE
NSW1,17/01/2015 3:00,5804.97,17.6,TRADE
NSW1,17/01/2015 3:30,5772.38,16.62,TRADE
NSW1,17/01/2015 4:00,5779.75,12.94,TRADE
NSW1,17/01/2015 4:30,5875.73,17.79,TRADE
NSW1,17/01/2015 5:00,5924.11,17.9,TRADE
NSW1,17/01/2015 5:30,6029.57,18.57,TRADE
NSW1,17/01/2015 6:00,6194.79,19.33,TRADE
NSW1,17/01/2015 6:30,6452.97,19.35,TRADE
NSW1,17/01/2015 7:00,6783.27,22.59,TRADE
NSW1,17/01/2015 7:30,7128.94,22.87,TRADE
NSW1,17/01/2015 8:00,7396.62,23.18,TRADE
NSW1,17/01/2015 8:30,7605.89,25.35,TRADE
NSW1,17/01/2015 9:00,7601.59,24.78,TRADE
NSW1,17/01/2015 9:30,7799.8,24.83,TRADE
NSW1,17/01/2015 10:00,7827.59,24.7,TRADE
NSW1,17/01/2015 10:30,7927.88,24.57,TRADE
NSW1,17/01/2015 11:00,8046.06,27.66,TRADE
NSW1,17/01/2015 11:30,8153.0,27.97,TRADE
NSW1,17/01/2015 12:00,8269.76,27.97,TRADE
NSW1,17/01/2015 12:30,8360.81,27.98,TRADE
NSW1,17/01/2015 13:00,8536.16,28.38,TRADE
NSW1,17/01/2015 13:30,8659.58,30.19,TRADE
NSW1,17/01/2015 14:00,8780.87,32.76,TRADE
NSW1,17/01/2015 14:30,8911.16,33.46,TRADE
NSW1,17/01/2015 15:00,9112.91,35.01,TRADE
NSW1,17/01/2015 15:30,9216.54,33.38,TRADE
NSW1,17/01/2015 16:00,9386.23,34.75,TRADE
NSW1,17/01/2015 16:30,9425.65,37.71,TRADE
NSW1,17/01/2015 17:00,9501.17,39.8,TRADE
NSW1,17/01/2015 17:30,9391.13,33.71,TRADE
NSW1,17/01/2015 18:00,9309.1,34.08,TRADE
NSW1,17/01/2015 18:30,9156.59,33.62,TRADE
NSW1,17/01/2015 19:00,8875.57,34.66,TRADE
NSW1,17/01/2015 19:30,8676.75,33.54,TRADE
NSW1,17/01/2015 20:00,8726.17,35.81,TRADE
NSW1,17/01/2015 20:30,8601.37,34.08,TRADE
NSW1,17/01/2015 21:00,8432.2,34.03,TRADE
NSW1,17/01/2015 21:30,8234.3,32.37,TRADE
NSW1,17/01/2015 22:00,7977.71,28.67,TRADE
NSW1,17/01/2015 22:30,7822.07,29.13,TRADE
NSW1,17/01/2015 23:00,7579.8,29.15,TRADE
NSW1,17/01/2015 23:30,7307.36,28.09,TRADE
NSW1,18/01/2015 0:00,7143.17,70.01,TRADE
NSW1,18/01/2015 0:30,6900.86,31.2,TRADE
NSW1,18/01/2015 1:00,6643.23,27.99,TRADE
NSW1,18/01/2015 1:30,6323.86,24.73,TRADE
NSW1,18/01/2015 2:00,6163.74,20.91,TRADE
NSW1,18/01/2015 2:30,6022.82,19.28,TRADE
NSW1,18/01/2015 3:00,5945.11,18.96,TRADE
NSW1,18/01/2015 3:30,5933.54,18.98,TRADE
NSW1,18/01/2015 4:00,5885.75,18.96,TRADE
NSW1,18/01/2015 4:30,5953.83,20.03,TRADE
NSW1,18/01/2015 5:00,5968.56,18.79,TRADE
NSW1,18/01/2015 5:30,5959.35,18.96,TRADE
NSW1,18/01/2015 6:00,6070.38,18.96,TRADE
NSW1,18/01/2015 6:30,6293.82,19.28,TRADE
NSW1,18/01/2015 7:00,6517.8,20.28,TRADE
NSW1,18/01/2015 7:30,6806.0,24.69,TRADE
NSW1,18/01/2015 8:00,7047.95,26.81,TRADE
NSW1,18/01/2015 8:30,7329.95,27.94,TRADE
NSW1,18/01/2015 9:00,7507.97,28.11,TRADE
NSW1,18/01/2015 9:30,7671.86,28.47,TRADE
NSW1,18/01/2015 10:00,7736.04,30.32,TRADE
NSW1,18/01/2015 10:30,7873.77,31.94,TRADE
NSW1,18/01/2015 11:00,7926.02,31.15,TRADE
NSW1,18/01/2015 11:30,7995.49,30.9,TRADE
NSW1,18/01/2015 12:00,8072.85,33.16,TRADE
NSW1,18/01/2015 12:30,8148.62,33.54,TRADE
NSW1,18/01/2015 13:00,8240.15,31.12,TRADE
NSW1,18/01/2015 13:30,8335.97,32.83,TRADE
NSW1,18/01/2015 14:00,8385.32,32.99,TRADE
NSW1,18/01/2015 14:30,8433.06,33.51,TRADE
NSW1,18/01/2015 15:00,8482.48,34.52,TRADE
NSW1,18/01/2015 15:30,8577.52,33.59,TRADE
NSW1,18/01/2015 16:00,8664.52,34.69,TRADE
NSW1,18/01/2015 16:30,8704.93,37.2,TRADE
NSW1,18/01/2015 17:00,8777.76,38.38,TRADE
NSW1,18/01/2015 17:30,8750.68,34.54,TRADE
NSW1,18/01/2015 18:00,8643.74,32.69,TRADE
NSW1,18/01/2015 18:30,8478.58,30.59,TRADE
NSW1,18/01/2015 19:00,8323.32,32.83,TRADE
NSW1,18/01/2015 19:30,8355.65,33.12,TRADE
NSW1,18/01/2015 20:00,8402.43,39.69,TRADE
NSW1,18/01/2015 20:30,8320.38,41.94,TRADE
NSW1,18/01/2015 21:00,8073.78,39.94,TRADE
NSW1,18/01/2015 21:30,7860.56,33.43,TRADE
NSW1,18/01/2015 22:00,7601.28,29.2,TRADE
NSW1,18/01/2015 22:30,7450.54,28.83,TRADE
NSW1,18/01/2015 23:00,7196.61,26.55,TRADE
NSW1,18/01/2015 23:30,6969.99,27.37,TRADE
NSW1,19/01/2015 0:00,6861.88,28.3,TRADE
NSW1,19/01/2015 0:30,6698.3,28.17,TRADE
NSW1,19/01/2015 1:00,6533.5,27.46,TRADE
NSW1,19/01/2015 1:30,6218.69,24.92,TRADE
NSW1,19/01/2015 2:00,6110.6,23.67,TRADE
NSW1,19/01/2015 2:30,6034.02,22.52,TRADE
NSW1,19/01/2015 3:00,5988.49,20.43,TRADE
NSW1,19/01/2015 3:30,6008.5,21.18,TRADE
NSW1,19/01/2015 4:00,6030.17,21.1,TRADE
NSW1,19/01/2015 4:30,6293.47,25.03,TRADE
NSW1,19/01/2015 5:00,6530.56,25.91,TRADE
NSW1,19/01/2015 5:30,6943.41,27.78,TRADE
NSW1,19/01/2015 6:00,7372.37,29.31,TRADE
NSW1,19/01/2015 6:30,7714.01,31.34,TRADE
NSW1,19/01/2015 7:00,8125.43,34.62,TRADE
NSW1,19/01/2015 7:30,8446.7,34.18,TRADE
NSW1,19/01/2015 8:00,8629.44,36.59,TRADE
NSW1,19/01/2015 8:30,8749.57,33.61,TRADE
NSW1,19/01/2015 9:00,8800.37,32.81,TRADE
NSW1,19/01/2015 9:30,8796.8,32.81,TRADE
NSW1,19/01/2015 10:00,8807.57,33.16,TRADE
NSW1,19/01/2015 10:30,8756.76,33.02,TRADE
NSW1,19/01/2015 11:00,8772.85,34.08,TRADE
NSW1,19/01/2015 11:30,8667.64,33.44,TRADE
NSW1,19/01/2015 12:00,8661.58,33.15,TRADE
NSW1,19/01/2015 12:30,8668.19,33.84,TRADE
NSW1,19/01/2015 13:00,8639.43,33.54,TRADE
NSW1,19/01/2015 13:30,8626.38,33.9,TRADE
NSW1,19/01/2015 14:00,8584.76,33.49,TRADE
NSW1,19/01/2015 14:30,8564.48,32.79,TRADE
NSW1,19/01/2015 15:00,8548.97,32.81,TRADE
NSW1,19/01/2015 15:30,8483.57,32.13,TRADE
NSW1,19/01/2015 16:00,8556.29,32.58,TRADE
NSW1,19/01/2015 16:30,8566.67,32.35,TRADE
NSW1,19/01/2015 17:00,8537.31,33.19,TRADE
NSW1,19/01/2015 17:30,8381.32,31.51,TRADE
NSW1,19/01/2015 18:00,8268.85,31.48,TRADE
NSW1,19/01/2015 18:30,8172.66,31.59,TRADE
NSW1,19/01/2015 19:00,8089.87,28.89,TRADE
NSW1,19/01/2015 19:30,8053.5,28.18,TRADE
NSW1,19/01/2015 20:00,7984.48,28.13,TRADE
NSW1,19/01/2015 20:30,7839.93,29.43,TRADE
NSW1,19/01/2015 21:00,7552.58,28.07,TRADE
NSW1,19/01/2015 21:30,7545.75,28.02,TRADE
NSW1,19/01/2015 22:00,7356.46,26.43,TRADE
NSW1,19/01/2015 22:30,7306.91,28.05,TRADE
NSW1,19/01/2015 23:00,7241.27,27.37,TRADE
NSW1,19/01/2015 23:30,7098.35,26.13,TRADE
NSW1,20/01/2015 0:00,6946.59,21.74,TRADE
NSW1,20/01/2015 0:30,6763.37,24.47,TRADE
NSW1,20/01/2015 1:00,6552.14,23.36,TRADE
NSW1,20/01/2015 1:30,6252.93,19.41,TRADE
NSW1,20/01/2015 2:00,6063.63,18.94,TRADE
NSW1,20/01/2015 2:30,5928.68,18.96,TRADE
NSW1,20/01/2015 3:00,5869.87,18.96,TRADE
NSW1,20/01/2015 3:30,5863.44,18.32,TRADE
NSW1,20/01/2015 4:00,5946.47,18.96,TRADE
NSW1,20/01/2015 4:30,6164.09,19.13,TRADE
NSW1,20/01/2015 5:00,6344.24,19.23,TRADE
NSW1,20/01/2015 5:30,6809.64,24.22,TRADE
NSW1,20/01/2015 6:00,7183.1,24.92,TRADE
NSW1,20/01/2015 6:30,7536.0,26.24,TRADE
NSW1,20/01/2015 7:00,7885.33,27.58,TRADE
NSW1,20/01/2015 7:30,8123.53,27.96,TRADE
NSW1,20/01/2015 8:00,8313.14,28.93,TRADE
NSW1,20/01/2015 8:30,8466.35,28.38,TRADE
NSW1,20/01/2015 9:00,8512.96,28.17,TRADE
NSW1,20/01/2015 9:30,8586.95,29.02,TRADE
NSW1,20/01/2015 10:00,8575.5,28.5,TRADE
NSW1,20/01/2015 10:30,8609.5,28.7,TRADE
NSW1,20/01/2015 11:00,8662.4,28.45,TRADE
NSW1,20/01/2015 11:30,8552.0,28.03,TRADE
NSW1,20/01/2015 12:00,8620.11,28.02,TRADE
NSW1,20/01/2015 12:30,8659.28,28.06,TRADE
NSW1,20/01/2015 13:00,8697.04,28.08,TRADE
NSW1,20/01/2015 13:30,8704.8,29.42,TRADE
NSW1,20/01/2015 14:00,8744.1,28.17,TRADE
NSW1,20/01/2015 14:30,8725.26,28.76,TRADE
NSW1,20/01/2015 15:00,8740.5,28.72,TRADE
NSW1,20/01/2015 15:30,8799.27,31.23,TRADE
NSW1,20/01/2015 16:00,8780.61,30.82,TRADE
NSW1,20/01/2015 16:30,8718.41,30.53,TRADE
NSW1,20/01/2015 17:00,8730.53,28.71,TRADE
NSW1,20/01/2015 17:30,8525.03,28.0,TRADE
NSW1,20/01/2015 18:00,8488.94,28.03,TRADE
NSW1,20/01/2015 18:30,8286.95,26.86,TRADE
NSW1,20/01/2015 19:00,8179.19,26.78,TRADE
NSW1,20/01/2015 19:30,8209.8,27.63,TRADE
NSW1,20/01/2015 20:00,8241.15,27.99,TRADE
NSW1,20/01/2015 20:30,8047.79,27.51,TRADE
NSW1,20/01/2015 21:00,7866.95,24.82,TRADE
NSW1,20/01/2015 21:30,7797.68,23.99,TRADE
NSW1,20/01/2015 22:00,7632.05,23.68,TRADE
NSW1,20/01/2015 22:30,7552.24,25.97,TRADE
NSW1,20/01/2015 23:00,7461.57,24.92,TRADE
NSW1,20/01/2015 23:30,7385.92,28.09,TRADE
NSW1,21/01/2015 0:00,7247.72,28.05,TRADE
NSW1,21/01/2015 0:30,7060.96,25.99,TRADE
NSW1,21/01/2015 1:00,6778.87,26.79,TRADE
NSW1,21/01/2015 1:30,6469.11,22.97,TRADE
NSW1,21/01/2015 2:00,6239.08,20.3,TRADE
NSW1,21/01/2015 2:30,6114.64,18.98,TRADE
NSW1,21/01/2015 3:00,6067.03,18.72,TRADE
NSW1,21/01/2015 3:30,6065.08,18.96,TRADE
NSW1,21/01/2015 4:00,6204.79,19.23,TRADE
NSW1,21/01/2015 4:30,6384.26,24.3,TRADE
NSW1,21/01/2015 5:00,6650.46,25.88,TRADE
NSW1,21/01/2015 5:30,7079.33,25.68,TRADE
NSW1,21/01/2015 6:00,7432.74,26.64,TRADE
NSW1,21/01/2015 6:30,7772.63,28.57,TRADE
NSW1,21/01/2015 7:00,8169.01,30.21,TRADE
NSW1,21/01/2015 7:30,8447.58,30.31,TRADE
NSW1,21/01/2015 8:00,8691.21,31.98,TRADE
NSW1,21/01/2015 8:30,8957.79,34.12,TRADE
NSW1,21/01/2015 9:00,9094.46,35.57,TRADE
NSW1,21/01/2015 9:30,9173.09,35.32,TRADE
NSW1,21/01/2015 10:00,9287.25,35.45,TRADE
NSW1,21/01/2015 10:30,9356.92,34.95,TRADE
NSW1,21/01/2015 11:00,9352.52,35.06,TRADE
NSW1,21/01/2015 11:30,9388.62,36.49,TRADE
NSW1,21/01/2015 12:00,9441.87,38.47,TRADE
NSW1,21/01/2015 12:30,9487.49,37.37,TRADE
NSW1,21/01/2015 13:00,9539.08,38.28,TRADE
NSW1,21/01/2015 13:30,9605.4,42.47,TRADE
NSW1,21/01/2015 14:00,9672.42,41.02,TRADE
NSW1,21/01/2015 14:30,9709.37,41.68,TRADE
NSW1,21/01/2015 15:00,9742.33,41.67,TRADE
NSW1,21/01/2015 15:30,9738.97,40.37,TRADE
NSW1,21/01/2015 16:00,9781.66,38.92,TRADE
NSW1,21/01/2015 16:30,9721.15,37.77,TRADE
NSW1,21/01/2015 17:00,9640.13,37.11,TRADE
NSW1,21/01/2015 17:30,9339.64,35.27,TRADE
NSW1,21/01/2015 18:00,9242.24,34.56,TRADE
NSW1,21/01/2015 18:30,8980.28,33.14,TRADE
NSW1,21/01/2015 19:00,8767.73,33.43,TRADE
NSW1,21/01/2015 19:30,8739.49,31.92,TRADE
NSW1,21/01/2015 20:00,8775.96,32.73,TRADE
NSW1,21/01/2015 20:30,8630.76,32.14,TRADE
NSW1,21/01/2015 21:00,8319.94,30.28,TRADE
NSW1,21/01/2015 21:30,8265.51,29.45,TRADE
NSW1,21/01/2015 22:00,8036.92,28.06,TRADE
NSW1,21/01/2015 22:30,7929.86,28.05,TRADE
NSW1,21/01/2015 23:00,7743.12,28.99,TRADE
NSW1,21/01/2015 23:30,7484.7,29.77,TRADE
NSW1,22/01/2015 0:00,7290.86,28.3,TRADE
NSW1,22/01/2015 0:30,7099.08,28.33,TRADE
NSW1,22/01/2015 1:00,6893.67,27.99,TRADE
NSW1,22/01/2015 1:30,6584.73,26.07,TRADE
NSW1,22/01/2015 2:00,6375.05,23.41,TRADE
NSW1,22/01/2015 2:30,6220.49,21.53,TRADE
NSW1,22/01/2015 3:00,6232.41,22.59,TRADE
NSW1,22/01/2015 3:30,6225.76,21.7,TRADE
NSW1,22/01/2015 4:00,6291.26,22.5,TRADE
NSW1,22/01/2015 4:30,6512.11,26.35,TRADE
NSW1,22/01/2015 5:00,6758.08,27.29,TRADE
NSW1,22/01/2015 5:30,7109.91,27.78,TRADE
NSW1,22/01/2015 6:00,7564.28,27.96,TRADE
NSW1,22/01/2015 6:30,7962.48,30.26,TRADE
NSW1,22/01/2015 7:00,8324.32,31.09,TRADE
NSW1,22/01/2015 7:30,8689.64,31.26,TRADE
NSW1,22/01/2015 8:00,8958.55,34.93,TRADE
NSW1,22/01/2015 8:30,9218.54,39.51,TRADE
NSW1,22/01/2015 9:00,9367.23,41.63,TRADE
NSW1,22/01/2015 9:30,9515.65,41.63,TRADE
NSW1,22/01/2015 10:00,9567.41,40.92,TRADE
NSW1,22/01/2015 10:30,9604.71,40.12,TRADE
NSW1,22/01/2015 11:00,9691.06,41.89,TRADE
NSW1,22/01/2015 11:30,9703.25,41.85,TRADE
NSW1,22/01/2015 12:00,9788.86,38.84,TRADE
NSW1,22/01/2015 12:30,9933.04,41.22,TRADE
NSW1,22/01/2015 13:00,10011.7,42.48,TRADE
NSW1,22/01/2015 13:30,10063.22,48.68,TRADE
NSW1,22/01/2015 14:00,10115.52,45.26,TRADE
NSW1,22/01/2015 14:30,10169.99,50.36,TRADE
NSW1,22/01/2015 15:00,10206.8,44.56,TRADE
NSW1,22/01/2015 15:30,10254.88,46.08,TRADE
NSW1,22/01/2015 16:00,10334.18,39.57,TRADE
NSW1,22/01/2015 16:30,10282.91,39.2,TRADE
NSW1,22/01/2015 17:00,10275.3,44.96,TRADE
NSW1,22/01/2015 17:30,10055.81,38.97,TRADE
NSW1,22/01/2015 18:00,9938.61,38.3,TRADE
NSW1,22/01/2015 18:30,9669.83,35.85,TRADE
NSW1,22/01/2015 19:00,9419.09,35.68,TRADE
NSW1,22/01/2015 19:30,9356.38,33.27,TRADE
NSW1,22/01/2015 20:00,9407.1,34.23,TRADE
NSW1,22/01/2015 20:30,9191.86,38.99,TRADE
NSW1,22/01/2015 21:00,8921.54,33.9,TRADE
NSW1,22/01/2015 21:30,8784.5,31.12,TRADE
NSW1,22/01/2015 22:00,8532.08,28.67,TRADE
NSW1,22/01/2015 22:30,8415.13,32.59,TRADE
NSW1,22/01/2015 23:00,8158.99,32.34,TRADE
NSW1,22/01/2015 23:30,7865.46,31.56,TRADE
NSW1,23/01/2015 0:00,7635.58,30.21,TRADE
NSW1,23/01/2015 0:30,7434.92,31.71,TRADE
NSW1,23/01/2015 1:00,7203.5,30.81,TRADE
NSW1,23/01/2015 1:30,6881.56,28.6,TRADE
NSW1,23/01/2015 2:00,6654.2,28.0,TRADE
NSW1,23/01/2015 2:30,6498.82,27.87,TRADE
NSW1,23/01/2015 3:00,6433.16,26.07,TRADE
NSW1,23/01/2015 3:30,6365.25,24.02,TRADE
NSW1,23/01/2015 4:00,6429.47,26.14,TRADE
NSW1,23/01/2015 4:30,6673.26,28.03,TRADE
NSW1,23/01/2015 5:00,6876.94,28.03,TRADE
NSW1,23/01/2015 5:30,7297.94,28.25,TRADE
NSW1,23/01/2015 6:00,7655.77,27.97,TRADE
NSW1,23/01/2015 6:30,8090.63,33.03,TRADE
NSW1,23/01/2015 7:00,8580.48,37.37,TRADE
NSW1,23/01/2015 7:30,8932.46,36.28,TRADE
NSW1,23/01/2015 8:00,9204.29,38.63,TRADE
NSW1,23/01/2015 8:30,9502.95,43.33,TRADE
NSW1,23/01/2015 9:00,9628.48,46.02,TRADE
NSW1,23/01/2015 9:30,9813.97,54.6,TRADE
NSW1,23/01/2015 10:00,10005.76,51.33,TRADE
NSW1,23/01/2015 10:30,10141.61,51.3,TRADE
NSW1,23/01/2015 11:00,10280.83,50.22,TRADE
NSW1,23/01/2015 11:30,10372.56,51.61,TRADE
NSW1,23/01/2015 12:00,10505.08,49.07,TRADE
NSW1,23/01/2015 12:30,10651.02,50.1,TRADE
NSW1,23/01/2015 13:00,10784.73,56.91,TRADE
NSW1,23/01/2015 13:30,10906.22,62.87,TRADE
NSW1,23/01/2015 14:00,11025.21,66.74,TRADE
NSW1,23/01/2015 14:30,11156.46,56.54,TRADE
NSW1,23/01/2015 15:00,11241.28,78.72,TRADE
NSW1,23/01/2015 15:30,11325.38,233.17,TRADE
NSW1,23/01/2015 16:00,11261.79,102.73,TRADE
NSW1,23/01/2015 16:30,11234.62,40.51,TRADE
NSW1,23/01/2015 17:00,11045.41,41.52,TRADE
NSW1,23/01/2015 17:30,10591.0,41.55,TRADE
NSW1,23/01/2015 18:00,10297.95,41.21,TRADE
NSW1,23/01/2015 18:30,10011.92,38.17,TRADE
NSW1,23/01/2015 19:00,9718.62,43.8,TRADE
NSW1,23/01/2015 19:30,9634.65,45.54,TRADE
NSW1,23/01/2015 20:00,9553.11,42.87,TRADE
NSW1,23/01/2015 20:30,9354.95,39.19,TRADE
NSW1,23/01/2015 21:00,9130.56,34.75,TRADE
NSW1,23/01/2015 21:30,9061.71,34.22,TRADE
NSW1,23/01/2015 22:00,8737.56,30.61,TRADE
NSW1,23/01/2015 22:30,8551.92,31.99,TRADE
NSW1,23/01/2015 23:00,8349.81,31.51,TRADE
NSW1,23/01/2015 23:30,8049.94,32.2,TRADE
NSW1,24/01/2015 0:00,7787.51,30.26,TRADE
NSW1,24/01/2015 0:30,7539.31,31.89,TRADE
NSW1,24/01/2015 1:00,7276.23,31.27,TRADE
NSW1,24/01/2015 1:30,6944.26,30.87,TRADE
NSW1,24/01/2015 2:00,6664.25,28.3,TRADE
NSW1,24/01/2015 2:30,6504.6,27.43,TRADE
NSW1,24/01/2015 3:00,6380.96,26.95,TRADE
NSW1,24/01/2015 3:30,6349.57,26.69,TRADE
NSW1,24/01/2015 4:00,6371.1,25.15,TRADE
NSW1,24/01/2015 4:30,6425.79,27.96,TRADE
NSW1,24/01/2015 5:00,6498.16,24.82,TRADE
NSW1,24/01/2015 5:30,6597.37,23.43,TRADE
NSW1,24/01/2015 6:00,6773.28,24.15,TRADE
NSW1,24/01/2015 6:30,7031.09,26.57,TRADE
NSW1,24/01/2015 7:00,7335.67,28.56,TRADE
NSW1,24/01/2015 7:30,7699.44,31.09,TRADE
NSW1,24/01/2015 8:00,7990.32,33.63,TRADE
NSW1,24/01/2015 8:30,8333.12,34.96,TRADE
NSW1,24/01/2015 9:00,8476.08,36.87,TRADE
NSW1,24/01/2015 9:30,8674.73,41.96,TRADE
NSW1,24/01/2015 10:00,8781.92,35.43,TRADE
NSW1,24/01/2015 10:30,8931.71,34.97,TRADE
NSW1,24/01/2015 11:00,9115.02,35.77,TRADE
NSW1,24/01/2015 11:30,9176.7,35.43,TRADE
NSW1,24/01/2015 12:00,9352.24,35.26,TRADE
NSW1,24/01/2015 12:30,9430.28,34.97,TRADE
NSW1,24/01/2015 13:00,9557.22,36.13,TRADE
NSW1,24/01/2015 13:30,9562.59,34.94,TRADE
NSW1,24/01/2015 14:00,9671.33,38.08,TRADE
NSW1,24/01/2015 14:30,9736.25,34.48,TRADE
NSW1,24/01/2015 15:00,9870.61,36.8,TRADE
NSW1,24/01/2015 15:30,9881.47,41.67,TRADE
NSW1,24/01/2015 16:00,9838.41,41.22,TRADE
NSW1,24/01/2015 16:30,9706.61,41.82,TRADE
NSW1,24/01/2015 17:00,9647.79,42.18,TRADE
NSW1,24/01/2015 17:30,9330.17,39.94,TRADE
NSW1,24/01/2015 18:00,9248.75,39.89,TRADE
NSW1,24/01/2015 18:30,9030.27,34.39,TRADE
NSW1,24/01/2015 19:00,8898.19,34.64,TRADE
NSW1,24/01/2015 19:30,8928.52,41.95,TRADE
NSW1,24/01/2015 20:00,8905.59,45.05,TRADE
NSW1,24/01/2015 20:30,8702.58,42.4,TRADE
NSW1,24/01/2015 21:00,8522.72,38.64,TRADE
NSW1,24/01/2015 21:30,8246.02,33.2,TRADE
NSW1,24/01/2015 22:00,8049.24,30.52,TRADE
NSW1,24/01/2015 22:30,7871.4,29.2,TRADE
NSW1,24/01/2015 23:00,7557.87,28.07,TRADE
NSW1,24/01/2015 23:30,7389.16,28.03,TRADE
NSW1,25/01/2015 0:00,7143.49,27.37,TRADE
NSW1,25/01/2015 0:30,6987.18,28.09,TRADE
NSW1,25/01/2015 1:00,6776.12,27.76,TRADE
NSW1,25/01/2015 1:30,6472.55,24.92,TRADE
NSW1,25/01/2015 2:00,6282.04,24.17,TRADE
NSW1,25/01/2015 2:30,6083.86,20.79,TRADE
NSW1,25/01/2015 3:00,6038.33,19.93,TRADE
NSW1,25/01/2015 3:30,6015.31,24.59,TRADE
NSW1,25/01/2015 4:00,6022.0,25.32,TRADE
NSW1,25/01/2015 4:30,6029.17,25.87,TRADE
NSW1,25/01/2015 5:00,6071.58,22.76,TRADE
NSW1,25/01/2015 5:30,6073.8,18.96,TRADE
NSW1,25/01/2015 6:00,6231.09,18.96,TRADE
NSW1,25/01/2015 6:30,6413.89,19.1,TRADE
NSW1,25/01/2015 7:00,6667.29,22.53,TRADE
NSW1,25/01/2015 7:30,6949.64,23.45,TRADE
NSW1,25/01/2015 8:00,7215.41,26.47,TRADE
NSW1,25/01/2015 8:30,7576.57,27.96,TRADE
NSW1,25/01/2015 9:00,7787.3,28.31,TRADE
NSW1,25/01/2015 9:30,8028.6,28.26,TRADE
NSW1,25/01/2015 10:00,8226.75,28.14,TRADE
NSW1,25/01/2015 10:30,8427.3,28.41,TRADE
NSW1,25/01/2015 11:00,8610.95,28.67,TRADE
NSW1,25/01/2015 11:30,8762.72,31.03,TRADE
NSW1,25/01/2015 12:00,8939.37,32.83,TRADE
NSW1,25/01/2015 12:30,9118.37,32.26,TRADE
NSW1,25/01/2015 13:00,9320.97,34.53,TRADE
NSW1,25/01/2015 13:30,9512.85,39.05,TRADE
NSW1,25/01/2015 14:00,9572.02,37.73,TRADE
NSW1,25/01/2015 14:30,9635.17,34.97,TRADE
NSW1,25/01/2015 15:00,9790.96,39.14,TRADE
NSW1,25/01/2015 15:30,9820.54,34.96,TRADE
NSW1,25/01/2015 16:00,9890.24,39.75,TRADE
NSW1,25/01/2015 16:30,9968.94,41.95,TRADE
NSW1,25/01/2015 17:00,10044.85,42.1,TRADE
NSW1,25/01/2015 17:30,9985.17,38.48,TRADE
NSW1,25/01/2015 18:00,9932.12,35.09,TRADE
NSW1,25/01/2015 18:30,9669.22,34.25,TRADE
NSW1,25/01/2015 19:00,9245.9,35.24,TRADE
NSW1,25/01/2015 19:30,8963.16,30.52,TRADE
NSW1,25/01/2015 20:00,8925.95,32.83,TRADE
NSW1,25/01/2015 20:30,8722.15,34.12,TRADE
NSW1,25/01/2015 21:00,8408.86,31.02,TRADE
NSW1,25/01/2015 21:30,8160.35,30.12,TRADE
NSW1,25/01/2015 22:00,7905.02,27.51,TRADE
NSW1,25/01/2015 22:30,7770.16,30.67,TRADE
NSW1,25/01/2015 23:00,7445.27,28.31,TRADE
NSW1,25/01/2015 23:30,7195.69,28.7,TRADE
NSW1,26/01/2015 0:00,6983.16,28.87,TRADE
NSW1,26/01/2015 0:30,6806.84,33.54,TRADE
NSW1,26/01/2015 1:00,6547.53,26.85,TRADE
NSW1,26/01/2015 1:30,6299.17,23.71,TRADE
NSW1,26/01/2015 2:00,6157.61,23.47,TRADE
NSW1,26/01/2015 2:30,6031.07,22.32,TRADE
NSW1,26/01/2015 3:00,5991.73,22.18,TRADE
NSW1,26/01/2015 3:30,5922.66,19.21,TRADE
NSW1,26/01/2015 4:00,5951.1,20.35,TRADE
NSW1,26/01/2015 4:30,6038.61,22.12,TRADE
NSW1,26/01/2015 5:00,6066.05,20.22,TRADE
NSW1,26/01/2015 5:30,6241.01,19.09,TRADE
NSW1,26/01/2015 6:00,6328.59,18.96,TRADE
NSW1,26/01/2015 6:30,6506.06,22.42,TRADE
NSW1,26/01/2015 7:00,6730.65,23.92,TRADE
NSW1,26/01/2015 7:30,7003.42,25.09,TRADE
NSW1,26/01/2015 8:00,7195.33,26.41,TRADE
NSW1,26/01/2015 8:30,7406.26,27.7,TRADE
NSW1,26/01/2015 9:00,7539.72,28.31,TRADE
NSW1,26/01/2015 9:30,7661.42,29.01,TRADE
NSW1,26/01/2015 10:00,7703.45,29.78,TRADE
NSW1,26/01/2015 10:30,7723.76,30.64,TRADE
NSW1,26/01/2015 11:00,7678.35,32.04,TRADE
NSW1,26/01/2015 11:30,7594.86,31.85,TRADE
NSW1,26/01/2015 12:00,7532.75,32.97,TRADE
NSW1,26/01/2015 12:30,7489.71,30.93,TRADE
NSW1,26/01/2015 13:00,7398.57,30.08,TRADE
NSW1,26/01/2015 13:30,7308.46,28.06,TRADE
NSW1,26/01/2015 14:00,7290.12,28.8,TRADE
NSW1,26/01/2015 14:30,7298.63,30.58,TRADE
NSW1,26/01/2015 15:00,7343.73,32.39,TRADE
NSW1,26/01/2015 15:30,7295.07,28.33,TRADE
NSW1,26/01/2015 16:00,7385.64,30.62,TRADE
NSW1,26/01/2015 16:30,7442.25,29.15,TRADE
NSW1,26/01/2015 17:00,7551.51,31.43,TRADE
NSW1,26/01/2015 17:30,7469.08,29.13,TRADE
NSW1,26/01/2015 18:00,7473.01,30.23,TRADE
NSW1,26/01/2015 18:30,7358.58,23.3,TRADE
NSW1,26/01/2015 19:00,7299.76,29.73,TRADE
NSW1,26/01/2015 19:30,7370.57,29.29,TRADE
NSW1,26/01/2015 20:00,7448.04,31.76,TRADE
NSW1,26/01/2015 20:30,7337.23,32.01,TRADE
NSW1,26/01/2015 21:00,7197.25,28.07,TRADE
NSW1,26/01/2015 21:30,7208.25,26.78,TRADE
NSW1,26/01/2015 22:00,7125.32,22.98,TRADE
NSW1,26/01/2015 22:30,7064.54,26.61,TRADE
NSW1,26/01/2015 23:00,6993.08,25.59,TRADE
NSW1,26/01/2015 23:30,6820.93,25.77,TRADE
NSW1,27/01/2015 0:00,6736.7,24.67,TRADE
NSW1,27/01/2015 0:30,6606.0,24.3,TRADE
NSW1,27/01/2015 1:00,6411.95,23.19,TRADE
NSW1,27/01/2015 1:30,6169.01,21.42,TRADE
NSW1,27/01/2015 2:00,5901.71,18.51,TRADE
NSW1,27/01/2015 2:30,5811.1,18.96,TRADE
NSW1,27/01/2015 3:00,5743.16,18.96,TRADE
NSW1,27/01/2015 3:30,5777.33,18.96,TRADE
NSW1,27/01/2015 4:00,5797.16,19.02,TRADE
NSW1,27/01/2015 4:30,6056.79,18.75,TRADE
NSW1,27/01/2015 5:00,6268.39,20.34,TRADE
NSW1,27/01/2015 5:30,6808.69,25.13,TRADE
NSW1,27/01/2015 6:00,7262.94,28.24,TRADE
NSW1,27/01/2015 6:30,7670.59,29.26,TRADE
NSW1,27/01/2015 7:00,8035.91,33.03,TRADE
NSW1,27/01/2015 7:30,8307.77,32.05,TRADE
NSW1,27/01/2015 8:00,8513.61,32.81,TRADE
NSW1,27/01/2015 8:30,8677.88,32.81,TRADE
NSW1,27/01/2015 9:00,8772.97,32.38,TRADE
NSW1,27/01/2015 9:30,8920.48,32.85,TRADE
NSW1,27/01/2015 10:00,8965.99,33.96,TRADE
NSW1,27/01/2015 10:30,8946.47,32.81,TRADE
NSW1,27/01/2015 11:00,8897.33,33.2,TRADE
NSW1,27/01/2015 11:30,8721.35,33.53,TRADE
NSW1,27/01/2015 12:00,8737.69,33.46,TRADE
NSW1,27/01/2015 12:30,8689.68,30.94,TRADE
NSW1,27/01/2015 13:00,8686.0,30.0,TRADE
NSW1,27/01/2015 13:30,8627.94,31.41,TRADE
NSW1,27/01/2015 14:00,8626.75,33.57,TRADE
NSW1,27/01/2015 14:30,8551.17,32.6,TRADE
NSW1,27/01/2015 15:00,8500.96,28.91,TRADE
NSW1,27/01/2015 15:30,8455.71,31.6,TRADE
NSW1,27/01/2015 16:00,8526.59,32.59,TRADE
NSW1,27/01/2015 16:30,8510.68,32.59,TRADE
NSW1,27/01/2015 17:00,8567.82,31.6,TRADE
NSW1,27/01/2015 17:30,8408.22,29.19,TRADE
NSW1,27/01/2015 18:00,8351.14,28.58,TRADE
NSW1,27/01/2015 18:30,8243.92,28.94,TRADE
NSW1,27/01/2015 19:00,8110.67,29.87,TRADE
NSW1,27/01/2015 19:30,8031.8,28.17,TRADE
NSW1,27/01/2015 20:00,8002.77,30.45,TRADE
NSW1,27/01/2015 20:30,7802.39,31.86,TRADE
NSW1,27/01/2015 21:00,7600.01,28.07,TRADE
NSW1,27/01/2015 21:30,7575.65,26.63,TRADE
NSW1,27/01/2015 22:00,7426.28,24.53,TRADE
NSW1,27/01/2015 22:30,7370.76,24.52,TRADE
NSW1,27/01/2015 23:00,7284.62,24.37,TRADE
NSW1,27/01/2015 23:30,7154.46,26.56,TRADE
NSW1,28/01/2015 0:00,7032.76,24.2,TRADE
NSW1,28/01/2015 0:30,6887.34,22.72,TRADE
NSW1,28/01/2015 1:00,6707.78,21.83,TRADE
NSW1,28/01/2015 1:30,6316.13,19.98,TRADE
NSW1,28/01/2015 2:00,6074.98,18.96,TRADE
NSW1,28/01/2015 2:30,5937.38,18.29,TRADE
NSW1,28/01/2015 3:00,5881.89,18.96,TRADE
NSW1,28/01/2015 3:30,5853.2,18.84,TRADE
NSW1,28/01/2015 4:00,5888.61,18.96,TRADE
NSW1,28/01/2015 4:30,6102.63,18.41,TRADE
NSW1,28/01/2015 5:00,6326.34,19.27,TRADE
NSW1,28/01/2015 5:30,6837.25,22.15,TRADE
NSW1,28/01/2015 6:00,7316.07,27.51,TRADE
NSW1,28/01/2015 6:30,7730.49,29.1,TRADE
NSW1,28/01/2015 7:00,8119.23,28.78,TRADE
NSW1,28/01/2015 7:30,8259.32,28.78,TRADE
NSW1,28/01/2015 8:00,8291.61,28.29,TRADE
NSW1,28/01/2015 8:30,8411.81,29.41,TRADE
NSW1,28/01/2015 9:00,8494.22,31.0,TRADE
NSW1,28/01/2015 9:30,8544.53,29.34,TRADE
NSW1,28/01/2015 10:00,8522.03,28.34,TRADE
NSW1,28/01/2015 10:30,8525.14,28.28,TRADE
NSW1,28/01/2015 11:00,8520.96,28.09,TRADE
NSW1,28/01/2015 11:30,8389.85,28.01,TRADE
NSW1,28/01/2015 12:00,8332.66,28.3,TRADE
NSW1,28/01/2015 12:30,8300.63,28.1,TRADE
NSW1,28/01/2015 13:00,8238.88,27.96,TRADE
NSW1,28/01/2015 13:30,8247.6,28.04,TRADE
NSW1,28/01/2015 14:00,8197.15,28.02,TRADE
NSW1,28/01/2015 14:30,8144.19,28.14,TRADE
NSW1,28/01/2015 15:00,8136.41,28.28,TRADE
NSW1,28/01/2015 15:30,8172.28,28.48,TRADE
NSW1,28/01/2015 16:00,8275.91,29.64,TRADE
NSW1,28/01/2015 16:30,8268.33,32.8,TRADE
NSW1,28/01/2015 17:00,8281.29,33.25,TRADE
NSW1,28/01/2015 17:30,8132.83,28.04,TRADE
NSW1,28/01/2015 18:00,8053.85,28.05,TRADE
NSW1,28/01/2015 18:30,7956.06,28.07,TRADE
NSW1,28/01/2015 19:00,7884.03,28.68,TRADE
NSW1,28/01/2015 19:30,7951.86,28.13,TRADE
NSW1,28/01/2015 20:00,7974.58,27.99,TRADE
NSW1,28/01/2015 20:30,7790.41,26.46,TRADE
NSW1,28/01/2015 21:00,7575.07,24.97,TRADE
NSW1,28/01/2015 21:30,7609.62,25.08,TRADE
NSW1,28/01/2015 22:00,7408.45,23.94,TRADE
NSW1,28/01/2015 22:30,7405.32,27.96,TRADE
NSW1,28/01/2015 23:00,7272.96,25.8,TRADE
NSW1,28/01/2015 23:30,7168.36,24.26,TRADE
NSW1,29/01/2015 0:00,7088.03,23.23,TRADE
NSW1,29/01/2015 0:30,6918.07,22.85,TRADE
NSW1,29/01/2015 1:00,6727.47,22.6,TRADE
NSW1,29/01/2015 1:30,6383.15,19.01,TRADE
NSW1,29/01/2015 2:00,6121.39,19.01,TRADE
NSW1,29/01/2015 2:30,5940.77,18.96,TRADE
NSW1,29/01/2015 3:00,5861.97,18.34,TRADE
NSW1,29/01/2015 3:30,5884.34,17.74,TRADE
NSW1,29/01/2015 4:00,5956.44,18.96,TRADE
NSW1,29/01/2015 4:30,6143.67,18.96,TRADE
NSW1,29/01/2015 5:00,6398.93,18.99,TRADE
NSW1,29/01/2015 5:30,6901.9,23.28,TRADE
NSW1,29/01/2015 6:00,7369.36,27.07,TRADE
NSW1,29/01/2015 6:30,7728.77,27.74,TRADE
NSW1,29/01/2015 7:00,7990.31,29.14,TRADE
NSW1,29/01/2015 7:30,8030.51,28.86,TRADE
NSW1,29/01/2015 8:00,7994.62,27.99,TRADE
NSW1,29/01/2015 8:30,8050.59,29.67,TRADE
NSW1,29/01/2015 9:00,8072.63,28.05,TRADE
NSW1,29/01/2015 9:30,8048.89,28.04,TRADE
NSW1,29/01/2015 10:00,8058.49,28.76,TRADE
NSW1,29/01/2015 10:30,8006.92,28.13,TRADE
NSW1,29/01/2015 11:00,8009.64,28.08,TRADE
NSW1,29/01/2015 11:30,8035.84,28.27,TRADE
NSW1,29/01/2015 12:00,7996.05,28.89,TRADE
NSW1,29/01/2015 12:30,8029.64,29.04,TRADE
NSW1,29/01/2015 13:00,8013.25,28.08,TRADE
NSW1,29/01/2015 13:30,8039.19,28.7,TRADE
NSW1,29/01/2015 14:00,7993.41,28.38,TRADE
NSW1,29/01/2015 14:30,7998.23,30.9,TRADE
NSW1,29/01/2015 15:00,8054.61,27.96,TRADE
NSW1,29/01/2015 15:30,8055.03,26.94,TRADE
NSW1,29/01/2015 16:00,8112.11,26.89,TRADE
NSW1,29/01/2015 16:30,8153.41,27.99,TRADE
NSW1,29/01/2015 17:00,8246.89,28.57,TRADE
NSW1,29/01/2015 17:30,8180.64,28.62,TRADE
NSW1,29/01/2015 18:00,8127.51,28.02,TRADE
NSW1,29/01/2015 18:30,8073.96,28.05,TRADE
NSW1,29/01/2015 19:00,8024.35,28.08,TRADE
NSW1,29/01/2015 19:30,8101.14,28.23,TRADE
NSW1,29/01/2015 20:00,8140.1,30.24,TRADE
NSW1,29/01/2015 20:30,7881.0,27.97,TRADE
NSW1,29/01/2015 21:00,7639.67,25.78,TRADE
NSW1,29/01/2015 21:30,7601.01,23.88,TRADE
NSW1,29/01/2015 22:00,7438.58,22.07,TRADE
NSW1,29/01/2015 22:30,7377.46,25.39,TRADE
NSW1,29/01/2015 23:00,7259.04,25.37,TRADE
NSW1,29/01/2015 23:30,7156.11,25.2,TRADE
NSW1,30/01/2015 0:00,7069.08,24.19,TRADE
NSW1,30/01/2015 0:30,6885.27,23.39,TRADE
NSW1,30/01/2015 1:00,6666.69,21.43,TRADE
NSW1,30/01/2015 1:30,6360.5,17.92,TRADE
NSW1,30/01/2015 2:00,6143.38,18.96,TRADE
NSW1,30/01/2015 2:30,5939.0,16.95,TRADE
NSW1,30/01/2015 3:00,5878.33,15.74,TRADE
NSW1,30/01/2015 3:30,5869.0,15.7,TRADE
NSW1,30/01/2015 4:00,5935.9,17.73,TRADE
NSW1,30/01/2015 4:30,6161.72,18.96,TRADE
NSW1,30/01/2015 5:00,6426.13,18.96,TRADE
NSW1,30/01/2015 5:30,6906.52,20.03,TRADE
NSW1,30/01/2015 6:00,7342.44,23.5,TRADE
NSW1,30/01/2015 6:30,7692.0,28.49,TRADE
NSW1,30/01/2015 7:00,7988.46,29.31,TRADE
NSW1,30/01/2015 7:30,8102.33,28.08,TRADE
NSW1,30/01/2015 8:00,8046.98,28.08,TRADE
NSW1,30/01/2015 8:30,8113.8,28.06,TRADE
NSW1,30/01/2015 9:00,8151.86,28.08,TRADE
NSW1,30/01/2015 9:30,8223.83,28.18,TRADE
NSW1,30/01/2015 10:00,8274.95,28.21,TRADE
NSW1,30/01/2015 10:30,8224.79,27.33,TRADE
NSW1,30/01/2015 11:00,8211.85,28.62,TRADE
NSW1,30/01/2015 11:30,8173.23,27.97,TRADE
NSW1,30/01/2015 12:00,8109.78,28.21,TRADE
NSW1,30/01/2015 12:30,8115.24,27.96,TRADE
NSW1,30/01/2015 13:00,8135.39,27.17,TRADE
NSW1,30/01/2015 13:30,8108.73,27.96,TRADE
NSW1,30/01/2015 14:00,8136.17,27.96,TRADE
NSW1,30/01/2015 14:30,8126.43,27.97,TRADE
NSW1,30/01/2015 15:00,8229.91,28.57,TRADE
NSW1,30/01/2015 15:30,8275.3,29.86,TRADE
NSW1,30/01/2015 16:00,8364.1,29.38,TRADE
NSW1,30/01/2015 16:30,8329.46,30.37,TRADE
NSW1,30/01/2015 17:00,8248.13,28.02,TRADE
NSW1,30/01/2015 17:30,8113.68,27.97,TRADE
NSW1,30/01/2015 18:00,8015.84,27.56,TRADE
NSW1,30/01/2015 18:30,7899.77,24.06,TRADE
NSW1,30/01/2015 19:00,7822.99,27.96,TRADE
NSW1,30/01/2015 19:30,7850.44,26.9,TRADE
NSW1,30/01/2015 20:00,7948.56,26.35,TRADE
NSW1,30/01/2015 20:30,7762.13,26.94,TRADE
NSW1,30/01/2015 21:00,7529.7,25.43,TRADE
NSW1,30/01/2015 21:30,7572.3,26.17,TRADE
NSW1,30/01/2015 22:00,7466.63,22.31,TRADE
NSW1,30/01/2015 22:30,7441.27,26.33,TRADE
NSW1,30/01/2015 23:00,7306.39,25.76,TRADE
NSW1,30/01/2015 23:30,7130.28,23.16,TRADE
NSW1,31/01/2015 0:00,6997.03,24.32,TRADE
NSW1,31/01/2015 0:30,6814.82,24.18,TRADE
NSW1,31/01/2015 1:00,6594.09,22.86,TRADE
NSW1,31/01/2015 1:30,6309.61,18.96,TRADE
NSW1,31/01/2015 2:00,6070.77,18.59,TRADE
NSW1,31/01/2015 2:30,5833.81,16.32,TRADE
NSW1,31/01/2015 3:00,5756.91,17.12,TRADE
NSW1,31/01/2015 3:30,5709.1,16.86,TRADE
NSW1,31/01/2015 4:00,5764.2,18.73,TRADE
NSW1,31/01/2015 4:30,5776.93,18.91,TRADE
NSW1,31/01/2015 5:00,5887.01,18.96,TRADE
NSW1,31/01/2015 5:30,5999.74,19.39,TRADE
NSW1,31/01/2015 6:00,6163.97,19.12,TRADE
NSW1,31/01/2015 6:30,6416.46,19.56,TRADE
NSW1,31/01/2015 7:00,6742.78,19.93,TRADE
NSW1,31/01/2015 7:30,7023.41,22.93,TRADE
NSW1,31/01/2015 8:00,7265.42,24.85,TRADE
NSW1,31/01/2015 8:30,7471.2,24.51,TRADE
NSW1,31/01/2015 9:00,7476.88,26.39,TRADE
NSW1,31/01/2015 9:30,7533.33,25.56,TRADE
NSW1,31/01/2015 10:00,7484.14,27.92,TRADE
NSW1,31/01/2015 10:30,7462.04,27.72,TRADE
NSW1,31/01/2015 11:00,7463.83,27.88,TRADE
NSW1,31/01/2015 11:30,7364.22,26.85,TRADE
NSW1,31/01/2015 12:00,7310.5,24.97,TRADE
NSW1,31/01/2015 12:30,7334.88,24.32,TRADE
NSW1,31/01/2015 13:00,7309.51,25.29,TRADE
NSW1,31/01/2015 13:30,7318.2,26.16,TRADE
NSW1,31/01/2015 14:00,7344.02,27.0,TRADE
NSW1,31/01/2015 14:30,7403.24,28.01,TRADE
NSW1,31/01/2015 15:00,7483.68,28.23,TRADE
NSW1,31/01/2015 15:30,7532.98,28.13,TRADE
NSW1,31/01/2015 16:00,7610.84,29.99,TRADE
NSW1,31/01/2015 16:30,7482.1,28.13,TRADE
NSW1,31/01/2015 17:00,7529.91,28.45,TRADE
NSW1,31/01/2015 17:30,7568.69,27.99,TRADE
NSW1,31/01/2015 18:00,7596.37,28.12,TRADE
NSW1,31/01/2015 18:30,7507.62,27.92,TRADE
NSW1,31/01/2015 19:00,7473.19,28.04,TRADE
NSW1,31/01/2015 19:30,7541.38,28.08,TRADE
NSW1,31/01/2015 20:00,7597.26,28.1,TRADE
NSW1,31/01/2015 20:30,7456.22,27.37,TRADE
NSW1,31/01/2015 21:00,7316.86,24.18,TRADE
NSW1,31/01/2015 21:30,7228.51,23.86,TRADE
NSW1,31/01/2015 22:00,7185.58,23.75,TRADE
NSW1,31/01/2015 22:30,7151.28,23.16,TRADE
NSW1,31/01/2015 23:00,6959.63,20.36,TRADE
NSW1,31/01/2015 23:30,6744.18,18.96,TRADE
NSW1,1/02/2015 0:00,6608.96,18.59,TRADE
NSW1,1/02/2015 0:30,6449.79,19.83,TRADE
NSW1,1/02/2015 1:00,6269.43,18.41,TRADE
NSW1,1/02/2015 1:30,6021.99,17.98,TRADE
NSW1,1/02/2015 2:00,5846.17,17.39,TRADE
NSW1,1/02/2015 2:30,5718.94,15.51,TRADE
NSW1,1/02/2015 3:00,5619.36,14.99,TRADE
NSW1,1/02/2015 3:30,5580.75,13.41,TRADE
NSW1,1/02/2015 4:00,5607.97,15.57,TRADE
NSW1,1/02/2015 4:30,5631.07,16.34,TRADE
NSW1,1/02/2015 5:00,5679.32,17.24,TRADE
NSW1,1/02/2015 5:30,5785.94,15.87,TRADE
NSW1,1/02/2015 6:00,5873.19,17.21,TRADE
NSW1,1/02/2015 6:30,6073.37,18.77,TRADE
NSW1,1/02/2015 7:00,6314.07,18.96,TRADE
NSW1,1/02/2015 7:30,6556.38,19.02,TRADE
NSW1,1/02/2015 8:00,6801.57,18.96,TRADE
NSW1,1/02/2015 8:30,7037.31,19.51,TRADE
NSW1,1/02/2015 9:00,7148.99,20.35,TRADE
NSW1,1/02/2015 9:30,7271.6,22.09,TRADE
NSW1,1/02/2015 10:00,7321.94,22.44,TRADE
NSW1,1/02/2015 10:30,7336.06,22.94,TRADE
NSW1,1/02/2015 11:00,7330.86,23.52,TRADE
NSW1,1/02/2015 11:30,7365.7,23.07,TRADE
NSW1,1/02/2015 12:00,7408.57,24.34,TRADE
NSW1,1/02/2015 12:30,7393.35,24.46,TRADE
NSW1,1/02/2015 13:00,7371.54,24.6,TRADE
NSW1,1/02/2015 13:30,7366.16,24.46,TRADE
NSW1,1/02/2015 14:00,7390.48,25.09,TRADE
NSW1,1/02/2015 14:30,7434.9,26.34,TRADE
NSW1,1/02/2015 15:00,7539.67,25.67,TRADE
NSW1,1/02/2015 15:30,7552.42,25.94,TRADE
NSW1,1/02/2015 16:00,7606.13,27.72,TRADE
NSW1,1/02/2015 16:30,7603.41,28.08,TRADE
NSW1,1/02/2015 17:00,7771.38,29.47,TRADE
NSW1,1/02/2015 17:30,7815.78,28.01,TRADE
NSW1,1/02/2015 18:00,7868.91,28.04,TRADE
NSW1,1/02/2015 18:30,7739.87,27.96,TRADE
NSW1,1/02/2015 19:00,7673.9,27.96,TRADE
NSW1,1/02/2015 19:30,7707.26,27.99,TRADE
NSW1,1/02/2015 20:00,7685.73,28.01,TRADE
NSW1,1/02/2015 20:30,7582.43,27.88,TRADE
NSW1,1/02/2015 21:00,7369.87,26.01,TRADE
NSW1,1/02/2015 21:30,7220.52,23.51,TRADE
NSW1,1/02/2015 22:00,7088.58,21.26,TRADE
NSW1,1/02/2015 22:30,7036.15,21.91,TRADE
NSW1,1/02/2015 23:00,6787.34,19.94,TRADE
NSW1,1/02/2015 23:30,6651.9,19.34,TRADE
NSW1,2/02/2015 0:00,6560.03,18.81,TRADE
NSW1,2/02/2015 0:30,6427.04,18.47,TRADE
NSW1,2/02/2015 1:00,6304.17,18.72,TRADE
NSW1,2/02/2015 1:30,6034.72,18.96,TRADE
NSW1,2/02/2015 2:00,5873.82,16.88,TRADE
NSW1,2/02/2015 2:30,5782.89,15.14,TRADE
NSW1,2/02/2015 3:00,5753.39,15.14,TRADE
NSW1,2/02/2015 3:30,5767.33,15.3,TRADE
NSW1,2/02/2015 4:00,5808.67,15.69,TRADE
NSW1,2/02/2015 4:30,6071.33,18.96,TRADE
NSW1,2/02/2015 5:00,6321.44,18.96,TRADE
NSW1,2/02/2015 5:30,6922.02,21.82,TRADE
NSW1,2/02/2015 6:00,7382.67,25.51,TRADE
NSW1,2/02/2015 6:30,7837.99,29.27,TRADE
NSW1,2/02/2015 7:00,8165.69,28.42,TRADE
NSW1,2/02/2015 7:30,8238.43,28.16,TRADE
NSW1,2/02/2015 8:00,8285.14,28.14,TRADE
NSW1,2/02/2015 8:30,8355.05,28.47,TRADE
NSW1,2/02/2015 9:00,8406.61,29.61,TRADE
NSW1,2/02/2015 9:30,8459.58,28.48,TRADE
NSW1,2/02/2015 10:00,8460.27,31.18,TRADE
NSW1,2/02/2015 10:30,8444.72,31.45,TRADE
NSW1,2/02/2015 11:00,8446.55,29.61,TRADE
NSW1,2/02/2015 11:30,8521.1,29.24,TRADE
NSW1,2/02/2015 12:00,8532.69,30.39,TRADE
NSW1,2/02/2015 12:30,8592.18,30.31,TRADE
NSW1,2/02/2015 13:00,8575.1,29.36,TRADE
NSW1,2/02/2015 13:30,8540.72,30.05,TRADE
NSW1,2/02/2015 14:00,8498.61,31.39,TRADE
NSW1,2/02/2015 14:30,8436.77,30.61,TRADE
NSW1,2/02/2015 15:00,8475.02,28.17,TRADE
NSW1,2/02/2015 15:30,8497.58,28.15,TRADE
NSW1,2/02/2015 16:00,8598.42,28.73,TRADE
NSW1,2/02/2015 16:30,8560.98,29.01,TRADE
NSW1,2/02/2015 17:00,8510.32,28.15,TRADE
NSW1,2/02/2015 17:30,8374.83,28.33,TRADE
NSW1,2/02/2015 18:00,8252.49,28.0,TRADE
NSW1,2/02/2015 18:30,8122.19,27.9,TRADE
NSW1,2/02/2015 19:00,7973.82,28.08,TRADE
NSW1,2/02/2015 19:30,8008.5,28.16,TRADE
NSW1,2/02/2015 20:00,8026.39,28.32,TRADE
NSW1,2/02/2015 20:30,7842.95,28.04,TRADE
NSW1,2/02/2015 21:00,7643.65,28.52,TRADE
NSW1,2/02/2015 21:30,7565.78,27.99,TRADE
NSW1,2/02/2015 22:00,7372.24,23.96,TRADE
NSW1,2/02/2015 22:30,7324.76,25.85,TRADE
NSW1,2/02/2015 23:00,7168.73,23.65,TRADE
NSW1,2/02/2015 23:30,7061.4,24.35,TRADE
NSW1,3/02/2015 0:00,6938.3,24.0,TRADE
NSW1,3/02/2015 0:30,6808.69,24.94,TRADE
NSW1,3/02/2015 1:00,6603.42,23.6,TRADE
NSW1,3/02/2015 1:30,6276.74,18.24,TRADE
NSW1,3/02/2015 2:00,6088.16,18.6,TRADE
NSW1,3/02/2015 2:30,5911.2,18.64,TRADE
NSW1,3/02/2015 3:00,5814.64,17.32,TRADE
NSW1,3/02/2015 3:30,5905.5,18.92,TRADE
NSW1,3/02/2015 4:00,5945.39,18.96,TRADE
NSW1,3/02/2015 4:30,6153.89,18.58,TRADE
NSW1,3/02/2015 5:00,6400.1,23.8,TRADE
NSW1,3/02/2015 5:30,6915.96,28.8,TRADE
NSW1,3/02/2015 6:00,7382.05,28.76,TRADE
NSW1,3/02/2015 6:30,7747.31,32.8,TRADE
NSW1,3/02/2015 7:00,8080.77,35.68,TRADE
NSW1,3/02/2015 7:30,8167.08,32.31,TRADE
NSW1,3/02/2015 8:00,8234.71,32.28,TRADE
NSW1,3/02/2015 8:30,8314.74,33.78,TRADE
NSW1,3/02/2015 9:00,8375.43,34.53,TRADE
NSW1,3/02/2015 9:30,8455.01,35.11,TRADE
NSW1,3/02/2015 10:00,8478.05,35.76,TRADE
NSW1,3/02/2015 10:30,8382.94,34.89,TRADE
NSW1,3/02/2015 11:00,8393.26,34.53,TRADE
NSW1,3/02/2015 11:30,8351.69,32.62,TRADE
NSW1,3/02/2015 12:00,8371.33,32.69,TRADE
NSW1,3/02/2015 12:30,8420.35,33.2,TRADE
NSW1,3/02/2015 13:00,8378.56,32.89,TRADE
NSW1,3/02/2015 13:30,8403.32,34.62,TRADE
NSW1,3/02/2015 14:00,8416.9,35.17,TRADE
NSW1,3/02/2015 14:30,8368.53,34.83,TRADE
NSW1,3/02/2015 15:00,8424.68,34.42,TRADE
NSW1,3/02/2015 15:30,8581.67,34.92,TRADE
NSW1,3/02/2015 16:00,8585.82,34.74,TRADE
NSW1,3/02/2015 16:30,8619.4,34.92,TRADE
NSW1,3/02/2015 17:00,8598.85,34.95,TRADE
NSW1,3/02/2015 17:30,8473.0,34.72,TRADE
NSW1,3/02/2015 18:00,8388.48,32.73,TRADE
NSW1,3/02/2015 18:30,8239.01,31.82,TRADE
NSW1,3/02/2015 19:00,8161.53,31.6,TRADE
NSW1,3/02/2015 19:30,8132.72,31.51,TRADE
NSW1,3/02/2015 20:00,8190.82,32.0,TRADE
NSW1,3/02/2015 20:30,7990.4,32.4,TRADE
NSW1,3/02/2015 21:00,7715.8,28.15,TRADE
NSW1,3/02/2015 21:30,7659.04,28.18,TRADE
NSW1,3/02/2015 22:00,7448.58,28.6,TRADE
NSW1,3/02/2015 22:30,7379.31,28.13,TRADE
NSW1,3/02/2015 23:00,7275.81,29.59,TRADE
NSW1,3/02/2015 23:30,7095.72,28.51,TRADE
NSW1,4/02/2015 0:00,7048.62,29.23,TRADE
NSW1,4/02/2015 0:30,6830.73,28.18,TRADE
NSW1,4/02/2015 1:00,6628.57,27.62,TRADE
NSW1,4/02/2015 1:30,6273.04,24.4,TRADE
NSW1,4/02/2015 2:00,6047.86,20.89,TRADE
NSW1,4/02/2015 2:30,5867.69,18.96,TRADE
NSW1,4/02/2015 3:00,5786.73,18.03,TRADE
NSW1,4/02/2015 3:30,5744.54,18.96,TRADE
NSW1,4/02/2015 4:00,5794.32,18.96,TRADE
NSW1,4/02/2015 4:30,6041.0,22.47,TRADE
NSW1,4/02/2015 5:00,6312.15,26.26,TRADE
NSW1,4/02/2015 5:30,6843.74,30.25,TRADE
NSW1,4/02/2015 6:00,7294.41,28.11,TRADE
NSW1,4/02/2015 6:30,7644.45,32.49,TRADE
NSW1,4/02/2015 7:00,7986.82,36.12,TRADE
NSW1,4/02/2015 7:30,8056.94,32.24,TRADE
NSW1,4/02/2015 8:00,8112.16,31.79,TRADE
NSW1,4/02/2015 8:30,8235.03,32.87,TRADE
NSW1,4/02/2015 9:00,8259.13,32.27,TRADE
NSW1,4/02/2015 9:30,8356.99,32.69,TRADE
NSW1,4/02/2015 10:00,8444.19,33.98,TRADE
NSW1,4/02/2015 10:30,8448.53,34.34,TRADE
NSW1,4/02/2015 11:00,8472.51,34.96,TRADE
NSW1,4/02/2015 11:30,8460.3,36.12,TRADE
NSW1,4/02/2015 12:00,8430.73,35.62,TRADE
NSW1,4/02/2015 12:30,8410.5,34.96,TRADE
NSW1,4/02/2015 13:00,8409.52,34.67,TRADE
NSW1,4/02/2015 13:30,8356.2,34.07,TRADE
NSW1,4/02/2015 14:00,8335.7,34.96,TRADE
NSW1,4/02/2015 14:30,8303.56,35.01,TRADE
NSW1,4/02/2015 15:00,8359.63,34.97,TRADE
NSW1,4/02/2015 15:30,8401.89,34.99,TRADE
NSW1,4/02/2015 16:00,8420.66,35.95,TRADE
NSW1,4/02/2015 16:30,8392.85,35.98,TRADE
NSW1,4/02/2015 17:00,8356.25,36.64,TRADE
NSW1,4/02/2015 17:30,8180.36,34.26,TRADE
NSW1,4/02/2015 18:00,8155.9,34.96,TRADE
NSW1,4/02/2015 18:30,8012.89,35.51,TRADE
NSW1,4/02/2015 19:00,7926.72,35.35,TRADE
NSW1,4/02/2015 19:30,7977.47,37.04,TRADE
NSW1,4/02/2015 20:00,7920.27,35.2,TRADE
NSW1,4/02/2015 20:30,7787.43,34.83,TRADE
NSW1,4/02/2015 21:00,7586.79,30.6,TRADE
NSW1,4/02/2015 21:30,7516.87,28.44,TRADE
NSW1,4/02/2015 22:00,7318.96,27.88,TRADE
NSW1,4/02/2015 22:30,7279.22,28.56,TRADE
NSW1,4/02/2015 23:00,7171.84,29.2,TRADE
NSW1,4/02/2015 23:30,7014.38,28.95,TRADE
NSW1,5/02/2015 0:00,6901.82,29.17,TRADE
NSW1,5/02/2015 0:30,6757.11,28.11,TRADE
NSW1,5/02/2015 1:00,6535.92,27.6,TRADE
NSW1,5/02/2015 1:30,6266.95,25.33,TRADE
NSW1,5/02/2015 2:00,6024.49,22.78,TRADE
NSW1,5/02/2015 2:30,5889.54,21.45,TRADE
NSW1,5/02/2015 3:00,5802.28,18.71,TRADE
NSW1,5/02/2015 3:30,5817.62,20.41,TRADE
NSW1,5/02/2015 4:00,5872.49,22.48,TRADE
NSW1,5/02/2015 4:30,6161.63,27.25,TRADE
NSW1,5/02/2015 5:00,6411.39,28.95,TRADE
NSW1,5/02/2015 5:30,6956.3,37.14,TRADE
NSW1,5/02/2015 6:00,7390.93,35.75,TRADE
NSW1,5/02/2015 6:30,7792.15,41.97,TRADE
NSW1,5/02/2015 7:00,8092.98,42.96,TRADE
NSW1,5/02/2015 7:30,8203.52,39.67,TRADE
NSW1,5/02/2015 8:00,8242.03,35.04,TRADE
NSW1,5/02/2015 8:30,8337.48,34.97,TRADE
NSW1,5/02/2015 9:00,8378.41,35.71,TRADE
NSW1,5/02/2015 9:30,8433.06,34.97,TRADE
NSW1,5/02/2015 10:00,8434.28,36.46,TRADE
NSW1,5/02/2015 10:30,8431.86,35.09,TRADE
NSW1,5/02/2015 11:00,8474.72,35.45,TRADE
NSW1,5/02/2015 11:30,8401.97,35.0,TRADE
NSW1,5/02/2015 12:00,8407.99,40.84,TRADE
NSW1,5/02/2015 12:30,8390.26,42.19,TRADE
NSW1,5/02/2015 13:00,8394.11,37.86,TRADE
NSW1,5/02/2015 13:30,8451.01,35.5,TRADE
NSW1,5/02/2015 14:00,8442.48,37.51,TRADE
NSW1,5/02/2015 14:30,8414.03,35.32,TRADE
NSW1,5/02/2015 15:00,8451.5,36.49,TRADE
NSW1,5/02/2015 15:30,8476.69,35.33,TRADE
NSW1,5/02/2015 16:00,8510.2,35.13,TRADE
NSW1,5/02/2015 16:30,8532.57,41.62,TRADE
NSW1,5/02/2015 17:00,8532.66,41.04,TRADE
NSW1,5/02/2015 17:30,8452.22,41.78,TRADE
NSW1,5/02/2015 18:00,8349.26,35.11,TRADE
NSW1,5/02/2015 18:30,8264.56,36.27,TRADE
NSW1,5/02/2015 19:00,8222.6,36.98,TRADE
NSW1,5/02/2015 19:30,8300.37,43.98,TRADE
NSW1,5/02/2015 20:00,8256.83,42.77,TRADE
NSW1,5/02/2015 20:30,8029.61,38.84,TRADE
NSW1,5/02/2015 21:00,7767.0,34.43,TRADE
NSW1,5/02/2015 21:30,7747.24,32.85,TRADE
NSW1,5/02/2015 22:00,7542.32,30.94,TRADE
NSW1,5/02/2015 22:30,7504.56,34.22,TRADE
NSW1,5/02/2015 23:00,7396.64,32.82,TRADE
NSW1,5/02/2015 23:30,7238.4,34.21,TRADE
NSW1,6/02/2015 0:00,7073.6,33.04,TRADE
NSW1,6/02/2015 0:30,6911.75,28.67,TRADE
NSW1,6/02/2015 1:00,6675.96,28.08,TRADE
NSW1,6/02/2015 1:30,6392.27,27.0,TRADE
NSW1,6/02/2015 2:00,6148.36,24.65,TRADE
NSW1,6/02/2015 2:30,5990.4,22.45,TRADE
NSW1,6/02/2015 3:00,5952.23,23.99,TRADE
NSW1,6/02/2015 3:30,5982.97,24.58,TRADE
NSW1,6/02/2015 4:00,6004.42,24.56,TRADE
NSW1,6/02/2015 4:30,6243.04,27.82,TRADE
NSW1,6/02/2015 5:00,6547.89,30.79,TRADE
NSW1,6/02/2015 5:30,7023.6,34.57,TRADE
NSW1,6/02/2015 6:00,7446.87,34.9,TRADE
NSW1,6/02/2015 6:30,7853.11,41.68,TRADE
NSW1,6/02/2015 7:00,8139.55,45.13,TRADE
NSW1,6/02/2015 7:30,8306.82,39.16,TRADE
NSW1,6/02/2015 8:00,8348.24,37.27,TRADE
NSW1,6/02/2015 8:30,8439.48,38.8,TRADE
NSW1,6/02/2015 9:00,8507.87,44.7,TRADE
NSW1,6/02/2015 9:30,8567.88,39.2,TRADE
NSW1,6/02/2015 10:00,8607.11,35.22,TRADE
NSW1,6/02/2015 10:30,8598.26,35.14,TRADE
NSW1,6/02/2015 11:00,8617.04,37.71,TRADE
NSW1,6/02/2015 11:30,8554.15,36.42,TRADE
NSW1,6/02/2015 12:00,8509.84,37.61,TRADE
NSW1,6/02/2015 12:30,8505.89,37.69,TRADE
NSW1,6/02/2015 13:00,8508.28,38.89,TRADE
NSW1,6/02/2015 13:30,8486.0,40.41,TRADE
NSW1,6/02/2015 14:00,8440.11,41.04,TRADE
NSW1,6/02/2015 14:30,8448.6,36.77,TRADE
NSW1,6/02/2015 15:00,8501.71,43.95,TRADE
NSW1,6/02/2015 15:30,8613.08,42.6,TRADE
NSW1,6/02/2015 16:00,8690.84,42.8,TRADE
NSW1,6/02/2015 16:30,8704.23,42.95,TRADE
NSW1,6/02/2015 17:00,8620.31,37.51,TRADE
NSW1,6/02/2015 17:30,8464.23,38.48,TRADE
NSW1,6/02/2015 18:00,8394.44,37.53,TRADE
NSW1,6/02/2015 18:30,8248.03,36.63,TRADE
NSW1,6/02/2015 19:00,8160.7,39.01,TRADE
NSW1,6/02/2015 19:30,8251.51,40.76,TRADE
NSW1,6/02/2015 20:00,8222.42,37.73,TRADE
NSW1,6/02/2015 20:30,8083.13,35.52,TRADE
NSW1,6/02/2015 21:00,7867.97,34.97,TRADE
NSW1,6/02/2015 21:30,7852.13,34.77,TRADE
NSW1,6/02/2015 22:00,7725.7,33.55,TRADE
NSW1,6/02/2015 22:30,7659.69,36.33,TRADE
NSW1,6/02/2015 23:00,7550.1,33.96,TRADE
NSW1,6/02/2015 23:30,7323.89,33.24,TRADE
NSW1,7/02/2015 0:00,7167.35,31.21,TRADE
NSW1,7/02/2015 0:30,7001.17,30.31,TRADE
NSW1,7/02/2015 1:00,6719.1,28.8,TRADE
NSW1,7/02/2015 1:30,6437.55,27.96,TRADE
NSW1,7/02/2015 2:00,6175.3,25.36,TRADE
NSW1,7/02/2015 2:30,6000.15,22.63,TRADE
NSW1,7/02/2015 3:00,5927.57,22.41,TRADE
NSW1,7/02/2015 3:30,5884.57,20.31,TRADE
NSW1,7/02/2015 4:00,5887.98,19.26,TRADE
NSW1,7/02/2015 4:30,5961.15,22.86,TRADE
NSW1,7/02/2015 5:00,6020.86,24.41,TRADE
NSW1,7/02/2015 5:30,6246.44,27.96,TRADE
NSW1,7/02/2015 6:00,6333.72,20.02,TRADE
NSW1,7/02/2015 6:30,6632.45,23.87,TRADE
NSW1,7/02/2015 7:00,6881.84,24.98,TRADE
NSW1,7/02/2015 7:30,7222.31,25.22,TRADE
NSW1,7/02/2015 8:00,7455.32,25.1,TRADE
NSW1,7/02/2015 8:30,7705.78,28.1,TRADE
NSW1,7/02/2015 9:00,7759.55,28.58,TRADE
NSW1,7/02/2015 9:30,7830.72,28.23,TRADE
NSW1,7/02/2015 10:00,7820.7,28.27,TRADE
NSW1,7/02/2015 10:30,7807.0,28.13,TRADE
NSW1,7/02/2015 11:00,7777.81,29.11,TRADE
NSW1,7/02/2015 11:30,7666.56,28.28,TRADE
NSW1,7/02/2015 12:00,7586.82,29.64,TRADE
NSW1,7/02/2015 12:30,7613.23,31.98,TRADE
NSW1,7/02/2015 13:00,7609.92,31.62,TRADE
NSW1,7/02/2015 13:30,7603.38,31.2,TRADE
NSW1,7/02/2015 14:00,7639.77,31.88,TRADE
NSW1,7/02/2015 14:30,7756.1,32.1,TRADE
NSW1,7/02/2015 15:00,7877.29,31.88,TRADE
NSW1,7/02/2015 15:30,8005.46,32.2,TRADE
NSW1,7/02/2015 16:00,8151.96,31.38,TRADE
NSW1,7/02/2015 16:30,8174.9,33.16,TRADE
NSW1,7/02/2015 17:00,8293.03,33.8,TRADE
NSW1,7/02/2015 17:30,8300.24,36.21,TRADE
NSW1,7/02/2015 18:00,8278.85,34.62,TRADE
NSW1,7/02/2015 18:30,8183.83,32.6,TRADE
NSW1,7/02/2015 19:00,8051.59,33.43,TRADE
NSW1,7/02/2015 19:30,8069.83,34.76,TRADE
NSW1,7/02/2015 20:00,8042.3,33.65,TRADE
NSW1,7/02/2015 20:30,7863.44,32.13,TRADE
NSW1,7/02/2015 21:00,7759.59,31.73,TRADE
NSW1,7/02/2015 21:30,7663.26,31.38,TRADE
NSW1,7/02/2015 22:00,7530.96,30.99,TRADE
NSW1,7/02/2015 22:30,7493.77,30.3,TRADE
NSW1,7/02/2015 23:00,7230.1,28.09,TRADE
NSW1,7/02/2015 23:30,7014.39,28.12,TRADE
NSW1,8/02/2015 0:00,6884.61,29.19,TRADE
NSW1,8/02/2015 0:30,6661.82,28.88,TRADE
NSW1,8/02/2015 1:00,6499.36,27.73,TRADE
NSW1,8/02/2015 1:30,6266.73,27.29,TRADE
NSW1,8/02/2015 2:00,6101.36,26.57,TRADE
NSW1,8/02/2015 2:30,5953.73,23.14,TRADE
NSW1,8/02/2015 3:00,5876.41,24.9,TRADE
NSW1,8/02/2015 3:30,5853.31,24.36,TRADE
NSW1,8/02/2015 4:00,5849.48,23.66,TRADE
NSW1,8/02/2015 4:30,5912.56,24.52,TRADE
NSW1,8/02/2015 5:00,5914.55,21.81,TRADE
NSW1,8/02/2015 5:30,6007.05,26.11,TRADE
NSW1,8/02/2015 6:00,6085.92,19.35,TRADE
NSW1,8/02/2015 6:30,6297.47,19.56,TRADE
NSW1,8/02/2015 7:00,6495.41,22.2,TRADE
NSW1,8/02/2015 7:30,6843.17,27.74,TRADE
NSW1,8/02/2015 8:00,7067.88,25.51,TRADE
NSW1,8/02/2015 8:30,7304.81,27.68,TRADE
NSW1,8/02/2015 9:00,7449.15,27.63,TRADE
NSW1,8/02/2015 9:30,7645.19,28.1,TRADE
NSW1,8/02/2015 10:00,7672.79,27.99,TRADE
NSW1,8/02/2015 10:30,7791.33,28.04,TRADE
NSW1,8/02/2015 11:00,7946.95,28.28,TRADE
NSW1,8/02/2015 11:30,8125.02,29.59,TRADE
NSW1,8/02/2015 12:00,8304.13,31.52,TRADE
NSW1,8/02/2015 12:30,8524.14,30.78,TRADE
NSW1,8/02/2015 13:00,8686.63,31.74,TRADE
NSW1,8/02/2015 13:30,8887.08,32.35,TRADE
NSW1,8/02/2015 14:00,9130.12,32.58,TRADE
NSW1,8/02/2015 14:30,9350.11,33.33,TRADE
NSW1,8/02/2015 15:00,9538.89,34.53,TRADE
NSW1,8/02/2015 15:30,9741.53,35.27,TRADE
NSW1,8/02/2015 16:00,9895.41,37.08,TRADE
NSW1,8/02/2015 16:30,9893.66,37.55,TRADE
NSW1,8/02/2015 17:00,10022.96,41.94,TRADE
NSW1,8/02/2015 17:30,10062.66,42.91,TRADE
NSW1,8/02/2015 18:00,9935.91,40.12,TRADE
NSW1,8/02/2015 18:30,9720.59,36.44,TRADE
NSW1,8/02/2015 19:00,9455.8,34.35,TRADE
NSW1,8/02/2015 19:30,9476.82,34.39,TRADE
NSW1,8/02/2015 20:00,9339.68,33.17,TRADE
NSW1,8/02/2015 20:30,9135.71,32.17,TRADE
NSW1,8/02/2015 21:00,8756.13,29.16,TRADE
NSW1,8/02/2015 21:30,8497.63,29.03,TRADE
NSW1,8/02/2015 22:00,8059.55,28.09,TRADE
NSW1,8/02/2015 22:30,7791.44,29.18,TRADE
NSW1,8/02/2015 23:00,7467.86,27.8,TRADE
NSW1,8/02/2015 23:30,7211.93,28.01,TRADE
NSW1,9/02/2015 0:00,7102.75,27.3,TRADE
NSW1,9/02/2015 0:30,6905.18,28.15,TRADE
NSW1,9/02/2015 1:00,6708.75,24.28,TRADE
NSW1,9/02/2015 1:30,6392.52,18.96,TRADE
NSW1,9/02/2015 2:00,6211.76,18.96,TRADE
NSW1,9/02/2015 2:30,6180.87,18.96,TRADE
NSW1,9/02/2015 3:00,6130.21,18.96,TRADE
NSW1,9/02/2015 3:30,6151.28,18.92,TRADE
NSW1,9/02/2015 4:00,6227.3,18.96,TRADE
NSW1,9/02/2015 4:30,6474.09,19.7,TRADE
NSW1,9/02/2015 5:00,6697.9,23.91,TRADE
NSW1,9/02/2015 5:30,7279.51,28.03,TRADE
NSW1,9/02/2015 6:00,7727.65,26.03,TRADE
NSW1,9/02/2015 6:30,8158.64,28.23,TRADE
NSW1,9/02/2015 7:00,8579.71,29.15,TRADE
NSW1,9/02/2015 7:30,8791.7,28.29,TRADE
NSW1,9/02/2015 8:00,8981.47,29.85,TRADE
NSW1,9/02/2015 8:30,9135.96,31.52,TRADE
NSW1,9/02/2015 9:00,9281.18,34.44,TRADE
NSW1,9/02/2015 9:30,9394.99,35.72,TRADE
NSW1,9/02/2015 10:00,9408.38,34.92,TRADE
NSW1,9/02/2015 10:30,9415.56,35.06,TRADE
NSW1,9/02/2015 11:00,9386.9,34.42,TRADE
NSW1,9/02/2015 11:30,9422.06,34.88,TRADE
NSW1,9/02/2015 12:00,9382.45,34.96,TRADE
NSW1,9/02/2015 12:30,9341.34,34.68,TRADE
NSW1,9/02/2015 13:00,9387.74,34.36,TRADE
NSW1,9/02/2015 13:30,9385.67,34.85,TRADE
NSW1,9/02/2015 14:00,9466.24,34.97,TRADE
NSW1,9/02/2015 14:30,9456.95,35.28,TRADE
NSW1,9/02/2015 15:00,9541.59,35.6,TRADE
NSW1,9/02/2015 15:30,9594.79,37.03,TRADE
NSW1,9/02/2015 16:00,9577.85,39.49,TRADE
NSW1,9/02/2015 16:30,9596.05,38.43,TRADE
NSW1,9/02/2015 17:00,9539.62,39.11,TRADE
NSW1,9/02/2015 17:30,9339.83,35.01,TRADE
NSW1,9/02/2015 18:00,9244.73,34.96,TRADE
NSW1,9/02/2015 18:30,9024.21,33.15,TRADE
NSW1,9/02/2015 19:00,8959.04,34.84,TRADE
NSW1,9/02/2015 19:30,8911.7,39.24,TRADE
NSW1,9/02/2015 20:00,8843.12,34.88,TRADE
NSW1,9/02/2015 20:30,8610.49,34.08,TRADE
NSW1,9/02/2015 21:00,8305.85,30.67,TRADE
NSW1,9/02/2015 21:30,8219.16,30.37,TRADE
NSW1,9/02/2015 22:00,7973.73,28.01,TRADE
NSW1,9/02/2015 22:30,7861.92,28.38,TRADE
NSW1,9/02/2015 23:00,7633.51,28.2,TRADE
NSW1,9/02/2015 23:30,7474.7,28.25,TRADE
NSW1,10/02/2015 0:00,7299.36,28.0,TRADE
NSW1,10/02/2015 0:30,7113.98,28.01,TRADE
NSW1,10/02/2015 1:00,6916.23,27.77,TRADE
NSW1,10/02/2015 1:30,6625.64,25.69,TRADE
NSW1,10/02/2015 2:00,6448.81,23.58,TRADE
NSW1,10/02/2015 2:30,6276.99,21.69,TRADE
NSW1,10/02/2015 3:00,6220.52,22.8,TRADE
NSW1,10/02/2015 3:30,6271.01,25.79,TRADE
NSW1,10/02/2015 4:00,6255.4,19.03,TRADE
NSW1,10/02/2015 4:30,6505.01,24.57,TRADE
NSW1,10/02/2015 5:00,6698.71,26.64,TRADE
NSW1,10/02/2015 5:30,7241.33,32.37,TRADE
NSW1,10/02/2015 6:00,7796.72,30.73,TRADE
NSW1,10/02/2015 6:30,8268.97,33.21,TRADE
NSW1,10/02/2015 7:00,8615.39,38.49,TRADE
NSW1,10/02/2015 7:30,8821.71,35.33,TRADE
NSW1,10/02/2015 8:00,8987.76,35.17,TRADE
NSW1,10/02/2015 8:30,9164.51,35.39,TRADE
NSW1,10/02/2015 9:00,9272.98,36.18,TRADE
NSW1,10/02/2015 9:30,9357.03,36.72,TRADE
NSW1,10/02/2015 10:00,9432.4,36.33,TRADE
NSW1,10/02/2015 10:30,9445.62,37.08,TRADE
NSW1,10/02/2015 11:00,9582.23,40.92,TRADE
NSW1,10/02/2015 11:30,9632.41,37.42,TRADE
NSW1,10/02/2015 12:00,9669.25,40.12,TRADE
NSW1,10/02/2015 12:30,9762.74,41.01,TRADE
NSW1,10/02/2015 13:00,9882.36,41.58,TRADE
NSW1,10/02/2015 13:30,9931.7,43.23,TRADE
NSW1,10/02/2015 14:00,10003.62,43.01,TRADE
NSW1,10/02/2015 14:30,10055.93,41.58,TRADE
NSW1,10/02/2015 15:00,10200.99,46.93,TRADE
NSW1,10/02/2015 15:30,10340.67,47.98,TRADE
NSW1,10/02/2015 16:00,10403.79,54.58,TRADE
NSW1,10/02/2015 16:30,10334.61,49.2,TRADE
NSW1,10/02/2015 17:00,10256.69,49.71,TRADE
NSW1,10/02/2015 17:30,9991.86,42.51,TRADE
NSW1,10/02/2015 18:00,9862.99,41.31,TRADE
NSW1,10/02/2015 18:30,9519.32,39.17,TRADE
NSW1,10/02/2015 19:00,9372.15,39.94,TRADE
NSW1,10/02/2015 19:30,9418.09,42.68,TRADE
NSW1,10/02/2015 20:00,9304.38,42.45,TRADE
NSW1,10/02/2015 20:30,9095.85,41.49,TRADE
NSW1,10/02/2015 21:00,8820.84,36.91,TRADE
NSW1,10/02/2015 21:30,8662.32,35.13,TRADE
NSW1,10/02/2015 22:00,8357.44,31.77,TRADE
NSW1,10/02/2015 22:30,8145.89,35.11,TRADE
NSW1,10/02/2015 23:00,7980.93,33.43,TRADE
NSW1,10/02/2015 23:30,7683.59,34.26,TRADE
NSW1,11/02/2015 0:00,7524.92,33.43,TRADE
NSW1,11/02/2015 0:30,7269.19,27.97,TRADE
NSW1,11/02/2015 1:00,7036.28,28.04,TRADE
NSW1,11/02/2015 1:30,6693.92,27.85,TRADE
NSW1,11/02/2015 2:00,6455.66,27.86,TRADE
NSW1,11/02/2015 2:30,6330.1,24.29,TRADE
NSW1,11/02/2015 3:00,6242.96,23.32,TRADE
NSW1,11/02/2015 3:30,6264.78,24.23,TRADE
NSW1,11/02/2015 4:00,6314.92,25.42,TRADE
NSW1,11/02/2015 4:30,6599.6,28.03,TRADE
NSW1,11/02/2015 5:00,6866.38,32.59,TRADE
NSW1,11/02/2015 5:30,7383.94,37.76,TRADE
NSW1,11/02/2015 6:00,7870.55,31.86,TRADE
NSW1,11/02/2015 6:30,8330.74,38.21,TRADE
NSW1,11/02/2015 7:00,8687.7,39.77,TRADE
NSW1,11/02/2015 7:30,8919.19,41.23,TRADE
NSW1,11/02/2015 8:00,9096.96,41.9,TRADE
NSW1,11/02/2015 8:30,9291.54,42.3,TRADE
NSW1,11/02/2015 9:00,9440.35,41.86,TRADE
NSW1,11/02/2015 9:30,9575.4,41.7,TRADE
NSW1,11/02/2015 10:00,9600.81,41.73,TRADE
NSW1,11/02/2015 10:30,9638.87,41.79,TRADE
NSW1,11/02/2015 11:00,9711.89,41.89,TRADE
NSW1,11/02/2015 11:30,9682.15,42.21,TRADE
NSW1,11/02/2015 12:00,9748.45,42.14,TRADE
NSW1,11/02/2015 12:30,9849.67,43.32,TRADE
NSW1,11/02/2015 13:00,9917.52,42.29,TRADE
NSW1,11/02/2015 13:30,10023.38,45.0,TRADE
NSW1,11/02/2015 14:00,10090.53,43.8,TRADE
NSW1,11/02/2015 14:30,10135.51,46.85,TRADE
NSW1,11/02/2015 15:00,10301.92,53.79,TRADE
NSW1,11/02/2015 15:30,10479.6,215.52,TRADE
NSW1,11/02/2015 16:00,10519.23,299.77,TRADE
NSW1,11/02/2015 16:30,10441.35,106.07,TRADE
NSW1,11/02/2015 17:00,10422.61,155.07,TRADE
NSW1,11/02/2015 17:30,10135.29,131.77,TRADE
NSW1,11/02/2015 18:00,9949.26,56.99,TRADE
NSW1,11/02/2015 18:30,9585.38,35.45,TRADE
NSW1,11/02/2015 19:00,9456.0,34.96,TRADE
NSW1,11/02/2015 19:30,9431.27,35.69,TRADE
NSW1,11/02/2015 20:00,9294.25,37.24,TRADE
NSW1,11/02/2015 20:30,9029.76,34.95,TRADE
NSW1,11/02/2015 21:00,8715.48,33.06,TRADE
NSW1,11/02/2015 21:30,8558.26,31.42,TRADE
NSW1,11/02/2015 22:00,8231.01,24.79,TRADE
NSW1,11/02/2015 22:30,7996.1,31.71,TRADE
NSW1,11/02/2015 23:00,7790.81,29.62,TRADE
NSW1,11/02/2015 23:30,7605.79,30.39,TRADE
NSW1,12/02/2015 0:00,7445.5,31.48,TRADE
NSW1,12/02/2015 0:30,7199.63,27.99,TRADE
NSW1,12/02/2015 1:00,6951.83,27.43,TRADE
NSW1,12/02/2015 1:30,6631.22,25.09,TRADE
NSW1,12/02/2015 2:00,6449.79,23.65,TRADE
NSW1,12/02/2015 2:30,6329.75,23.78,TRADE
NSW1,12/02/2015 3:00,6271.17,24.37,TRADE
NSW1,12/02/2015 3:30,6274.32,24.41,TRADE
NSW1,12/02/2015 4:00,6340.42,25.43,TRADE
NSW1,12/02/2015 4:30,6552.17,27.47,TRADE
NSW1,12/02/2015 5:00,6790.53,31.16,TRADE
NSW1,12/02/2015 5:30,7338.88,40.56,TRADE
NSW1,12/02/2015 6:00,7785.93,37.09,TRADE
NSW1,12/02/2015 6:30,8241.51,38.08,TRADE
NSW1,12/02/2015 7:00,8586.34,41.24,TRADE
NSW1,12/02/2015 7:30,8804.81,35.11,TRADE
NSW1,12/02/2015 8:00,8948.53,34.85,TRADE
NSW1,12/02/2015 8:30,9179.46,35.06,TRADE
NSW1,12/02/2015 9:00,9304.92,35.34,TRADE
NSW1,12/02/2015 9:30,9361.57,34.96,TRADE
NSW1,12/02/2015 10:00,9461.02,35.31,TRADE
NSW1,12/02/2015 10:30,9538.78,37.99,TRADE
NSW1,12/02/2015 11:00,9627.81,41.73,TRADE
NSW1,12/02/2015 11:30,9644.43,41.86,TRADE
NSW1,12/02/2015 12:00,9720.02,41.82,TRADE
NSW1,12/02/2015 12:30,9729.93,41.89,TRADE
NSW1,12/02/2015 13:00,9876.29,41.84,TRADE
NSW1,12/02/2015 13:30,9946.64,39.62,TRADE
NSW1,12/02/2015 14:00,9980.21,35.19,TRADE
NSW1,12/02/2015 14:30,9965.88,34.49,TRADE
NSW1,12/02/2015 15:00,10103.5,34.69,TRADE
NSW1,12/02/2015 15:30,10150.83,35.5,TRADE
NSW1,12/02/2015 16:00,10124.46,34.99,TRADE
NSW1,12/02/2015 16:30,10038.19,33.53,TRADE
NSW1,12/02/2015 17:00,10016.21,35.28,TRADE
NSW1,12/02/2015 17:30,9751.17,33.07,TRADE
NSW1,12/02/2015 18:00,9559.85,31.53,TRADE
NSW1,12/02/2015 18:30,9358.57,32.01,TRADE
NSW1,12/02/2015 19:00,9223.44,33.51,TRADE
NSW1,12/02/2015 19:30,9276.08,35.16,TRADE
NSW1,12/02/2015 20:00,9149.95,34.61,TRADE
NSW1,12/02/2015 20:30,8891.64,35.46,TRADE
NSW1,12/02/2015 21:00,8548.92,32.61,TRADE
NSW1,12/02/2015 21:30,8393.92,30.47,TRADE
NSW1,12/02/2015 22:00,8056.78,28.06,TRADE
NSW1,12/02/2015 22:30,7914.63,29.46,TRADE
NSW1,12/02/2015 23:00,7723.41,28.5,TRADE
NSW1,12/02/2015 23:30,7567.73,28.26,TRADE
NSW1,13/02/2015 0:00,7376.61,27.97,TRADE
NSW1,13/02/2015 0:30,7194.68,26.73,TRADE
NSW1,13/02/2015 1:00,6935.31,25.0,TRADE
NSW1,13/02/2015 1:30,6606.09,22.22,TRADE
NSW1,13/02/2015 2:00,6306.45,18.96,TRADE
NSW1,13/02/2015 2:30,6200.45,18.52,TRADE
NSW1,13/02/2015 3:00,6206.57,18.96,TRADE
NSW1,13/02/2015 3:30,6141.77,18.96,TRADE
NSW1,13/02/2015 4:00,6233.13,18.96,TRADE
NSW1,13/02/2015 4:30,6449.63,22.07,TRADE
NSW1,13/02/2015 5:00,6726.13,26.68,TRADE
NSW1,13/02/2015 5:30,7234.48,31.85,TRADE
NSW1,13/02/2015 6:00,7760.58,28.0,TRADE
NSW1,13/02/2015 6:30,8185.75,31.04,TRADE
NSW1,13/02/2015 7:00,8539.6,34.26,TRADE
NSW1,13/02/2015 7:30,8804.13,33.65,TRADE
NSW1,13/02/2015 8:00,8912.52,34.2,TRADE
NSW1,13/02/2015 8:30,9095.81,36.21,TRADE
NSW1,13/02/2015 9:00,9191.6,35.18,TRADE
NSW1,13/02/2015 9:30,9268.18,36.94,TRADE
NSW1,13/02/2015 10:00,9353.94,34.83,TRADE
NSW1,13/02/2015 10:30,9387.43,117.79,TRADE
NSW1,13/02/2015 11:00,9410.47,35.26,TRADE
NSW1,13/02/2015 11:30,9379.7,34.88,TRADE
NSW1,13/02/2015 12:00,9401.06,35.14,TRADE
NSW1,13/02/2015 12:30,9428.67,38.21,TRADE
NSW1,13/02/2015 13:00,9371.87,39.76,TRADE
NSW1,13/02/2015 13:30,9347.19,37.2,TRADE
NSW1,13/02/2015 14:00,9324.15,39.72,TRADE
NSW1,13/02/2015 14:30,9240.59,35.61,TRADE
NSW1,13/02/2015 15:00,9219.73,35.9,TRADE
NSW1,13/02/2015 15:30,9246.32,35.65,TRADE
NSW1,13/02/2015 16:00,9280.84,36.78,TRADE
NSW1,13/02/2015 16:30,9138.53,33.03,TRADE
NSW1,13/02/2015 17:00,9057.47,32.87,TRADE
NSW1,13/02/2015 17:30,8843.97,29.57,TRADE
NSW1,13/02/2015 18:00,8705.34,29.23,TRADE
NSW1,13/02/2015 18:30,8547.26,28.02,TRADE
NSW1,13/02/2015 19:00,8528.66,35.87,TRADE
NSW1,13/02/2015 19:30,8622.69,31.79,TRADE
NSW1,13/02/2015 20:00,8530.06,29.39,TRADE
NSW1,13/02/2015 20:30,8335.98,28.08,TRADE
NSW1,13/02/2015 21:00,8104.12,27.96,TRADE
NSW1,13/02/2015 21:30,8137.86,28.66,TRADE
NSW1,13/02/2015 22:00,7919.73,27.16,TRADE
NSW1,13/02/2015 22:30,7800.99,26.63,TRADE
NSW1,13/02/2015 23:00,7669.5,26.12,TRADE
NSW1,13/02/2015 23:30,7443.52,25.21,TRADE
NSW1,14/02/2015 0:00,7312.45,23.78,TRADE
NSW1,14/02/2015 0:30,7097.79,23.71,TRADE
NSW1,14/02/2015 1:00,6848.44,24.49,TRADE
NSW1,14/02/2015 1:30,6531.45,22.46,TRADE
NSW1,14/02/2015 2:00,6231.69,18.96,TRADE
NSW1,14/02/2015 2:30,6099.01,18.15,TRADE
NSW1,14/02/2015 3:00,6039.53,18.18,TRADE
NSW1,14/02/2015 3:30,6014.47,17.33,TRADE
NSW1,14/02/2015 4:00,6025.0,17.38,TRADE
NSW1,14/02/2015 4:30,6122.85,18.72,TRADE
NSW1,14/02/2015 5:00,6175.7,18.96,TRADE
NSW1,14/02/2015 5:30,6391.17,18.96,TRADE
NSW1,14/02/2015 6:00,6530.96,18.96,TRADE
NSW1,14/02/2015 6:30,6791.1,21.96,TRADE
NSW1,14/02/2015 7:00,7100.48,25.28,TRADE
NSW1,14/02/2015 7:30,7484.18,27.96,TRADE
NSW1,14/02/2015 8:00,7745.07,27.97,TRADE
NSW1,14/02/2015 8:30,8028.87,28.62,TRADE
NSW1,14/02/2015 9:00,8101.88,30.66,TRADE
NSW1,14/02/2015 9:30,8196.04,32.62,TRADE
NSW1,14/02/2015 10:00,8178.11,28.84,TRADE
NSW1,14/02/2015 10:30,8268.03,30.35,TRADE
NSW1,14/02/2015 11:00,8270.29,31.44,TRADE
NSW1,14/02/2015 11:30,8167.24,29.01,TRADE
NSW1,14/02/2015 12:00,8110.94,28.56,TRADE
NSW1,14/02/2015 12:30,8107.1,28.56,TRADE
NSW1,14/02/2015 13:00,8129.39,28.08,TRADE
NSW1,14/02/2015 13:30,8167.43,32.91,TRADE
NSW1,14/02/2015 14:00,8263.0,32.26,TRADE
NSW1,14/02/2015 14:30,8345.98,32.14,TRADE
NSW1,14/02/2015 15:00,8420.87,32.57,TRADE
NSW1,14/02/2015 15:30,8456.48,30.43,TRADE
NSW1,14/02/2015 16:00,8481.55,34.18,TRADE
NSW1,14/02/2015 16:30,8427.7,32.1,TRADE
NSW1,14/02/2015 17:00,8405.61,32.12,TRADE
NSW1,14/02/2015 17:30,8350.08,29.99,TRADE
NSW1,14/02/2015 18:00,8249.76,29.29,TRADE
NSW1,14/02/2015 18:30,8110.73,28.07,TRADE
NSW1,14/02/2015 19:00,8120.79,32.42,TRADE
NSW1,14/02/2015 19:30,8094.46,30.4,TRADE
NSW1,14/02/2015 20:00,8000.28,29.11,TRADE
NSW1,14/02/2015 20:30,7897.09,28.06,TRADE
NSW1,14/02/2015 21:00,7736.03,28.0,TRADE
NSW1,14/02/2015 21:30,7707.34,28.03,TRADE
NSW1,14/02/2015 22:00,7576.97,28.03,TRADE
NSW1,14/02/2015 22:30,7492.79,28.24,TRADE
NSW1,14/02/2015 23:00,7296.5,27.57,TRADE
NSW1,14/02/2015 23:30,7003.86,24.37,TRADE
NSW1,15/02/2015 0:00,6864.23,24.03,TRADE
NSW1,15/02/2015 0:30,6702.51,24.51,TRADE
NSW1,15/02/2015 1:00,6513.32,22.51,TRADE
NSW1,15/02/2015 1:30,6299.89,20.21,TRADE
NSW1,15/02/2015 2:00,6105.68,19.2,TRADE
NSW1,15/02/2015 2:30,5952.54,18.49,TRADE
NSW1,15/02/2015 3:00,5892.63,19.16,TRADE
NSW1,15/02/2015 3:30,5797.41,16.07,TRADE
NSW1,15/02/2015 4:00,5813.99,16.65,TRADE
NSW1,15/02/2015 4:30,5893.08,18.96,TRADE
NSW1,15/02/2015 5:00,5943.67,18.36,TRADE
NSW1,15/02/2015 5:30,6065.62,18.96,TRADE
NSW1,15/02/2015 6:00,6155.48,18.96,TRADE
NSW1,15/02/2015 6:30,6347.43,18.96,TRADE
NSW1,15/02/2015 7:00,6597.85,19.82,TRADE
NSW1,15/02/2015 7:30,6902.89,24.36,TRADE
NSW1,15/02/2015 8:00,7118.82,25.38,TRADE
NSW1,15/02/2015 8:30,7319.03,26.27,TRADE
NSW1,15/02/2015 9:00,7511.29,27.56,TRADE
NSW1,15/02/2015 9:30,7635.39,28.01,TRADE
NSW1,15/02/2015 10:00,7678.36,28.18,TRADE
NSW1,15/02/2015 10:30,7742.69,28.93,TRADE
NSW1,15/02/2015 11:00,7837.36,29.63,TRADE
NSW1,15/02/2015 11:30,7978.0,33.32,TRADE
NSW1,15/02/2015 12:00,8099.08,32.72,TRADE
NSW1,15/02/2015 12:30,8143.84,33.0,TRADE
NSW1,15/02/2015 13:00,8284.31,35.24,TRADE
NSW1,15/02/2015 13:30,8379.4,34.97,TRADE
NSW1,15/02/2015 14:00,8564.47,37.38,TRADE
NSW1,15/02/2015 14:30,8564.43,32.42,TRADE
NSW1,15/02/2015 15:00,8557.67,33.21,TRADE
NSW1,15/02/2015 15:30,8559.46,34.71,TRADE
NSW1,15/02/2015 16:00,8632.42,41.14,TRADE
NSW1,15/02/2015 16:30,8654.44,126.33,TRADE
NSW1,15/02/2015 17:00,8798.97,83.74,TRADE
NSW1,15/02/2015 17:30,8824.72,170.73,TRADE
NSW1,15/02/2015 18:00,8745.7,64.83,TRADE
NSW1,15/02/2015 18:30,8593.82,85.38,TRADE
NSW1,15/02/2015 19:00,8475.68,37.56,TRADE
NSW1,15/02/2015 19:30,8576.18,42.81,TRADE
NSW1,15/02/2015 20:00,8566.36,42.75,TRADE
NSW1,15/02/2015 20:30,8347.53,39.06,TRADE
NSW1,15/02/2015 21:00,8044.0,34.04,TRADE
NSW1,15/02/2015 21:30,7831.16,33.33,TRADE
NSW1,15/02/2015 22:00,7610.07,31.28,TRADE
NSW1,15/02/2015 22:30,7469.41,35.0,TRADE
NSW1,15/02/2015 23:00,7231.24,34.06,TRADE
NSW1,15/02/2015 23:30,7033.58,33.55,TRADE
NSW1,16/02/2015 0:00,6877.61,30.02,TRADE
NSW1,16/02/2015 0:30,6724.97,31.16,TRADE
NSW1,16/02/2015 1:00,6564.49,29.72,TRADE
NSW1,16/02/2015 1:30,6359.56,29.02,TRADE
NSW1,16/02/2015 2:00,6158.72,28.47,TRADE
NSW1,16/02/2015 2:30,6177.08,28.91,TRADE
NSW1,16/02/2015 3:00,6033.75,27.99,TRADE
NSW1,16/02/2015 3:30,6061.41,28.06,TRADE
NSW1,16/02/2015 4:00,6196.29,29.02,TRADE
NSW1,16/02/2015 4:30,6386.21,29.42,TRADE
NSW1,16/02/2015 5:00,6669.36,32.96,TRADE
NSW1,16/02/2015 5:30,7200.44,41.95,TRADE
NSW1,16/02/2015 6:00,7682.01,38.76,TRADE
NSW1,16/02/2015 6:30,8132.9,42.32,TRADE
NSW1,16/02/2015 7:00,8521.63,45.28,TRADE
NSW1,16/02/2015 7:30,8742.36,43.03,TRADE
NSW1,16/02/2015 8:00,8947.04,42.69,TRADE
NSW1,16/02/2015 8:30,9168.12,41.35,TRADE
NSW1,16/02/2015 9:00,9212.12,41.18,TRADE
NSW1,16/02/2015 9:30,9366.38,36.69,TRADE
NSW1,16/02/2015 10:00,9422.0,35.38,TRADE
NSW1,16/02/2015 10:30,9469.73,35.59,TRADE
NSW1,16/02/2015 11:00,9579.52,35.78,TRADE
NSW1,16/02/2015 11:30,9552.87,35.02,TRADE
NSW1,16/02/2015 12:00,9674.82,37.22,TRADE
NSW1,16/02/2015 12:30,9763.32,42.01,TRADE
NSW1,16/02/2015 13:00,9886.43,41.71,TRADE
NSW1,16/02/2015 13:30,9945.09,41.95,TRADE
NSW1,16/02/2015 14:00,9985.84,43.63,TRADE
NSW1,16/02/2015 14:30,10074.28,40.49,TRADE
NSW1,16/02/2015 15:00,10274.06,41.96,TRADE
NSW1,16/02/2015 15:30,10378.39,44.57,TRADE
NSW1,16/02/2015 16:00,10418.14,48.79,TRADE
NSW1,16/02/2015 16:30,10393.57,48.12,TRADE
NSW1,16/02/2015 17:00,10263.08,58.61,TRADE
NSW1,16/02/2015 17:30,9992.67,45.65,TRADE
NSW1,16/02/2015 18:00,9815.82,39.53,TRADE
NSW1,16/02/2015 18:30,9430.16,32.42,TRADE
NSW1,16/02/2015 19:00,9236.58,35.84,TRADE
NSW1,16/02/2015 19:30,9225.8,43.08,TRADE
NSW1,16/02/2015 20:00,9021.01,42.64,TRADE
NSW1,16/02/2015 20:30,8751.17,42.2,TRADE
NSW1,16/02/2015 21:00,8456.87,34.15,TRADE
NSW1,16/02/2015 21:30,8316.1,33.74,TRADE
NSW1,16/02/2015 22:00,8064.56,31.67,TRADE
NSW1,16/02/2015 22:30,7937.85,35.14,TRADE
NSW1,16/02/2015 23:00,7662.65,33.91,TRADE
NSW1,16/02/2015 23:30,7528.82,40.77,TRADE
NSW1,17/02/2015 0:00,7411.16,37.1,TRADE
NSW1,17/02/2015 0:30,7224.4,30.04,TRADE
NSW1,17/02/2015 1:00,6972.27,30.24,TRADE
NSW1,17/02/2015 1:30,6690.2,31.8,TRADE
NSW1,17/02/2015 2:00,6438.22,28.69,TRADE
NSW1,17/02/2015 2:30,6333.59,30.74,TRADE
NSW1,17/02/2015 3:00,6265.99,31.06,TRADE
NSW1,17/02/2015 3:30,6251.44,28.89,TRADE
NSW1,17/02/2015 4:00,6329.77,28.48,TRADE
NSW1,17/02/2015 4:30,6511.67,34.12,TRADE
NSW1,17/02/2015 5:00,6765.4,35.61,TRADE
NSW1,17/02/2015 5:30,7357.79,42.69,TRADE
NSW1,17/02/2015 6:00,7807.68,41.78,TRADE
NSW1,17/02/2015 6:30,8216.86,46.37,TRADE
NSW1,17/02/2015 7:00,8538.5,48.15,TRADE
NSW1,17/02/2015 7:30,8769.0,38.45,TRADE
NSW1,17/02/2015 8:00,8927.45,37.49,TRADE
NSW1,17/02/2015 8:30,9147.61,39.4,TRADE
NSW1,17/02/2015 9:00,9231.9,38.15,TRADE
NSW1,17/02/2015 9:30,9316.8,39.36,TRADE
NSW1,17/02/2015 10:00,9432.31,41.96,TRADE
NSW1,17/02/2015 10:30,9394.99,38.11,TRADE
NSW1,17/02/2015 11:00,9500.27,39.14,TRADE
NSW1,17/02/2015 11:30,9535.79,38.45,TRADE
NSW1,17/02/2015 12:00,9637.26,39.58,TRADE
NSW1,17/02/2015 12:30,9720.39,42.24,TRADE
NSW1,17/02/2015 13:00,9743.8,46.13,TRADE
NSW1,17/02/2015 13:30,9839.41,41.96,TRADE
NSW1,17/02/2015 14:00,9894.63,42.3,TRADE
NSW1,17/02/2015 14:30,9945.17,41.96,TRADE
NSW1,17/02/2015 15:00,10126.47,41.96,TRADE
NSW1,17/02/2015 15:30,10242.68,41.96,TRADE
NSW1,17/02/2015 16:00,10295.2,42.56,TRADE
NSW1,17/02/2015 16:30,10232.76,49.16,TRADE
NSW1,17/02/2015 17:00,10147.65,43.92,TRADE
NSW1,17/02/2015 17:30,9775.6,37.65,TRADE
NSW1,17/02/2015 18:00,9553.92,33.73,TRADE
NSW1,17/02/2015 18:30,9335.4,35.14,TRADE
NSW1,17/02/2015 19:00,9186.9,36.55,TRADE
NSW1,17/02/2015 19:30,9284.69,46.32,TRADE
NSW1,17/02/2015 20:00,9074.17,35.95,TRADE
NSW1,17/02/2015 20:30,8851.73,33.72,TRADE
NSW1,17/02/2015 21:00,8500.52,32.09,TRADE
NSW1,17/02/2015 21:30,8357.75,31.95,TRADE
NSW1,17/02/2015 22:00,8058.25,30.68,TRADE
NSW1,17/02/2015 22:30,8009.94,33.48,TRADE
NSW1,17/02/2015 23:00,7805.87,33.31,TRADE
NSW1,17/02/2015 23:30,7600.51,32.83,TRADE
NSW1,18/02/2015 0:00,7399.48,32.96,TRADE
NSW1,18/02/2015 0:30,7137.89,28.57,TRADE
NSW1,18/02/2015 1:00,6898.81,27.7,TRADE
NSW1,18/02/2015 1:30,6613.91,27.19,TRADE
NSW1,18/02/2015 2:00,6368.07,27.96,TRADE
NSW1,18/02/2015 2:30,6258.31,28.02,TRADE
NSW1,18/02/2015 3:00,6221.72,27.99,TRADE
NSW1,18/02/2015 3:30,6220.0,27.92,TRADE
NSW1,18/02/2015 4:00,6320.55,27.96,TRADE
NSW1,18/02/2015 4:30,6541.77,28.91,TRADE
NSW1,18/02/2015 5:00,6827.51,28.16,TRADE
NSW1,18/02/2015 5:30,7348.12,33.6,TRADE
NSW1,18/02/2015 6:00,7798.69,33.52,TRADE
NSW1,18/02/2015 6:30,8235.27,33.68,TRADE
NSW1,18/02/2015 7:00,8666.47,41.94,TRADE
NSW1,18/02/2015 7:30,8840.91,34.84,TRADE
NSW1,18/02/2015 8:00,8976.31,35.93,TRADE
NSW1,18/02/2015 8:30,9157.73,36.2,TRADE
NSW1,18/02/2015 9:00,9267.34,36.7,TRADE
NSW1,18/02/2015 9:30,9386.78,37.04,TRADE
NSW1,18/02/2015 10:00,9477.35,36.15,TRADE
NSW1,18/02/2015 10:30,9523.64,37.8,TRADE
NSW1,18/02/2015 11:00,9571.42,46.64,TRADE
NSW1,18/02/2015 11:30,9633.74,46.74,TRADE
NSW1,18/02/2015 12:00,9622.27,40.45,TRADE
NSW1,18/02/2015 12:30,9689.4,40.23,TRADE
NSW1,18/02/2015 13:00,9755.57,40.65,TRADE
NSW1,18/02/2015 13:30,9813.33,40.3,TRADE
NSW1,18/02/2015 14:00,9844.07,42.01,TRADE
NSW1,18/02/2015 14:30,9878.1,40.53,TRADE
NSW1,18/02/2015 15:00,10026.21,44.87,TRADE
NSW1,18/02/2015 15:30,10155.58,41.14,TRADE
NSW1,18/02/2015 16:00,10237.62,41.68,TRADE
NSW1,18/02/2015 16:30,10118.53,37.84,TRADE
NSW1,18/02/2015 17:00,9993.01,36.55,TRADE
NSW1,18/02/2015 17:30,9655.73,32.02,TRADE
NSW1,18/02/2015 18:00,9470.57,33.47,TRADE
NSW1,18/02/2015 18:30,9178.77,33.21,TRADE
NSW1,18/02/2015 19:00,9151.37,41.1,TRADE
NSW1,18/02/2015 19:30,9109.1,47.46,TRADE
NSW1,18/02/2015 20:00,9045.93,43.98,TRADE
NSW1,18/02/2015 20:30,8792.92,32.71,TRADE
NSW1,18/02/2015 21:00,8499.32,29.83,TRADE
NSW1,18/02/2015 21:30,8344.13,30.82,TRADE
NSW1,18/02/2015 22:00,8065.1,28.66,TRADE
NSW1,18/02/2015 22:30,7872.63,31.1,TRADE
NSW1,18/02/2015 23:00,7694.54,31.36,TRADE
NSW1,18/02/2015 23:30,7452.2,31.73,TRADE
NSW1,19/02/2015 0:00,7316.45,32.08,TRADE
NSW1,19/02/2015 0:30,7131.24,29.66,TRADE
NSW1,19/02/2015 1:00,6903.54,29.43,TRADE
NSW1,19/02/2015 1:30,6607.43,28.42,TRADE
NSW1,19/02/2015 2:00,6388.7,27.57,TRADE
NSW1,19/02/2015 2:30,6256.16,28.0,TRADE
NSW1,19/02/2015 3:00,6207.08,28.05,TRADE
NSW1,19/02/2015 3:30,6229.31,28.04,TRADE
NSW1,19/02/2015 4:00,6296.47,28.06,TRADE
NSW1,19/02/2015 4:30,6578.65,31.49,TRADE
NSW1,19/02/2015 5:00,6817.99,32.36,TRADE
NSW1,19/02/2015 5:30,7355.41,40.74,TRADE
NSW1,19/02/2015 6:00,7823.08,38.29,TRADE
NSW1,19/02/2015 6:30,8249.69,37.03,TRADE
NSW1,19/02/2015 7:00,8598.83,41.14,TRADE
NSW1,19/02/2015 7:30,8825.45,38.04,TRADE
NSW1,19/02/2015 8:00,8930.42,37.96,TRADE
NSW1,19/02/2015 8:30,9159.91,38.09,TRADE
NSW1,19/02/2015 9:00,9277.07,38.04,TRADE
NSW1,19/02/2015 9:30,9336.64,37.86,TRADE
NSW1,19/02/2015 10:00,9435.89,39.36,TRADE
NSW1,19/02/2015 10:30,9456.38,36.55,TRADE
NSW1,19/02/2015 11:00,9505.06,44.12,TRADE
NSW1,19/02/2015 11:30,9564.14,44.5,TRADE
NSW1,19/02/2015 12:00,9587.53,51.83,TRADE
NSW1,19/02/2015 12:30,9637.33,44.33,TRADE
NSW1,19/02/2015 13:00,9693.77,50.3,TRADE
NSW1,19/02/2015 13:30,9730.6,51.15,TRADE
NSW1,19/02/2015 14:00,9612.61,41.77,TRADE
NSW1,19/02/2015 14:30,9622.74,42.07,TRADE
NSW1,19/02/2015 15:00,9696.5,45.26,TRADE
NSW1,19/02/2015 15:30,9739.22,41.91,TRADE
NSW1,19/02/2015 16:00,9715.29,40.58,TRADE
NSW1,19/02/2015 16:30,9600.68,43.55,TRADE
NSW1,19/02/2015 17:00,9607.35,46.68,TRADE
NSW1,19/02/2015 17:30,9411.28,40.33,TRADE
NSW1,19/02/2015 18:00,9286.92,35.63,TRADE
NSW1,19/02/2015 18:30,9055.38,33.12,TRADE
NSW1,19/02/2015 19:00,9026.92,36.91,TRADE
NSW1,19/02/2015 19:30,9163.11,36.34,TRADE
NSW1,19/02/2015 20:00,8939.16,34.84,TRADE
NSW1,19/02/2015 20:30,8709.51,36.1,TRADE
NSW1,19/02/2015 21:00,8400.86,32.64,TRADE
NSW1,19/02/2015 21:30,8330.07,32.55,TRADE
NSW1,19/02/2015 22:00,8083.67,30.2,TRADE
NSW1,19/02/2015 22:30,7926.61,30.78,TRADE
NSW1,19/02/2015 23:00,7696.8,31.61,TRADE
NSW1,19/02/2015 23:30,7448.71,31.7,TRADE
NSW1,20/02/2015 0:00,7300.75,30.5,TRADE
NSW1,20/02/2015 0:30,7087.77,28.74,TRADE
NSW1,20/02/2015 1:00,6842.8,28.39,TRADE
NSW1,20/02/2015 1:30,6573.99,27.98,TRADE
NSW1,20/02/2015 2:00,6353.54,27.93,TRADE
NSW1,20/02/2015 2:30,6250.11,27.96,TRADE
NSW1,20/02/2015 3:00,6186.59,28.01,TRADE
NSW1,20/02/2015 3:30,6196.24,28.02,TRADE
NSW1,20/02/2015 4:00,6304.68,28.8,TRADE
NSW1,20/02/2015 4:30,6529.05,31.46,TRADE
NSW1,20/02/2015 5:00,6816.22,37.33,TRADE
NSW1,20/02/2015 5:30,7353.47,41.23,TRADE
NSW1,20/02/2015 6:00,7807.3,39.47,TRADE
NSW1,20/02/2015 6:30,8213.67,39.33,TRADE
NSW1,20/02/2015 7:00,8645.54,38.25,TRADE
NSW1,20/02/2015 7:30,8851.31,35.58,TRADE
NSW1,20/02/2015 8:00,9009.38,39.18,TRADE
NSW1,20/02/2015 8:30,9201.95,40.98,TRADE
NSW1,20/02/2015 9:00,9315.31,43.31,TRADE
NSW1,20/02/2015 9:30,9418.67,42.74,TRADE
NSW1,20/02/2015 10:00,9528.67,47.77,TRADE
NSW1,20/02/2015 10:30,9553.82,50.11,TRADE
NSW1,20/02/2015 11:00,9561.57,50.2,TRADE
NSW1,20/02/2015 11:30,9553.58,46.88,TRADE
NSW1,20/02/2015 12:00,9590.63,44.84,TRADE
NSW1,20/02/2015 12:30,9613.65,37.39,TRADE
NSW1,20/02/2015 13:00,9658.54,38.77,TRADE
NSW1,20/02/2015 13:30,9653.47,38.24,TRADE
NSW1,20/02/2015 14:00,9645.84,35.96,TRADE
NSW1,20/02/2015 14:30,9618.55,36.4,TRADE
NSW1,20/02/2015 15:00,9675.31,35.6,TRADE
NSW1,20/02/2015 15:30,9737.28,37.03,TRADE
NSW1,20/02/2015 16:00,9669.51,36.63,TRADE
NSW1,20/02/2015 16:30,9554.75,40.13,TRADE
NSW1,20/02/2015 17:00,9419.4,37.18,TRADE
NSW1,20/02/2015 17:30,9160.65,34.89,TRADE
NSW1,20/02/2015 18:00,8978.33,34.89,TRADE
NSW1,20/02/2015 18:30,8808.78,35.59,TRADE
NSW1,20/02/2015 19:00,8756.51,35.01,TRADE
NSW1,20/02/2015 19:30,8838.07,35.37,TRADE
NSW1,20/02/2015 20:00,8718.58,33.58,TRADE
NSW1,20/02/2015 20:30,8551.42,32.77,TRADE
NSW1,20/02/2015 21:00,8325.61,31.48,TRADE
NSW1,20/02/2015 21:30,8311.17,31.27,TRADE
NSW1,20/02/2015 22:00,8076.32,30.22,TRADE
NSW1,20/02/2015 22:30,7992.35,31.18,TRADE
NSW1,20/02/2015 23:00,7838.85,32.15,TRADE
NSW1,20/02/2015 23:30,7630.69,32.18,TRADE
NSW1,21/02/2015 0:00,7382.85,29.32,TRADE
NSW1,21/02/2015 0:30,7172.45,29.31,TRADE
NSW1,21/02/2015 1:00,6921.99,28.05,TRADE
NSW1,21/02/2015 1:30,6602.61,26.29,TRADE
NSW1,21/02/2015 2:00,6357.25,20.78,TRADE
NSW1,21/02/2015 2:30,6146.98,18.99,TRADE
NSW1,21/02/2015 3:00,6137.33,19.58,TRADE
NSW1,21/02/2015 3:30,6083.84,18.71,TRADE
NSW1,21/02/2015 4:00,6089.63,18.7,TRADE
NSW1,21/02/2015 4:30,6191.91,18.96,TRADE
NSW1,21/02/2015 5:00,6209.1,18.65,TRADE
NSW1,21/02/2015 5:30,6429.72,21.73,TRADE
NSW1,21/02/2015 6:00,6610.06,18.96,TRADE
NSW1,21/02/2015 6:30,6860.3,21.41,TRADE
NSW1,21/02/2015 7:00,7227.25,27.09,TRADE
NSW1,21/02/2015 7:30,7618.91,28.36,TRADE
NSW1,21/02/2015 8:00,7929.68,29.49,TRADE
NSW1,21/02/2015 8:30,8165.88,32.76,TRADE
NSW1,21/02/2015 9:00,8281.57,33.79,TRADE
NSW1,21/02/2015 9:30,8358.89,33.38,TRADE
NSW1,21/02/2015 10:00,8423.55,34.71,TRADE
NSW1,21/02/2015 10:30,8471.54,37.41,TRADE
NSW1,21/02/2015 11:00,8452.83,38.32,TRADE
NSW1,21/02/2015 11:30,8391.37,34.75,TRADE
NSW1,21/02/2015 12:00,8306.77,35.08,TRADE
NSW1,21/02/2015 12:30,8281.32,33.79,TRADE
NSW1,21/02/2015 13:00,8235.54,34.4,TRADE
NSW1,21/02/2015 13:30,8235.56,34.32,TRADE
NSW1,21/02/2015 14:00,8221.39,37.64,TRADE
NSW1,21/02/2015 14:30,8219.01,39.51,TRADE
NSW1,21/02/2015 15:00,8224.41,41.96,TRADE
NSW1,21/02/2015 15:30,8221.37,35.07,TRADE
NSW1,21/02/2015 16:00,8263.96,38.98,TRADE
NSW1,21/02/2015 16:30,8238.98,42.25,TRADE
NSW1,21/02/2015 17:00,8338.12,41.94,TRADE
NSW1,21/02/2015 17:30,8288.73,39.51,TRADE
NSW1,21/02/2015 18:00,8266.46,37.18,TRADE
NSW1,21/02/2015 18:30,8214.54,39.55,TRADE
NSW1,21/02/2015 19:00,8253.37,41.19,TRADE
NSW1,21/02/2015 19:30,8259.09,36.57,TRADE
NSW1,21/02/2015 20:00,8202.46,34.45,TRADE
NSW1,21/02/2015 20:30,8104.63,34.5,TRADE
NSW1,21/02/2015 21:00,7944.49,33.51,TRADE
NSW1,21/02/2015 21:30,7825.75,32.24,TRADE
NSW1,21/02/2015 22:00,7678.98,31.76,TRADE
NSW1,21/02/2015 22:30,7595.28,35.01,TRADE
NSW1,21/02/2015 23:00,7393.07,34.61,TRADE
NSW1,21/02/2015 23:30,7178.9,33.07,TRADE
NSW1,22/02/2015 0:00,7015.62,31.63,TRADE
NSW1,22/02/2015 0:30,6820.21,31.7,TRADE
NSW1,22/02/2015 1:00,6647.65,29.82,TRADE
NSW1,22/02/2015 1:30,6352.24,28.17,TRADE
NSW1,22/02/2015 2:00,6178.34,27.99,TRADE
NSW1,22/02/2015 2:30,6028.35,27.83,TRADE
NSW1,22/02/2015 3:00,5962.97,27.72,TRADE
NSW1,22/02/2015 3:30,5936.2,27.71,TRADE
NSW1,22/02/2015 4:00,5905.78,27.91,TRADE
NSW1,22/02/2015 4:30,6011.19,28.95,TRADE
NSW1,22/02/2015 5:00,6025.87,28.01,TRADE
NSW1,22/02/2015 5:30,6162.73,31.87,TRADE
NSW1,22/02/2015 6:00,6230.94,27.79,TRADE
NSW1,22/02/2015 6:30,6422.34,27.66,TRADE
NSW1,22/02/2015 7:00,6705.29,28.54,TRADE
NSW1,22/02/2015 7:30,7031.09,28.0,TRADE
NSW1,22/02/2015 8:00,7325.1,28.38,TRADE
NSW1,22/02/2015 8:30,7579.34,30.71,TRADE
NSW1,22/02/2015 9:00,7802.62,32.47,TRADE
NSW1,22/02/2015 9:30,7941.72,33.99,TRADE
NSW1,22/02/2015 10:00,7953.87,33.19,TRADE
NSW1,22/02/2015 10:30,8028.49,33.96,TRADE
NSW1,22/02/2015 11:00,8060.75,36.0,TRADE
NSW1,22/02/2015 11:30,8061.96,36.33,TRADE
NSW1,22/02/2015 12:00,8081.35,36.3,TRADE
NSW1,22/02/2015 12:30,8101.35,35.55,TRADE
NSW1,22/02/2015 13:00,8060.05,37.64,TRADE
NSW1,22/02/2015 13:30,8101.98,37.47,TRADE
NSW1,22/02/2015 14:00,8166.2,37.36,TRADE
NSW1,22/02/2015 14:30,8231.28,35.02,TRADE
NSW1,22/02/2015 15:00,8299.1,34.94,TRADE
NSW1,22/02/2015 15:30,8376.13,35.11,TRADE
NSW1,22/02/2015 16:00,8480.76,37.02,TRADE
NSW1,22/02/2015 16:30,8551.51,35.87,TRADE
NSW1,22/02/2015 17:00,8700.4,38.72,TRADE
NSW1,22/02/2015 17:30,8668.08,39.49,TRADE
NSW1,22/02/2015 18:00,8638.45,36.4,TRADE
NSW1,22/02/2015 18:30,8539.01,38.6,TRADE
NSW1,22/02/2015 19:00,8470.2,37.06,TRADE
NSW1,22/02/2015 19:30,8589.89,38.9,TRADE
NSW1,22/02/2015 20:00,8467.54,34.96,TRADE
NSW1,22/02/2015 20:30,8253.76,34.89,TRADE
NSW1,22/02/2015 21:00,8035.68,34.12,TRADE
NSW1,22/02/2015 21:30,7783.51,33.14,TRADE
NSW1,22/02/2015 22:00,7627.07,30.18,TRADE
NSW1,22/02/2015 22:30,7505.04,30.67,TRADE
NSW1,22/02/2015 23:00,7276.05,27.99,TRADE
NSW1,22/02/2015 23:30,7024.36,27.82,TRADE
NSW1,23/02/2015 0:00,6878.95,19.95,TRADE
NSW1,23/02/2015 0:30,6735.62,27.87,TRADE
NSW1,23/02/2015 1:00,6579.77,28.04,TRADE
NSW1,23/02/2015 1:30,6386.6,19.0,TRADE
NSW1,23/02/2015 2:00,6210.79,18.96,TRADE
NSW1,23/02/2015 2:30,6160.29,17.91,TRADE
NSW1,23/02/2015 3:00,6106.0,19.08,TRADE
NSW1,23/02/2015 3:30,6113.01,18.15,TRADE
NSW1,23/02/2015 4:00,6172.74,18.96,TRADE
NSW1,23/02/2015 4:30,6420.92,19.17,TRADE
NSW1,23/02/2015 5:00,6684.9,26.57,TRADE
NSW1,23/02/2015 5:30,7324.44,33.77,TRADE
NSW1,23/02/2015 6:00,7856.56,29.52,TRADE
NSW1,23/02/2015 6:30,8349.48,33.27,TRADE
NSW1,23/02/2015 7:00,8754.86,36.58,TRADE
NSW1,23/02/2015 7:30,8885.57,38.21,TRADE
NSW1,23/02/2015 8:00,9034.68,39.29,TRADE
NSW1,23/02/2015 8:30,9179.53,44.63,TRADE
NSW1,23/02/2015 9:00,9284.26,37.08,TRADE
NSW1,23/02/2015 9:30,9343.68,41.48,TRADE
NSW1,23/02/2015 10:00,9406.97,40.67,TRADE
NSW1,23/02/2015 10:30,9419.78,35.84,TRADE
NSW1,23/02/2015 11:00,9443.71,34.81,TRADE
NSW1,23/02/2015 11:30,9493.68,34.67,TRADE
NSW1,23/02/2015 12:00,9562.48,36.19,TRADE
NSW1,23/02/2015 12:30,9653.78,39.09,TRADE
NSW1,23/02/2015 13:00,9687.17,36.54,TRADE
NSW1,23/02/2015 13:30,9665.54,35.47,TRADE
NSW1,23/02/2015 14:00,9678.52,35.16,TRADE
NSW1,23/02/2015 14:30,9731.63,34.44,TRADE
NSW1,23/02/2015 15:00,9933.29,39.1,TRADE
NSW1,23/02/2015 15:30,10026.66,41.1,TRADE
NSW1,23/02/2015 16:00,10110.71,42.24,TRADE
NSW1,23/02/2015 16:30,10063.82,43.8,TRADE
NSW1,23/02/2015 17:00,10016.26,47.96,TRADE
NSW1,23/02/2015 17:30,9819.02,39.33,TRADE
NSW1,23/02/2015 18:00,9695.89,38.3,TRADE
NSW1,23/02/2015 18:30,9460.5,34.27,TRADE
NSW1,23/02/2015 19:00,9315.24,35.05,TRADE
NSW1,23/02/2015 19:30,9333.43,38.06,TRADE
NSW1,23/02/2015 20:00,9118.94,37.62,TRADE
NSW1,23/02/2015 20:30,8832.57,33.93,TRADE
NSW1,23/02/2015 21:00,8415.79,30.54,TRADE
NSW1,23/02/2015 21:30,8211.16,29.88,TRADE
NSW1,23/02/2015 22:00,7911.38,27.71,TRADE
NSW1,23/02/2015 22:30,7785.71,29.36,TRADE
NSW1,23/02/2015 23:00,7520.98,27.95,TRADE
NSW1,23/02/2015 23:30,7352.46,28.08,TRADE
NSW1,24/02/2015 0:00,7167.61,28.07,TRADE
NSW1,24/02/2015 0:30,7014.43,28.03,TRADE
NSW1,24/02/2015 1:00,6872.63,27.18,TRADE
NSW1,24/02/2015 1:30,6584.69,20.46,TRADE
NSW1,24/02/2015 2:00,6368.55,19.21,TRADE
NSW1,24/02/2015 2:30,6256.12,26.28,TRADE
NSW1,24/02/2015 3:00,6144.38,27.73,TRADE
NSW1,24/02/2015 3:30,6169.09,27.54,TRADE
NSW1,24/02/2015 4:00,6251.95,27.96,TRADE
NSW1,24/02/2015 4:30,6430.06,27.72,TRADE
NSW1,24/02/2015 5:00,6729.2,29.33,TRADE
NSW1,24/02/2015 5:30,7283.43,42.09,TRADE
NSW1,24/02/2015 6:00,7797.09,28.38,TRADE
NSW1,24/02/2015 6:30,8241.38,34.18,TRADE
NSW1,24/02/2015 7:00,8543.76,34.96,TRADE
NSW1,24/02/2015 7:30,8744.46,34.21,TRADE
NSW1,24/02/2015 8:00,8860.42,34.88,TRADE
NSW1,24/02/2015 8:30,8982.52,33.86,TRADE
NSW1,24/02/2015 9:00,9176.7,34.66,TRADE
NSW1,24/02/2015 9:30,9221.1,34.94,TRADE
NSW1,24/02/2015 10:00,9284.38,34.96,TRADE
NSW1,24/02/2015 10:30,9268.96,32.83,TRADE
NSW1,24/02/2015 11:00,9261.68,33.8,TRADE
NSW1,24/02/2015 11:30,9182.06,33.04,TRADE
NSW1,24/02/2015 12:00,9178.23,33.03,TRADE
NSW1,24/02/2015 12:30,9188.74,33.65,TRADE
NSW1,24/02/2015 13:00,9181.78,33.85,TRADE
NSW1,24/02/2015 13:30,9182.4,31.57,TRADE
NSW1,24/02/2015 14:00,9215.2,33.74,TRADE
NSW1,24/02/2015 14:30,9217.47,32.75,TRADE
NSW1,24/02/2015 15:00,9261.84,33.4,TRADE
NSW1,24/02/2015 15:30,9232.5,34.1,TRADE
NSW1,24/02/2015 16:00,9240.59,34.95,TRADE
NSW1,24/02/2015 16:30,9149.29,34.46,TRADE
NSW1,24/02/2015 17:00,9147.41,34.96,TRADE
NSW1,24/02/2015 17:30,8864.27,33.66,TRADE
NSW1,24/02/2015 18:00,8837.85,33.88,TRADE
NSW1,24/02/2015 18:30,8639.13,28.02,TRADE
NSW1,24/02/2015 19:00,8612.57,30.26,TRADE
NSW1,24/02/2015 19:30,8604.51,30.76,TRADE
NSW1,24/02/2015 20:00,8423.76,32.47,TRADE
NSW1,24/02/2015 20:30,8189.09,28.05,TRADE
NSW1,24/02/2015 21:00,7953.15,27.37,TRADE
NSW1,24/02/2015 21:30,7848.8,27.08,TRADE
NSW1,24/02/2015 22:00,7650.33,23.78,TRADE
NSW1,24/02/2015 22:30,7484.91,25.67,TRADE
NSW1,24/02/2015 23:00,7339.07,25.25,TRADE
NSW1,24/02/2015 23:30,7150.12,24.46,TRADE
NSW1,25/02/2015 0:00,6998.62,24.08,TRADE
NSW1,25/02/2015 0:30,6845.43,29.0,TRADE
NSW1,25/02/2015 1:00,6613.52,21.44,TRADE
NSW1,25/02/2015 1:30,6252.38,18.96,TRADE
NSW1,25/02/2015 2:00,5996.23,18.96,TRADE
NSW1,25/02/2015 2:30,5881.86,18.99,TRADE
NSW1,25/02/2015 3:00,5804.05,18.78,TRADE
NSW1,25/02/2015 3:30,5810.77,18.96,TRADE
NSW1,25/02/2015 4:00,5913.94,18.96,TRADE
NSW1,25/02/2015 4:30,6154.93,25.72,TRADE
NSW1,25/02/2015 5:00,6471.21,30.58,TRADE
NSW1,25/02/2015 5:30,7006.9,42.55,TRADE
NSW1,25/02/2015 6:00,7529.64,41.84,TRADE
NSW1,25/02/2015 6:30,7985.93,40.71,TRADE
NSW1,25/02/2015 7:00,8277.5,46.11,TRADE
NSW1,25/02/2015 7:30,8361.94,36.44,TRADE
NSW1,25/02/2015 8:00,8521.3,35.27,TRADE
NSW1,25/02/2015 8:30,8680.6,35.38,TRADE
NSW1,25/02/2015 9:00,8742.9,35.05,TRADE
NSW1,25/02/2015 9:30,8840.49,36.32,TRADE
NSW1,25/02/2015 10:00,8860.25,40.32,TRADE
NSW1,25/02/2015 10:30,8826.25,38.46,TRADE
NSW1,25/02/2015 11:00,8866.85,36.78,TRADE
NSW1,25/02/2015 11:30,8820.0,37.23,TRADE
NSW1,25/02/2015 12:00,8787.57,37.42,TRADE
NSW1,25/02/2015 12:30,8766.07,38.85,TRADE
NSW1,25/02/2015 13:00,8759.83,38.94,TRADE
NSW1,25/02/2015 13:30,8762.93,40.96,TRADE
NSW1,25/02/2015 14:00,8757.32,40.84,TRADE
NSW1,25/02/2015 14:30,8785.71,40.79,TRADE
NSW1,25/02/2015 15:00,8819.6,39.19,TRADE
NSW1,25/02/2015 15:30,8821.42,39.84,TRADE
NSW1,25/02/2015 16:00,8916.7,41.86,TRADE
NSW1,25/02/2015 16:30,8883.53,41.08,TRADE
NSW1,25/02/2015 17:00,8895.38,43.37,TRADE
NSW1,25/02/2015 17:30,8676.0,31.96,TRADE
NSW1,25/02/2015 18:00,8606.34,34.72,TRADE
NSW1,25/02/2015 18:30,8439.74,34.83,TRADE
NSW1,25/02/2015 19:00,8410.15,34.95,TRADE
NSW1,25/02/2015 19:30,8353.85,34.54,TRADE
NSW1,25/02/2015 20:00,8173.78,33.4,TRADE
NSW1,25/02/2015 20:30,7960.49,33.53,TRADE
NSW1,25/02/2015 21:00,7758.03,32.67,TRADE
NSW1,25/02/2015 21:30,7663.47,30.18,TRADE
NSW1,25/02/2015 22:00,7442.84,27.99,TRADE
NSW1,25/02/2015 22:30,7474.87,30.37,TRADE
NSW1,25/02/2015 23:00,7367.61,33.19,TRADE
NSW1,25/02/2015 23:30,7161.99,31.94,TRADE
NSW1,26/02/2015 0:00,7039.75,30.94,TRADE
NSW1,26/02/2015 0:30,6879.0,31.42,TRADE
NSW1,26/02/2015 1:00,6674.98,31.75,TRADE
NSW1,26/02/2015 1:30,6318.92,28.49,TRADE
NSW1,26/02/2015 2:00,6140.93,27.95,TRADE
NSW1,26/02/2015 2:30,5954.66,27.99,TRADE
NSW1,26/02/2015 3:00,5943.75,28.02,TRADE
NSW1,26/02/2015 3:30,5943.78,28.01,TRADE
NSW1,26/02/2015 4:00,6012.63,29.83,TRADE
NSW1,26/02/2015 4:30,6258.67,30.56,TRADE
NSW1,26/02/2015 5:00,6533.8,32.93,TRADE
NSW1,26/02/2015 5:30,7108.85,41.95,TRADE
NSW1,26/02/2015 6:00,7561.52,39.12,TRADE
NSW1,26/02/2015 6:30,7998.56,42.84,TRADE
NSW1,26/02/2015 7:00,8331.61,56.04,TRADE
NSW1,26/02/2015 7:30,8424.83,42.47,TRADE
NSW1,26/02/2015 8:00,8490.38,48.35,TRADE
NSW1,26/02/2015 8:30,8650.17,48.64,TRADE
NSW1,26/02/2015 9:00,8695.11,46.8,TRADE
NSW1,26/02/2015 9:30,8772.54,42.83,TRADE
NSW1,26/02/2015 10:00,8832.46,41.2,TRADE
NSW1,26/02/2015 10:30,8874.51,41.53,TRADE
NSW1,26/02/2015 11:00,8902.4,41.5,TRADE
NSW1,26/02/2015 11:30,8874.12,41.84,TRADE
NSW1,26/02/2015 12:00,8872.29,43.94,TRADE
NSW1,26/02/2015 12:30,8886.15,45.46,TRADE
NSW1,26/02/2015 13:00,8925.27,45.93,TRADE
NSW1,26/02/2015 13:30,9076.21,47.44,TRADE
NSW1,26/02/2015 14:00,9068.08,44.39,TRADE
NSW1,26/02/2015 14:30,9109.69,44.54,TRADE
NSW1,26/02/2015 15:00,9228.04,48.64,TRADE
NSW1,26/02/2015 15:30,9277.9,46.44,TRADE
NSW1,26/02/2015 16:00,9259.62,43.25,TRADE
NSW1,26/02/2015 16:30,9311.82,45.31,TRADE
NSW1,26/02/2015 17:00,9300.2,45.42,TRADE
NSW1,26/02/2015 17:30,9144.08,48.02,TRADE
NSW1,26/02/2015 18:00,8996.37,46.6,TRADE
NSW1,26/02/2015 18:30,8866.85,44.01,TRADE
NSW1,26/02/2015 19:00,8829.72,45.94,TRADE
NSW1,26/02/2015 19:30,8815.29,49.01,TRADE
NSW1,26/02/2015 20:00,8618.97,43.27,TRADE
NSW1,26/02/2015 20:30,8404.91,40.88,TRADE
NSW1,26/02/2015 21:00,8118.81,36.71,TRADE
NSW1,26/02/2015 21:30,8013.31,34.43,TRADE
NSW1,26/02/2015 22:00,7792.74,31.59,TRADE
NSW1,26/02/2015 22:30,7776.1,33.27,TRADE
NSW1,26/02/2015 23:00,7609.78,29.78,TRADE
NSW1,26/02/2015 23:30,7385.7,34.96,TRADE
NSW1,27/02/2015 0:00,7280.33,34.23,TRADE
NSW1,27/02/2015 0:30,7068.64,29.87,TRADE
NSW1,27/02/2015 1:00,6841.92,29.18,TRADE
NSW1,27/02/2015 1:30,6533.8,27.99,TRADE
NSW1,27/02/2015 2:00,6263.54,27.55,TRADE
NSW1,27/02/2015 2:30,6112.35,27.97,TRADE
NSW1,27/02/2015 3:00,6065.24,27.99,TRADE
NSW1,27/02/2015 3:30,6124.17,28.04,TRADE
NSW1,27/02/2015 4:00,6192.39,28.09,TRADE
NSW1,27/02/2015 4:30,6444.02,31.94,TRADE
NSW1,27/02/2015 5:00,6692.54,33.79,TRADE
NSW1,27/02/2015 5:30,7246.22,40.33,TRADE
NSW1,27/02/2015 6:00,7779.82,36.13,TRADE
NSW1,27/02/2015 6:30,8207.53,39.56,TRADE
NSW1,27/02/2015 7:00,8522.39,42.48,TRADE
NSW1,27/02/2015 7:30,8670.34,39.04,TRADE
NSW1,27/02/2015 8:00,8784.7,42.94,TRADE
NSW1,27/02/2015 8:30,8950.8,35.23,TRADE
NSW1,27/02/2015 9:00,8998.04,34.97,TRADE
NSW1,27/02/2015 9:30,9096.93,36.15,TRADE
NSW1,27/02/2015 10:00,9209.43,37.32,TRADE
NSW1,27/02/2015 10:30,9203.48,37.11,TRADE
NSW1,27/02/2015 11:00,9226.97,38.47,TRADE
NSW1,27/02/2015 11:30,9287.08,40.85,TRADE
NSW1,27/02/2015 12:00,9299.41,40.6,TRADE
NSW1,27/02/2015 12:30,9317.8,40.66,TRADE
NSW1,27/02/2015 13:00,9344.32,41.61,TRADE
NSW1,27/02/2015 13:30,9393.79,43.37,TRADE
NSW1,27/02/2015 14:00,9406.93,44.75,TRADE
NSW1,27/02/2015 14:30,9398.89,47.83,TRADE
NSW1,27/02/2015 15:00,9458.97,48.38,TRADE
NSW1,27/02/2015 15:30,9561.42,48.88,TRADE
NSW1,27/02/2015 16:00,9622.95,49.0,TRADE
NSW1,27/02/2015 16:30,9601.01,45.45,TRADE
NSW1,27/02/2015 17:00,9529.52,45.55,TRADE
NSW1,27/02/2015 17:30,9251.13,36.7,TRADE
NSW1,27/02/2015 18:00,9064.21,34.92,TRADE
NSW1,27/02/2015 18:30,8870.93,34.93,TRADE
NSW1,27/02/2015 19:00,8861.14,40.17,TRADE
NSW1,27/02/2015 19:30,8935.19,40.53,TRADE
NSW1,27/02/2015 20:00,8741.38,35.46,TRADE
NSW1,27/02/2015 20:30,8538.31,34.92,TRADE
NSW1,27/02/2015 21:00,8310.16,34.5,TRADE
NSW1,27/02/2015 21:30,8275.14,34.25,TRADE
NSW1,27/02/2015 22:00,8039.96,31.04,TRADE
NSW1,27/02/2015 22:30,8002.53,33.74,TRADE
NSW1,27/02/2015 23:00,7840.53,32.86,TRADE
NSW1,27/02/2015 23:30,7607.0,33.66,TRADE
NSW1,28/02/2015 0:00,7425.88,33.08,TRADE
NSW1,28/02/2015 0:30,7175.46,31.94,TRADE
NSW1,28/02/2015 1:00,6910.06,28.73,TRADE
NSW1,28/02/2015 1:30,6617.41,27.61,TRADE
NSW1,28/02/2015 2:00,6379.7,24.01,TRADE
NSW1,28/02/2015 2:30,6167.32,19.02,TRADE
NSW1,28/02/2015 3:00,6095.47,19.6,TRADE
NSW1,28/02/2015 3:30,6079.62,24.56,TRADE
NSW1,28/02/2015 4:00,6084.72,19.49,TRADE
NSW1,28/02/2015 4:30,6119.16,22.94,TRADE
NSW1,28/02/2015 5:00,6229.32,27.53,TRADE
NSW1,28/02/2015 5:30,6388.05,27.96,TRADE
NSW1,28/02/2015 6:00,6525.99,19.44,TRADE
NSW1,28/02/2015 6:30,6794.24,23.73,TRADE
NSW1,28/02/2015 7:00,7117.28,27.02,TRADE
NSW1,28/02/2015 7:30,7395.68,28.25,TRADE
NSW1,28/02/2015 8:00,7709.41,30.94,TRADE
NSW1,28/02/2015 8:30,7987.05,34.74,TRADE
NSW1,28/02/2015 9:00,8010.9,30.81,TRADE
NSW1,28/02/2015 9:30,8052.46,28.84,TRADE
NSW1,28/02/2015 10:00,8060.05,28.93,TRADE
NSW1,28/02/2015 10:30,8094.31,32.71,TRADE
NSW1,28/02/2015 11:00,8032.36,28.52,TRADE
NSW1,28/02/2015 11:30,8029.14,28.02,TRADE
NSW1,28/02/2015 12:00,8102.93,28.0,TRADE
NSW1,28/02/2015 12:30,8158.69,27.99,TRADE
NSW1,28/02/2015 13:00,8219.75,28.11,TRADE
NSW1,28/02/2015 13:30,8274.49,30.85,TRADE
NSW1,28/02/2015 14:00,8417.02,31.75,TRADE
NSW1,28/02/2015 14:30,8455.31,32.77,TRADE
NSW1,28/02/2015 15:00,8671.32,36.81,TRADE
NSW1,28/02/2015 15:30,8742.37,34.96,TRADE
NSW1,28/02/2015 16:00,8911.62,35.21,TRADE
NSW1,28/02/2015 16:30,8950.69,35.91,TRADE
NSW1,28/02/2015 17:00,9021.82,44.43,TRADE
NSW1,28/02/2015 17:30,9015.14,35.46,TRADE
NSW1,28/02/2015 18:00,8911.36,36.73,TRADE
NSW1,28/02/2015 18:30,8722.19,31.91,TRADE
NSW1,28/02/2015 19:00,8741.52,35.32,TRADE
NSW1,28/02/2015 19:30,8735.11,34.76,TRADE
NSW1,28/02/2015 20:00,8571.62,33.85,TRADE
NSW1,28/02/2015 20:30,8319.41,31.98,TRADE
NSW1,28/02/2015 21:00,8099.29,30.02,TRADE
NSW1,28/02/2015 21:30,8000.68,28.13,TRADE
NSW1,28/02/2015 22:00,7801.86,27.98,TRADE
NSW1,28/02/2015 22:30,7680.29,28.36,TRADE
NSW1,28/02/2015 23:00,7449.35,27.98,TRADE
NSW1,28/02/2015 23:30,7232.54,28.03,TRADE
NSW1,1/03/2015 0:00,7110.12,27.45,TRADE
NSW1,1/03/2015 0:30,6846.48,24.44,TRADE
NSW1,1/03/2015 1:00,6642.81,21.94,TRADE
NSW1,1/03/2015 1:30,6386.62,19.74,TRADE
NSW1,1/03/2015 2:00,6234.43,19.01,TRADE
NSW1,1/03/2015 2:30,6105.29,21.48,TRADE
NSW1,1/03/2015 3:00,6021.55,19.02,TRADE
NSW1,1/03/2015 3:30,5960.44,18.97,TRADE
NSW1,1/03/2015 4:00,5946.79,18.97,TRADE
NSW1,1/03/2015 4:30,6012.86,19.1,TRADE
NSW1,1/03/2015 5:00,5986.02,18.98,TRADE
NSW1,1/03/2015 5:30,6117.47,19.28,TRADE
NSW1,1/03/2015 6:00,6226.29,18.96,TRADE
NSW1,1/03/2015 6:30,6433.73,18.97,TRADE
NSW1,1/03/2015 7:00,6696.58,21.35,TRADE
NSW1,1/03/2015 7:30,7032.38,27.04,TRADE
NSW1,1/03/2015 8:00,7310.47,29.01,TRADE
NSW1,1/03/2015 8:30,7544.65,29.72,TRADE
NSW1,1/03/2015 9:00,7735.7,31.12,TRADE
NSW1,1/03/2015 9:30,7900.21,28.05,TRADE
NSW1,1/03/2015 10:00,8095.8,29.75,TRADE
NSW1,1/03/2015 10:30,8285.59,33.38,TRADE
NSW1,1/03/2015 11:00,8495.42,33.69,TRADE
NSW1,1/03/2015 11:30,8724.09,32.63,TRADE
NSW1,1/03/2015 12:00,8967.75,33.65,TRADE
NSW1,1/03/2015 12:30,9230.78,34.89,TRADE
NSW1,1/03/2015 13:00,9474.2,33.9,TRADE
NSW1,1/03/2015 13:30,9660.21,34.13,TRADE
NSW1,1/03/2015 14:00,9726.3,33.09,TRADE
NSW1,1/03/2015 14:30,9884.55,34.2,TRADE
NSW1,1/03/2015 15:00,9753.49,32.25,TRADE
NSW1,1/03/2015 15:30,9441.31,32.02,TRADE
NSW1,1/03/2015 16:00,9203.68,33.0,TRADE
NSW1,1/03/2015 16:30,9037.1,32.92,TRADE
NSW1,1/03/2015 17:00,8966.5,33.89,TRADE
NSW1,1/03/2015 17:30,8801.66,35.91,TRADE
NSW1,1/03/2015 18:00,8564.7,33.04,TRADE
NSW1,1/03/2015 18:30,8352.36,32.08,TRADE
NSW1,1/03/2015 19:00,8230.01,32.45,TRADE
NSW1,1/03/2015 19:30,8172.75,34.24,TRADE
NSW1,1/03/2015 20:00,7973.79,32.94,TRADE
NSW1,1/03/2015 20:30,7713.99,28.83,TRADE
NSW1,1/03/2015 21:00,7581.56,29.38,TRADE
NSW1,1/03/2015 21:30,7380.76,27.8,TRADE
NSW1,1/03/2015 22:00,7147.71,25.6,TRADE
NSW1,1/03/2015 22:30,7085.76,27.59,TRADE
NSW1,1/03/2015 23:00,6894.8,26.49,TRADE
NSW1,1/03/2015 23:30,6681.94,27.97,TRADE
NSW1,2/03/2015 0:00,6642.93,27.6,TRADE
NSW1,2/03/2015 0:30,6503.53,23.99,TRADE
NSW1,2/03/2015 1:00,6342.23,21.68,TRADE
NSW1,2/03/2015 1:30,6061.56,18.96,TRADE
NSW1,2/03/2015 2:00,5867.4,18.96,TRADE
NSW1,2/03/2015 2:30,5788.51,18.96,TRADE
NSW1,2/03/2015 3:00,5788.85,18.99,TRADE
NSW1,2/03/2015 3:30,5802.62,18.98,TRADE
NSW1,2/03/2015 4:00,5894.42,19.0,TRADE
NSW1,2/03/2015 4:30,6159.02,21.32,TRADE
NSW1,2/03/2015 5:00,6402.06,25.26,TRADE
NSW1,2/03/2015 5:30,6992.63,28.02,TRADE
NSW1,2/03/2015 6:00,7519.38,31.5,TRADE
NSW1,2/03/2015 6:30,7845.49,35.24,TRADE
NSW1,2/03/2015 7:00,8193.01,37.19,TRADE
NSW1,2/03/2015 7:30,8329.35,35.3,TRADE
NSW1,2/03/2015 8:00,8404.57,35.26,TRADE
NSW1,2/03/2015 8:30,8491.7,34.96,TRADE
NSW1,2/03/2015 9:00,8546.29,34.96,TRADE
NSW1,2/03/2015 9:30,8614.19,34.92,TRADE
NSW1,2/03/2015 10:00,8647.55,34.96,TRADE
NSW1,2/03/2015 10:30,8660.39,35.6,TRADE
NSW1,2/03/2015 11:00,8660.04,35.81,TRADE
NSW1,2/03/2015 11:30,8701.31,36.96,TRADE
NSW1,2/03/2015 12:00,8727.28,35.21,TRADE
NSW1,2/03/2015 12:30,8784.66,41.61,TRADE
NSW1,2/03/2015 13:00,8744.11,41.53,TRADE
NSW1,2/03/2015 13:30,8772.09,39.3,TRADE
NSW1,2/03/2015 14:00,8775.73,36.87,TRADE
NSW1,2/03/2015 14:30,8778.61,41.02,TRADE
NSW1,2/03/2015 15:00,8791.86,42.56,TRADE
NSW1,2/03/2015 15:30,8826.15,41.09,TRADE
NSW1,2/03/2015 16:00,8844.58,36.95,TRADE
NSW1,2/03/2015 16:30,8834.85,35.7,TRADE
NSW1,2/03/2015 17:00,8865.87,35.3,TRADE
NSW1,2/03/2015 17:30,8736.78,36.55,TRADE
NSW1,2/03/2015 18:00,8630.67,34.41,TRADE
NSW1,2/03/2015 18:30,8483.72,34.96,TRADE
NSW1,2/03/2015 19:00,8489.6,37.5,TRADE
NSW1,2/03/2015 19:30,8492.94,42.19,TRADE
NSW1,2/03/2015 20:00,8306.36,41.64,TRADE
NSW1,2/03/2015 20:30,8128.95,37.49,TRADE
NSW1,2/03/2015 21:00,7835.29,34.8,TRADE
NSW1,2/03/2015 21:30,7772.18,33.6,TRADE
NSW1,2/03/2015 22:00,7596.57,30.84,TRADE
NSW1,2/03/2015 22:30,7592.6,37.54,TRADE
NSW1,2/03/2015 23:00,7464.54,34.79,TRADE
NSW1,2/03/2015 23:30,7311.95,35.13,TRADE
NSW1,3/03/2015 0:00,7248.95,32.75,TRADE
NSW1,3/03/2015 0:30,7043.8,36.25,TRADE
NSW1,3/03/2015 1:00,6792.86,34.91,TRADE
NSW1,3/03/2015 1:30,6535.93,31.32,TRADE
NSW1,3/03/2015 2:00,6258.82,29.18,TRADE
NSW1,3/03/2015 2:30,6123.22,28.02,TRADE
NSW1,3/03/2015 3:00,6053.99,28.07,TRADE
NSW1,3/03/2015 3:30,6082.23,28.03,TRADE
NSW1,3/03/2015 4:00,6198.77,30.95,TRADE
NSW1,3/03/2015 4:30,6393.19,33.33,TRADE
NSW1,3/03/2015 5:00,6680.05,39.23,TRADE
NSW1,3/03/2015 5:30,7236.75,43.72,TRADE
NSW1,3/03/2015 6:00,7693.76,33.87,TRADE
NSW1,3/03/2015 6:30,8063.18,35.49,TRADE
NSW1,3/03/2015 7:00,8299.29,39.01,TRADE
NSW1,3/03/2015 7:30,8374.54,36.16,TRADE
NSW1,3/03/2015 8:00,8447.83,39.8,TRADE
NSW1,3/03/2015 8:30,8579.56,44.39,TRADE
NSW1,3/03/2015 9:00,8678.04,46.07,TRADE
NSW1,3/03/2015 9:30,8771.26,44.41,TRADE
NSW1,3/03/2015 10:00,8756.92,44.71,TRADE
NSW1,3/03/2015 10:30,8856.48,40.53,TRADE
NSW1,3/03/2015 11:00,8908.43,45.18,TRADE
NSW1,3/03/2015 11:30,8930.57,42.75,TRADE
NSW1,3/03/2015 12:00,9056.29,43.14,TRADE
NSW1,3/03/2015 12:30,9170.71,43.52,TRADE
NSW1,3/03/2015 13:00,9269.63,47.88,TRADE
NSW1,3/03/2015 13:30,9370.65,51.22,TRADE
NSW1,3/03/2015 14:00,9474.28,53.32,TRADE
NSW1,3/03/2015 14:30,9561.71,49.34,TRADE
NSW1,3/03/2015 15:00,9674.88,51.42,TRADE
NSW1,3/03/2015 15:30,9688.25,52.95,TRADE
NSW1,3/03/2015 16:00,9623.98,54.06,TRADE
NSW1,3/03/2015 16:30,9578.89,52.94,TRADE
NSW1,3/03/2015 17:00,9484.37,160.75,TRADE
NSW1,3/03/2015 17:30,9242.79,46.98,TRADE
NSW1,3/03/2015 18:00,9141.82,43.65,TRADE
NSW1,3/03/2015 18:30,8999.29,35.63,TRADE
NSW1,3/03/2015 19:00,9069.21,43.35,TRADE
NSW1,3/03/2015 19:30,8979.25,44.33,TRADE
NSW1,3/03/2015 20:00,8820.67,40.01,TRADE
NSW1,3/03/2015 20:30,8630.39,42.5,TRADE
NSW1,3/03/2015 21:00,8332.23,37.87,TRADE
NSW1,3/03/2015 21:30,8249.61,35.54,TRADE
NSW1,3/03/2015 22:00,7957.61,33.4,TRADE
NSW1,3/03/2015 22:30,7878.38,38.36,TRADE
NSW1,3/03/2015 23:00,7779.86,34.61,TRADE
NSW1,3/03/2015 23:30,7555.76,34.6,TRADE
NSW1,4/03/2015 0:00,7420.68,34.96,TRADE
NSW1,4/03/2015 0:30,7230.2,41.35,TRADE
NSW1,4/03/2015 1:00,7003.07,38.58,TRADE
NSW1,4/03/2015 1:30,6724.38,34.34,TRADE
NSW1,4/03/2015 2:00,6439.49,31.52,TRADE
NSW1,4/03/2015 2:30,6271.45,29.46,TRADE
NSW1,4/03/2015 3:00,6182.67,26.48,TRADE
NSW1,4/03/2015 3:30,6226.89,28.51,TRADE
NSW1,4/03/2015 4:00,6331.91,29.02,TRADE
NSW1,4/03/2015 4:30,6566.42,31.96,TRADE
NSW1,4/03/2015 5:00,6824.77,37.15,TRADE
NSW1,4/03/2015 5:30,7422.38,33.16,TRADE
NSW1,4/03/2015 6:00,7932.21,34.95,TRADE
NSW1,4/03/2015 6:30,8350.03,34.96,TRADE
NSW1,4/03/2015 7:00,8669.53,43.4,TRADE
NSW1,4/03/2015 7:30,8812.69,35.64,TRADE
NSW1,4/03/2015 8:00,8906.37,37.63,TRADE
NSW1,4/03/2015 8:30,9091.07,47.38,TRADE
NSW1,4/03/2015 9:00,9182.06,46.27,TRADE
NSW1,4/03/2015 9:30,9226.51,49.11,TRADE
NSW1,4/03/2015 10:00,9251.57,45.2,TRADE
NSW1,4/03/2015 10:30,9271.45,49.96,TRADE
NSW1,4/03/2015 11:00,9325.07,47.07,TRADE
NSW1,4/03/2015 11:30,9288.36,46.53,TRADE
NSW1,4/03/2015 12:00,9314.06,46.83,TRADE
NSW1,4/03/2015 12:30,9432.0,46.42,TRADE
NSW1,4/03/2015 13:00,9604.0,48.74,TRADE
NSW1,4/03/2015 13:30,9691.51,47.55,TRADE
NSW1,4/03/2015 14:00,9761.08,43.91,TRADE
NSW1,4/03/2015 14:30,9850.16,42.86,TRADE
NSW1,4/03/2015 15:00,10049.11,46.26,TRADE
NSW1,4/03/2015 15:30,10234.2,50.18,TRADE
NSW1,4/03/2015 16:00,10338.67,49.1,TRADE
NSW1,4/03/2015 16:30,10367.29,49.97,TRADE
NSW1,4/03/2015 17:00,10302.31,47.52,TRADE
NSW1,4/03/2015 17:30,10082.09,36.91,TRADE
NSW1,4/03/2015 18:00,9978.61,43.28,TRADE
NSW1,4/03/2015 18:30,9735.45,45.26,TRADE
NSW1,4/03/2015 19:00,9662.83,48.35,TRADE
NSW1,4/03/2015 19:30,9613.81,45.23,TRADE
NSW1,4/03/2015 20:00,9374.94,40.63,TRADE
NSW1,4/03/2015 20:30,9104.78,39.37,TRADE
NSW1,4/03/2015 21:00,8736.7,31.89,TRADE
NSW1,4/03/2015 21:30,8515.6,29.31,TRADE
NSW1,4/03/2015 22:00,8195.59,28.0,TRADE
NSW1,4/03/2015 22:30,8049.89,34.21,TRADE
NSW1,4/03/2015 23:00,7859.03,28.26,TRADE
NSW1,4/03/2015 23:30,7608.76,27.96,TRADE
NSW1,5/03/2015 0:00,7411.46,27.38,TRADE
NSW1,5/03/2015 0:30,7198.06,29.09,TRADE
NSW1,5/03/2015 1:00,6920.65,26.4,TRADE
NSW1,5/03/2015 1:30,6566.11,19.07,TRADE
NSW1,5/03/2015 2:00,6345.64,21.1,TRADE
NSW1,5/03/2015 2:30,6178.68,24.08,TRADE
NSW1,5/03/2015 3:00,6114.53,23.18,TRADE
NSW1,5/03/2015 3:30,6123.01,26.64,TRADE
NSW1,5/03/2015 4:00,6189.25,27.81,TRADE
NSW1,5/03/2015 4:30,6399.62,24.23,TRADE
NSW1,5/03/2015 5:00,6709.51,28.37,TRADE
NSW1,5/03/2015 5:30,7245.37,25.48,TRADE
NSW1,5/03/2015 6:00,7690.37,27.52,TRADE
NSW1,5/03/2015 6:30,8141.39,30.83,TRADE
NSW1,5/03/2015 7:00,8470.61,34.96,TRADE
NSW1,5/03/2015 7:30,8562.59,34.24,TRADE
NSW1,5/03/2015 8:00,8591.5,33.34,TRADE
NSW1,5/03/2015 8:30,8756.18,34.96,TRADE
NSW1,5/03/2015 9:00,8871.21,34.96,TRADE
NSW1,5/03/2015 9:30,8873.09,34.96,TRADE
NSW1,5/03/2015 10:00,8928.92,35.14,TRADE
NSW1,5/03/2015 10:30,8854.16,34.9,TRADE
NSW1,5/03/2015 11:00,8828.53,34.88,TRADE
NSW1,5/03/2015 11:30,8749.31,32.39,TRADE
NSW1,5/03/2015 12:00,8793.57,34.95,TRADE
NSW1,5/03/2015 12:30,8780.39,33.15,TRADE
NSW1,5/03/2015 13:00,8830.94,30.91,TRADE
NSW1,5/03/2015 13:30,8897.88,31.85,TRADE
NSW1,5/03/2015 14:00,8863.26,31.58,TRADE
NSW1,5/03/2015 14:30,8856.28,31.61,TRADE
NSW1,5/03/2015 15:00,8908.78,31.93,TRADE
NSW1,5/03/2015 15:30,8886.5,32.25,TRADE
NSW1,5/03/2015 16:00,8895.68,34.96,TRADE
NSW1,5/03/2015 16:30,8839.03,33.01,TRADE
NSW1,5/03/2015 17:00,8811.41,33.25,TRADE
NSW1,5/03/2015 17:30,8699.33,32.4,TRADE
NSW1,5/03/2015 18:00,8582.18,32.15,TRADE
NSW1,5/03/2015 18:30,8468.56,31.44,TRADE
NSW1,5/03/2015 19:00,8544.36,32.04,TRADE
NSW1,5/03/2015 19:30,8568.84,34.31,TRADE
NSW1,5/03/2015 20:00,8363.06,33.19,TRADE
NSW1,5/03/2015 20:30,8145.82,30.2,TRADE
NSW1,5/03/2015 21:00,7873.27,29.36,TRADE
NSW1,5/03/2015 21:30,7801.8,28.37,TRADE
NSW1,5/03/2015 22:00,7598.96,28.02,TRADE
NSW1,5/03/2015 22:30,7579.23,29.74,TRADE
NSW1,5/03/2015 23:00,7400.94,28.0,TRADE
NSW1,5/03/2015 23:30,7241.43,27.99,TRADE
NSW1,6/03/2015 0:00,7086.31,28.2,TRADE
NSW1,6/03/2015 0:30,6927.14,30.08,TRADE
NSW1,6/03/2015 1:00,6727.09,28.97,TRADE
NSW1,6/03/2015 1:30,6427.87,27.85,TRADE
NSW1,6/03/2015 2:00,6181.65,27.08,TRADE
NSW1,6/03/2015 2:30,5988.85,19.81,TRADE
NSW1,6/03/2015 3:00,5909.83,20.95,TRADE
NSW1,6/03/2015 3:30,5946.51,22.59,TRADE
NSW1,6/03/2015 4:00,5956.16,27.07,TRADE
NSW1,6/03/2015 4:30,6171.39,27.9,TRADE
NSW1,6/03/2015 5:00,6429.6,27.89,TRADE
NSW1,6/03/2015 5:30,6982.62,26.34,TRADE
NSW1,6/03/2015 6:00,7399.42,27.45,TRADE
NSW1,6/03/2015 6:30,7786.42,28.78,TRADE
NSW1,6/03/2015 7:00,8083.13,30.79,TRADE
NSW1,6/03/2015 7:30,8177.68,31.44,TRADE
NSW1,6/03/2015 8:00,8182.09,31.24,TRADE
NSW1,6/03/2015 8:30,8207.74,34.59,TRADE
NSW1,6/03/2015 9:00,8289.69,34.79,TRADE
NSW1,6/03/2015 9:30,8272.91,34.96,TRADE
NSW1,6/03/2015 10:00,8193.4,34.02,TRADE
NSW1,6/03/2015 10:30,8151.58,30.43,TRADE
NSW1,6/03/2015 11:00,8156.62,31.82,TRADE
NSW1,6/03/2015 11:30,8118.56,32.52,TRADE
NSW1,6/03/2015 12:00,8188.48,33.81,TRADE
NSW1,6/03/2015 12:30,8191.66,34.68,TRADE
NSW1,6/03/2015 13:00,8201.32,34.35,TRADE
NSW1,6/03/2015 13:30,8273.38,32.6,TRADE
NSW1,6/03/2015 14:00,8371.01,34.96,TRADE
NSW1,6/03/2015 14:30,8401.5,34.35,TRADE
NSW1,6/03/2015 15:00,8568.64,34.96,TRADE
NSW1,6/03/2015 15:30,8717.23,36.79,TRADE
NSW1,6/03/2015 16:00,8817.3,34.96,TRADE
NSW1,6/03/2015 16:30,8792.57,35.3,TRADE
NSW1,6/03/2015 17:00,8732.95,36.12,TRADE
NSW1,6/03/2015 17:30,8534.89,34.45,TRADE
NSW1,6/03/2015 18:00,8417.9,34.39,TRADE
NSW1,6/03/2015 18:30,8326.76,32.7,TRADE
NSW1,6/03/2015 19:00,8400.15,35.26,TRADE
NSW1,6/03/2015 19:30,8410.39,37.31,TRADE
NSW1,6/03/2015 20:00,8259.8,34.96,TRADE
NSW1,6/03/2015 20:30,8110.32,34.39,TRADE
NSW1,6/03/2015 21:00,7839.98,30.91,TRADE
NSW1,6/03/2015 21:30,7837.32,31.14,TRADE
NSW1,6/03/2015 22:00,7711.38,28.02,TRADE
NSW1,6/03/2015 22:30,7650.03,33.54,TRADE
NSW1,6/03/2015 23:00,7558.54,30.93,TRADE
NSW1,6/03/2015 23:30,7360.29,31.19,TRADE
NSW1,7/03/2015 0:00,7266.27,31.21,TRADE
NSW1,7/03/2015 0:30,7063.22,36.08,TRADE
NSW1,7/03/2015 1:00,6810.36,33.77,TRADE
NSW1,7/03/2015 1:30,6541.87,32.46,TRADE
NSW1,7/03/2015 2:00,6272.79,30.19,TRADE
NSW1,7/03/2015 2:30,6104.89,28.14,TRADE
NSW1,7/03/2015 3:00,5986.67,27.25,TRADE
NSW1,7/03/2015 3:30,5939.78,26.14,TRADE
NSW1,7/03/2015 4:00,5979.78,27.97,TRADE
NSW1,7/03/2015 4:30,6060.33,29.02,TRADE
NSW1,7/03/2015 5:00,6141.11,28.61,TRADE
NSW1,7/03/2015 5:30,6311.93,33.13,TRADE
NSW1,7/03/2015 6:00,6479.8,28.99,TRADE
NSW1,7/03/2015 6:30,6736.4,27.99,TRADE
NSW1,7/03/2015 7:00,7028.1,28.84,TRADE
NSW1,7/03/2015 7:30,7340.39,30.86,TRADE
NSW1,7/03/2015 8:00,7542.12,31.4,TRADE
NSW1,7/03/2015 8:30,7757.03,37.15,TRADE
NSW1,7/03/2015 9:00,7737.1,34.52,TRADE
NSW1,7/03/2015 9:30,7810.97,33.57,TRADE
NSW1,7/03/2015 10:00,7753.87,32.28,TRADE
NSW1,7/03/2015 10:30,7684.31,28.26,TRADE
NSW1,7/03/2015 11:00,7674.79,28.69,TRADE
NSW1,7/03/2015 11:30,7645.65,29.29,TRADE
NSW1,7/03/2015 12:00,7672.33,28.05,TRADE
NSW1,7/03/2015 12:30,7652.83,28.13,TRADE
NSW1,7/03/2015 13:00,7610.14,28.52,TRADE
NSW1,7/03/2015 13:30,7629.72,31.46,TRADE
NSW1,7/03/2015 14:00,7684.08,30.99,TRADE
NSW1,7/03/2015 14:30,7707.8,31.53,TRADE
NSW1,7/03/2015 15:00,7782.34,31.5,TRADE
NSW1,7/03/2015 15:30,7848.08,31.5,TRADE
NSW1,7/03/2015 16:00,7980.91,31.34,TRADE
NSW1,7/03/2015 16:30,7971.26,31.42,TRADE
NSW1,7/03/2015 17:00,8035.8,31.51,TRADE
NSW1,7/03/2015 17:30,8025.04,30.93,TRADE
NSW1,7/03/2015 18:00,7957.8,31.39,TRADE
NSW1,7/03/2015 18:30,7918.52,31.42,TRADE
NSW1,7/03/2015 19:00,7995.23,32.04,TRADE
NSW1,7/03/2015 19:30,8032.79,34.56,TRADE
NSW1,7/03/2015 20:00,7891.78,35.41,TRADE
NSW1,7/03/2015 20:30,7714.45,33.78,TRADE
NSW1,7/03/2015 21:00,7606.35,33.25,TRADE
NSW1,7/03/2015 21:30,7544.12,31.96,TRADE
NSW1,7/03/2015 22:00,7415.21,29.39,TRADE
NSW1,7/03/2015 22:30,7423.59,33.3,TRADE
NSW1,7/03/2015 23:00,7158.97,31.16,TRADE
NSW1,7/03/2015 23:30,6982.86,29.7,TRADE
NSW1,8/03/2015 0:00,6858.45,29.7,TRADE
NSW1,8/03/2015 0:30,6705.2,31.64,TRADE
NSW1,8/03/2015 1:00,6569.12,32.64,TRADE
NSW1,8/03/2015 1:30,6273.3,29.91,TRADE
NSW1,8/03/2015 2:00,6074.54,27.84,TRADE
NSW1,8/03/2015 2:30,5933.83,27.89,TRADE
NSW1,8/03/2015 3:00,5847.26,27.96,TRADE
NSW1,8/03/2015 3:30,5833.15,27.71,TRADE
NSW1,8/03/2015 4:00,5848.59,27.84,TRADE
NSW1,8/03/2015 4:30,5903.94,27.83,TRADE
NSW1,8/03/2015 5:00,5950.89,27.96,TRADE
NSW1,8/03/2015 5:30,6087.42,23.8,TRADE
NSW1,8/03/2015 6:00,6254.56,27.69,TRADE
NSW1,8/03/2015 6:30,6404.08,26.94,TRADE
NSW1,8/03/2015 7:00,6595.81,29.34,TRADE
NSW1,8/03/2015 7:30,6925.26,28.79,TRADE
NSW1,8/03/2015 8:00,7122.84,30.21,TRADE
NSW1,8/03/2015 8:30,7333.24,31.42,TRADE
NSW1,8/03/2015 9:00,7473.42,31.71,TRADE
NSW1,8/03/2015 9:30,7526.6,28.47,TRADE
NSW1,8/03/2015 10:00,7564.22,28.38,TRADE
NSW1,8/03/2015 10:30,7594.18,28.74,TRADE
NSW1,8/03/2015 11:00,7637.03,29.98,TRADE
NSW1,8/03/2015 11:30,7636.38,30.82,TRADE
NSW1,8/03/2015 12:00,7699.35,32.16,TRADE
NSW1,8/03/2015 12:30,7770.99,32.8,TRADE
NSW1,8/03/2015 13:00,7812.89,34.71,TRADE
NSW1,8/03/2015 13:30,7861.84,33.41,TRADE
NSW1,8/03/2015 14:00,7926.48,33.14,TRADE
NSW1,8/03/2015 14:30,8005.46,32.81,TRADE
NSW1,8/03/2015 15:00,8098.07,34.88,TRADE
NSW1,8/03/2015 15:30,8144.0,38.49,TRADE
NSW1,8/03/2015 16:00,8269.72,41.12,TRADE
NSW1,8/03/2015 16:30,8295.29,34.68,TRADE
NSW1,8/03/2015 17:00,8342.77,34.96,TRADE
NSW1,8/03/2015 17:30,8423.87,34.96,TRADE
NSW1,8/03/2015 18:00,8401.64,34.96,TRADE
NSW1,8/03/2015 18:30,8295.73,34.89,TRADE
NSW1,8/03/2015 19:00,8367.35,35.62,TRADE
NSW1,8/03/2015 19:30,8382.36,42.34,TRADE
NSW1,8/03/2015 20:00,8252.99,38.46,TRADE
NSW1,8/03/2015 20:30,8033.54,34.95,TRADE
NSW1,8/03/2015 21:00,7772.2,34.8,TRADE
NSW1,8/03/2015 21:30,7637.14,34.33,TRADE
NSW1,8/03/2015 22:00,7449.77,33.13,TRADE
NSW1,8/03/2015 22:30,7318.69,31.85,TRADE
NSW1,8/03/2015 23:00,7103.26,29.93,TRADE
NSW1,8/03/2015 23:30,6921.17,30.91,TRADE
NSW1,9/03/2015 0:00,6793.47,30.22,TRADE
NSW1,9/03/2015 0:30,6678.06,30.83,TRADE
NSW1,9/03/2015 1:00,6490.24,29.1,TRADE
NSW1,9/03/2015 1:30,6273.96,27.51,TRADE
NSW1,9/03/2015 2:00,6123.52,28.45,TRADE
NSW1,9/03/2015 2:30,6036.2,27.96,TRADE
NSW1,9/03/2015 3:00,5967.86,27.96,TRADE
NSW1,9/03/2015 3:30,5993.41,28.64,TRADE
NSW1,9/03/2015 4:00,6163.64,29.53,TRADE
NSW1,9/03/2015 4:30,6296.7,28.83,TRADE
NSW1,9/03/2015 5:00,6555.28,28.85,TRADE
NSW1,9/03/2015 5:30,7126.48,30.94,TRADE
NSW1,9/03/2015 6:00,7530.64,31.62,TRADE
NSW1,9/03/2015 6:30,7828.98,32.01,TRADE
NSW1,9/03/2015 7:00,8198.93,34.74,TRADE
NSW1,9/03/2015 7:30,8406.23,32.6,TRADE
NSW1,9/03/2015 8:00,8558.85,32.47,TRADE
NSW1,9/03/2015 8:30,8795.75,32.55,TRADE
NSW1,9/03/2015 9:00,8925.77,34.29,TRADE
NSW1,9/03/2015 9:30,9001.06,32.92,TRADE
NSW1,9/03/2015 10:00,9052.54,32.24,TRADE
NSW1,9/03/2015 10:30,9070.5,32.14,TRADE
NSW1,9/03/2015 11:00,9127.54,32.05,TRADE
NSW1,9/03/2015 11:30,9194.28,32.7,TRADE
NSW1,9/03/2015 12:00,9381.61,35.15,TRADE
NSW1,9/03/2015 12:30,9446.85,34.83,TRADE
NSW1,9/03/2015 13:00,9561.97,41.09,TRADE
NSW1,9/03/2015 13:30,9728.8,37.5,TRADE
NSW1,9/03/2015 14:00,9809.14,37.08,TRADE
NSW1,9/03/2015 14:30,9872.51,38.89,TRADE
NSW1,9/03/2015 15:00,10092.48,41.36,TRADE
NSW1,9/03/2015 15:30,10236.18,43.85,TRADE
NSW1,9/03/2015 16:00,10330.14,43.66,TRADE
NSW1,9/03/2015 16:30,10364.38,45.19,TRADE
NSW1,9/03/2015 17:00,10361.16,43.22,TRADE
NSW1,9/03/2015 17:30,10053.72,35.78,TRADE
NSW1,9/03/2015 18:00,9841.79,34.89,TRADE
NSW1,9/03/2015 18:30,9609.84,35.62,TRADE
NSW1,9/03/2015 19:00,9554.97,35.21,TRADE
NSW1,9/03/2015 19:30,9410.49,34.09,TRADE
NSW1,9/03/2015 20:00,9097.24,33.58,TRADE
NSW1,9/03/2015 20:30,8798.9,31.67,TRADE
NSW1,9/03/2015 21:00,8432.5,32.86,TRADE
NSW1,9/03/2015 21:30,8257.69,31.51,TRADE
NSW1,9/03/2015 22:00,7971.69,28.8,TRADE
NSW1,9/03/2015 22:30,7881.73,32.32,TRADE
NSW1,9/03/2015 23:00,7646.18,31.65,TRADE
NSW1,9/03/2015 23:30,7466.64,31.56,TRADE
NSW1,10/03/2015 0:00,7269.98,29.81,TRADE
NSW1,10/03/2015 0:30,7096.72,30.02,TRADE
NSW1,10/03/2015 1:00,6902.22,30.72,TRADE
NSW1,10/03/2015 1:30,6576.78,26.95,TRADE
NSW1,10/03/2015 2:00,6392.73,25.94,TRADE
NSW1,10/03/2015 2:30,6237.77,27.89,TRADE
NSW1,10/03/2015 3:00,6217.56,27.98,TRADE
NSW1,10/03/2015 3:30,6200.36,28.12,TRADE
NSW1,10/03/2015 4:00,6270.4,27.47,TRADE
NSW1,10/03/2015 4:30,6495.25,28.72,TRADE
NSW1,10/03/2015 5:00,6810.62,29.5,TRADE
NSW1,10/03/2015 5:30,7399.48,34.08,TRADE
NSW1,10/03/2015 6:00,7853.31,37.14,TRADE
NSW1,10/03/2015 6:30,8236.4,41.26,TRADE
NSW1,10/03/2015 7:00,8586.12,37.63,TRADE
NSW1,10/03/2015 7:30,8705.63,33.67,TRADE
NSW1,10/03/2015 8:00,8865.12,34.15,TRADE
NSW1,10/03/2015 8:30,8992.98,35.33,TRADE
NSW1,10/03/2015 9:00,9099.74,35.48,TRADE
NSW1,10/03/2015 9:30,9173.57,40.18,TRADE
NSW1,10/03/2015 10:00,9232.65,46.61,TRADE
NSW1,10/03/2015 10:30,9275.16,40.81,TRADE
NSW1,10/03/2015 11:00,9332.87,39.8,TRADE
NSW1,10/03/2015 11:30,9307.82,42.93,TRADE
NSW1,10/03/2015 12:00,9344.49,48.74,TRADE
NSW1,10/03/2015 12:30,9416.37,48.89,TRADE
NSW1,10/03/2015 13:00,9441.74,43.36,TRADE
NSW1,10/03/2015 13:30,9495.47,40.33,TRADE
NSW1,10/03/2015 14:00,9459.78,39.93,TRADE
NSW1,10/03/2015 14:30,9420.26,40.7,TRADE
NSW1,10/03/2015 15:00,9479.27,40.22,TRADE
NSW1,10/03/2015 15:30,9483.83,40.33,TRADE
NSW1,10/03/2015 16:00,9479.46,39.48,TRADE
NSW1,10/03/2015 16:30,9343.39,37.46,TRADE
NSW1,10/03/2015 17:00,9296.32,37.19,TRADE
NSW1,10/03/2015 17:30,9047.79,34.95,TRADE
NSW1,10/03/2015 18:00,9059.1,35.54,TRADE
NSW1,10/03/2015 18:30,8913.85,34.87,TRADE
NSW1,10/03/2015 19:00,8995.27,35.29,TRADE
NSW1,10/03/2015 19:30,8881.03,35.3,TRADE
NSW1,10/03/2015 20:00,8665.86,34.93,TRADE
NSW1,10/03/2015 20:30,8518.51,34.96,TRADE
NSW1,10/03/2015 21:00,8252.99,33.24,TRADE
NSW1,10/03/2015 21:30,8186.56,32.81,TRADE
NSW1,10/03/2015 22:00,7902.48,30.7,TRADE
NSW1,10/03/2015 22:30,7832.53,36.61,TRADE
NSW1,10/03/2015 23:00,7658.39,33.79,TRADE
NSW1,10/03/2015 23:30,7414.52,31.89,TRADE
NSW1,11/03/2015 0:00,7329.83,32.69,TRADE
NSW1,11/03/2015 0:30,7124.4,31.22,TRADE
NSW1,11/03/2015 1:00,6906.34,31.72,TRADE
NSW1,11/03/2015 1:30,6587.69,27.65,TRADE
NSW1,11/03/2015 2:00,6368.31,24.89,TRADE
NSW1,11/03/2015 2:30,6240.72,23.03,TRADE
NSW1,11/03/2015 3:00,6167.57,24.11,TRADE
NSW1,11/03/2015 3:30,6162.94,27.27,TRADE
NSW1,11/03/2015 4:00,6239.85,27.1,TRADE
NSW1,11/03/2015 4:30,6483.91,26.04,TRADE
NSW1,11/03/2015 5:00,6804.17,30.89,TRADE
NSW1,11/03/2015 5:30,7376.4,34.19,TRADE
NSW1,11/03/2015 6:00,7903.41,35.75,TRADE
NSW1,11/03/2015 6:30,8277.25,38.31,TRADE
NSW1,11/03/2015 7:00,8575.11,40.84,TRADE
NSW1,11/03/2015 7:30,8723.83,41.31,TRADE
NSW1,11/03/2015 8:00,8817.97,37.97,TRADE
NSW1,11/03/2015 8:30,8995.82,38.81,TRADE
NSW1,11/03/2015 9:00,9103.66,40.79,TRADE
NSW1,11/03/2015 9:30,9206.29,42.44,TRADE
NSW1,11/03/2015 10:00,9283.16,39.47,TRADE
NSW1,11/03/2015 10:30,9286.54,40.0,TRADE
NSW1,11/03/2015 11:00,9333.7,42.76,TRADE
NSW1,11/03/2015 11:30,9366.73,40.01,TRADE
NSW1,11/03/2015 12:00,9450.57,39.1,TRADE
NSW1,11/03/2015 12:30,9584.89,39.24,TRADE
NSW1,11/03/2015 13:00,9714.02,37.03,TRADE
NSW1,11/03/2015 13:30,9837.91,36.6,TRADE
NSW1,11/03/2015 14:00,9939.99,38.67,TRADE
NSW1,11/03/2015 14:30,10073.67,52.61,TRADE
NSW1,11/03/2015 15:00,10235.86,45.76,TRADE
NSW1,11/03/2015 15:30,10238.63,52.58,TRADE
NSW1,11/03/2015 16:00,10241.56,40.55,TRADE
NSW1,11/03/2015 16:30,10071.31,38.73,TRADE
NSW1,11/03/2015 17:00,9983.43,40.07,TRADE
NSW1,11/03/2015 17:30,9672.02,105.37,TRADE
NSW1,11/03/2015 18:00,9541.47,50.29,TRADE
NSW1,11/03/2015 18:30,9237.52,38.76,TRADE
NSW1,11/03/2015 19:00,9067.07,42.39,TRADE
NSW1,11/03/2015 19:30,8908.84,36.88,TRADE
NSW1,11/03/2015 20:00,8654.87,34.88,TRADE
NSW1,11/03/2015 20:30,8415.75,33.94,TRADE
NSW1,11/03/2015 21:00,8093.12,31.44,TRADE
NSW1,11/03/2015 21:30,7991.06,31.03,TRADE
NSW1,11/03/2015 22:00,7745.7,26.82,TRADE
NSW1,11/03/2015 22:30,7675.38,28.01,TRADE
NSW1,11/03/2015 23:00,7513.04,28.02,TRADE
NSW1,11/03/2015 23:30,7332.46,28.02,TRADE
NSW1,12/03/2015 0:00,7212.95,29.2,TRADE
NSW1,12/03/2015 0:30,6977.57,27.2,TRADE
NSW1,12/03/2015 1:00,6754.4,27.86,TRADE
NSW1,12/03/2015 1:30,6452.6,25.73,TRADE
NSW1,12/03/2015 2:00,6258.64,19.35,TRADE
NSW1,12/03/2015 2:30,6115.81,18.96,TRADE
NSW1,12/03/2015 3:00,6092.18,18.81,TRADE
NSW1,12/03/2015 3:30,6088.22,18.68,TRADE
NSW1,12/03/2015 4:00,6169.07,18.96,TRADE
NSW1,12/03/2015 4:30,6418.47,24.96,TRADE
NSW1,12/03/2015 5:00,6665.05,27.13,TRADE
NSW1,12/03/2015 5:30,7260.8,29.97,TRADE
NSW1,12/03/2015 6:00,7765.33,33.26,TRADE
NSW1,12/03/2015 6:30,8143.02,36.03,TRADE
NSW1,12/03/2015 7:00,8478.64,39.07,TRADE
NSW1,12/03/2015 7:30,8626.85,34.9,TRADE
NSW1,12/03/2015 8:00,8732.98,35.41,TRADE
NSW1,12/03/2015 8:30,8918.7,35.94,TRADE
NSW1,12/03/2015 9:00,8987.47,34.73,TRADE
NSW1,12/03/2015 9:30,9030.14,33.29,TRADE
NSW1,12/03/2015 10:00,9091.04,32.98,TRADE
NSW1,12/03/2015 10:30,9070.84,31.99,TRADE
NSW1,12/03/2015 11:00,9158.86,32.15,TRADE
NSW1,12/03/2015 11:30,9094.23,31.96,TRADE
NSW1,12/03/2015 12:00,9128.64,31.91,TRADE
NSW1,12/03/2015 12:30,9201.19,31.69,TRADE
NSW1,12/03/2015 13:00,9327.89,31.68,TRADE
NSW1,12/03/2015 13:30,9379.46,31.73,TRADE
NSW1,12/03/2015 14:00,9388.11,31.96,TRADE
NSW1,12/03/2015 14:30,9384.14,32.58,TRADE
NSW1,12/03/2015 15:00,9493.47,34.29,TRADE
NSW1,12/03/2015 15:30,9451.22,33.56,TRADE
NSW1,12/03/2015 16:00,9430.86,34.05,TRADE
NSW1,12/03/2015 16:30,9311.61,33.39,TRADE
NSW1,12/03/2015 17:00,9285.47,33.15,TRADE
NSW1,12/03/2015 17:30,9117.51,32.06,TRADE
NSW1,12/03/2015 18:00,9008.44,31.81,TRADE
NSW1,12/03/2015 18:30,8873.59,31.26,TRADE
NSW1,12/03/2015 19:00,8906.04,34.33,TRADE
NSW1,12/03/2015 19:30,8795.52,36.47,TRADE
NSW1,12/03/2015 20:00,8599.82,32.62,TRADE
NSW1,12/03/2015 20:30,8331.89,31.18,TRADE
NSW1,12/03/2015 21:00,8040.52,28.33,TRADE
NSW1,12/03/2015 21:30,7939.5,27.62,TRADE
NSW1,12/03/2015 22:00,7694.98,25.65,TRADE
NSW1,12/03/2015 22:30,7565.14,26.75,TRADE
NSW1,12/03/2015 23:00,7432.89,26.57,TRADE
NSW1,12/03/2015 23:30,7282.77,24.51,TRADE
NSW1,13/03/2015 0:00,7157.11,25.84,TRADE
NSW1,13/03/2015 0:30,6981.27,25.46,TRADE
NSW1,13/03/2015 1:00,6741.82,24.99,TRADE
NSW1,13/03/2015 1:30,6448.51,18.95,TRADE
NSW1,13/03/2015 2:00,6255.34,18.96,TRADE
NSW1,13/03/2015 2:30,6154.54,18.96,TRADE
NSW1,13/03/2015 3:00,6088.85,18.96,TRADE
NSW1,13/03/2015 3:30,6115.74,18.96,TRADE
NSW1,13/03/2015 4:00,6172.61,18.96,TRADE
NSW1,13/03/2015 4:30,6439.85,20.46,TRADE
NSW1,13/03/2015 5:00,6681.6,24.32,TRADE
NSW1,13/03/2015 5:30,7237.67,28.42,TRADE
NSW1,13/03/2015 6:00,7733.8,31.56,TRADE
NSW1,13/03/2015 6:30,8194.88,31.65,TRADE
NSW1,13/03/2015 7:00,8515.3,33.86,TRADE
NSW1,13/03/2015 7:30,8598.51,31.88,TRADE
NSW1,13/03/2015 8:00,8652.56,31.96,TRADE
NSW1,13/03/2015 8:30,8710.03,37.63,TRADE
NSW1,13/03/2015 9:00,8749.66,30.26,TRADE
NSW1,13/03/2015 9:30,8705.77,31.3,TRADE
NSW1,13/03/2015 10:00,8701.75,31.96,TRADE
NSW1,13/03/2015 10:30,8662.73,31.12,TRADE
NSW1,13/03/2015 11:00,8657.29,31.64,TRADE
NSW1,13/03/2015 11:30,8581.93,31.35,TRADE
NSW1,13/03/2015 12:00,8521.98,31.41,TRADE
NSW1,13/03/2015 12:30,8501.35,31.46,TRADE
NSW1,13/03/2015 13:00,8450.08,30.29,TRADE
NSW1,13/03/2015 13:30,8391.1,29.71,TRADE
NSW1,13/03/2015 14:00,8354.14,29.93,TRADE
NSW1,13/03/2015 14:30,8312.0,28.58,TRADE
NSW1,13/03/2015 15:00,8425.6,28.97,TRADE
NSW1,13/03/2015 15:30,8391.39,28.56,TRADE
NSW1,13/03/2015 16:00,8362.1,30.25,TRADE
NSW1,13/03/2015 16:30,8376.83,31.88,TRADE
NSW1,13/03/2015 17:00,8358.01,31.96,TRADE
NSW1,13/03/2015 17:30,8173.89,30.57,TRADE
NSW1,13/03/2015 18:00,8138.67,28.29,TRADE
NSW1,13/03/2015 18:30,8161.38,28.43,TRADE
NSW1,13/03/2015 19:00,8159.66,31.94,TRADE
NSW1,13/03/2015 19:30,8071.11,31.87,TRADE
NSW1,13/03/2015 20:00,7898.86,29.96,TRADE
NSW1,13/03/2015 20:30,7693.62,28.06,TRADE
NSW1,13/03/2015 21:00,7487.31,28.12,TRADE
NSW1,13/03/2015 21:30,7530.25,28.28,TRADE
NSW1,13/03/2015 22:00,7427.2,28.03,TRADE
NSW1,13/03/2015 22:30,7429.26,28.04,TRADE
NSW1,13/03/2015 23:00,7381.91,28.58,TRADE
NSW1,13/03/2015 23:30,7218.08,28.1,TRADE
NSW1,14/03/2015 0:00,7119.27,28.12,TRADE
NSW1,14/03/2015 0:30,6952.5,23.59,TRADE
NSW1,14/03/2015 1:00,6723.81,24.09,TRADE
NSW1,14/03/2015 1:30,6428.01,21.04,TRADE
NSW1,14/03/2015 2:00,6134.07,18.52,TRADE
NSW1,14/03/2015 2:30,6015.32,18.61,TRADE
NSW1,14/03/2015 3:00,5893.54,17.51,TRADE
NSW1,14/03/2015 3:30,5824.89,16.22,TRADE
NSW1,14/03/2015 4:00,5813.68,15.04,TRADE
NSW1,14/03/2015 4:30,5887.06,16.96,TRADE
NSW1,14/03/2015 5:00,6012.44,18.96,TRADE
NSW1,14/03/2015 5:30,6205.24,18.96,TRADE
NSW1,14/03/2015 6:00,6391.9,18.96,TRADE
NSW1,14/03/2015 6:30,6652.97,20.83,TRADE
NSW1,14/03/2015 7:00,6961.87,24.68,TRADE
NSW1,14/03/2015 7:30,7243.98,24.7,TRADE
NSW1,14/03/2015 8:00,7434.95,25.66,TRADE
NSW1,14/03/2015 8:30,7601.03,25.43,TRADE
NSW1,14/03/2015 9:00,7616.9,25.37,TRADE
NSW1,14/03/2015 9:30,7618.32,24.35,TRADE
NSW1,14/03/2015 10:00,7605.29,23.76,TRADE
NSW1,14/03/2015 10:30,7526.58,22.63,TRADE
NSW1,14/03/2015 11:00,7485.81,23.02,TRADE
NSW1,14/03/2015 11:30,7402.46,20.58,TRADE
NSW1,14/03/2015 12:00,7252.0,20.34,TRADE
NSW1,14/03/2015 12:30,7225.56,19.31,TRADE
NSW1,14/03/2015 13:00,7198.43,18.96,TRADE
NSW1,14/03/2015 13:30,7160.23,18.96,TRADE
NSW1,14/03/2015 14:00,7128.56,18.96,TRADE
NSW1,14/03/2015 14:30,7180.98,19.82,TRADE
NSW1,14/03/2015 15:00,7324.39,21.72,TRADE
NSW1,14/03/2015 15:30,7435.96,24.91,TRADE
NSW1,14/03/2015 16:00,7489.95,24.86,TRADE
NSW1,14/03/2015 16:30,7461.88,24.93,TRADE
NSW1,14/03/2015 17:00,7623.78,27.91,TRADE
NSW1,14/03/2015 17:30,7556.39,26.81,TRADE
NSW1,14/03/2015 18:00,7558.96,26.22,TRADE
NSW1,14/03/2015 18:30,7566.8,26.55,TRADE
NSW1,14/03/2015 19:00,7757.6,28.04,TRADE
NSW1,14/03/2015 19:30,7663.07,27.99,TRADE
NSW1,14/03/2015 20:00,7534.4,27.97,TRADE
NSW1,14/03/2015 20:30,7337.71,26.46,TRADE
NSW1,14/03/2015 21:00,7187.78,22.16,TRADE
NSW1,14/03/2015 21:30,7149.41,22.19,TRADE
NSW1,14/03/2015 22:00,7023.51,19.18,TRADE
NSW1,14/03/2015 22:30,7025.79,24.17,TRADE
NSW1,14/03/2015 23:00,6886.71,21.6,TRADE
NSW1,14/03/2015 23:30,6707.79,19.72,TRADE
NSW1,15/03/2015 0:00,6564.12,19.86,TRADE
NSW1,15/03/2015 0:30,6479.95,20.03,TRADE
NSW1,15/03/2015 1:00,6325.23,18.69,TRADE
NSW1,15/03/2015 1:30,6056.12,16.54,TRADE
NSW1,15/03/2015 2:00,5882.01,11.53,TRADE
NSW1,15/03/2015 2:30,5776.11,11.27,TRADE
NSW1,15/03/2015 3:00,5739.98,9.91,TRADE
NSW1,15/03/2015 3:30,5678.53,2.68,TRADE
NSW1,15/03/2015 4:00,5677.65,6.45,TRADE
NSW1,15/03/2015 4:30,5715.58,11.12,TRADE
NSW1,15/03/2015 5:00,5750.45,12.4,TRADE
NSW1,15/03/2015 5:30,5844.82,16.63,TRADE
NSW1,15/03/2015 6:00,5939.62,17.51,TRADE
NSW1,15/03/2015 6:30,6045.43,15.14,TRADE
NSW1,15/03/2015 7:00,6373.78,18.96,TRADE
NSW1,15/03/2015 7:30,6664.5,18.96,TRADE
NSW1,15/03/2015 8:00,6864.15,18.96,TRADE
NSW1,15/03/2015 8:30,7131.62,18.96,TRADE
NSW1,15/03/2015 9:00,7250.01,19.24,TRADE
NSW1,15/03/2015 9:30,7323.8,19.73,TRADE
NSW1,15/03/2015 10:00,7312.84,18.96,TRADE
NSW1,15/03/2015 10:30,7219.38,18.96,TRADE
NSW1,15/03/2015 11:00,7251.83,18.96,TRADE
NSW1,15/03/2015 11:30,7203.96,18.96,TRADE
NSW1,15/03/2015 12:00,7204.36,19.3,TRADE
NSW1,15/03/2015 12:30,7134.9,18.96,TRADE
NSW1,15/03/2015 13:00,7042.4,18.96,TRADE
NSW1,15/03/2015 13:30,6995.85,18.96,TRADE
NSW1,15/03/2015 14:00,6934.23,18.96,TRADE
NSW1,15/03/2015 14:30,6976.47,18.75,TRADE
NSW1,15/03/2015 15:00,7057.76,19.48,TRADE
NSW1,15/03/2015 15:30,7128.0,19.23,TRADE
NSW1,15/03/2015 16:00,7284.47,25.6,TRADE
NSW1,15/03/2015 16:30,7372.23,25.81,TRADE
NSW1,15/03/2015 17:00,7508.54,26.3,TRADE
NSW1,15/03/2015 17:30,7614.25,27.8,TRADE
NSW1,15/03/2015 18:00,7657.17,27.96,TRADE
NSW1,15/03/2015 18:30,7699.31,27.96,TRADE
NSW1,15/03/2015 19:00,7788.97,28.27,TRADE
NSW1,15/03/2015 19:30,7658.45,28.02,TRADE
NSW1,15/03/2015 20:00,7486.59,27.96,TRADE
NSW1,15/03/2015 20:30,7305.5,26.42,TRADE
NSW1,15/03/2015 21:00,7072.04,23.87,TRADE
NSW1,15/03/2015 21:30,6923.57,20.36,TRADE
NSW1,15/03/2015 22:00,6773.09,18.96,TRADE
NSW1,15/03/2015 22:30,6767.09,18.45,TRADE
NSW1,15/03/2015 23:00,6586.92,18.96,TRADE
NSW1,15/03/2015 23:30,6488.69,18.96,TRADE
NSW1,16/03/2015 0:00,6354.44,18.87,TRADE
NSW1,16/03/2015 0:30,6243.92,18.86,TRADE
NSW1,16/03/2015 1:00,6153.18,17.6,TRADE
NSW1,16/03/2015 1:30,5924.49,16.89,TRADE
NSW1,16/03/2015 2:00,5762.24,12.39,TRADE
NSW1,16/03/2015 2:30,5674.2,10.93,TRADE
NSW1,16/03/2015 3:00,5663.78,10.73,TRADE
NSW1,16/03/2015 3:30,5690.38,11.12,TRADE
NSW1,16/03/2015 4:00,5756.27,9.96,TRADE
NSW1,16/03/2015 4:30,5974.87,13.59,TRADE
NSW1,16/03/2015 5:00,6274.48,18.96,TRADE
NSW1,16/03/2015 5:30,6878.52,24.18,TRADE
NSW1,16/03/2015 6:00,7432.43,27.41,TRADE
NSW1,16/03/2015 6:30,7895.65,28.43,TRADE
NSW1,16/03/2015 7:00,8185.95,31.31,TRADE
NSW1,16/03/2015 7:30,8229.4,28.05,TRADE
NSW1,16/03/2015 8:00,8204.69,28.67,TRADE
NSW1,16/03/2015 8:30,8305.13,29.53,TRADE
NSW1,16/03/2015 9:00,8383.5,31.67,TRADE
NSW1,16/03/2015 9:30,8385.68,29.09,TRADE
NSW1,16/03/2015 10:00,8435.88,28.25,TRADE
NSW1,16/03/2015 10:30,8438.1,30.55,TRADE
NSW1,16/03/2015 11:00,8406.66,31.11,TRADE
NSW1,16/03/2015 11:30,8386.79,29.1,TRADE
NSW1,16/03/2015 12:00,8330.22,30.53,TRADE
NSW1,16/03/2015 12:30,8334.89,31.23,TRADE
NSW1,16/03/2015 13:00,8301.54,30.03,TRADE
NSW1,16/03/2015 13:30,8348.65,29.62,TRADE
NSW1,16/03/2015 14:00,8301.25,29.86,TRADE
NSW1,16/03/2015 14:30,8328.18,28.55,TRADE
NSW1,16/03/2015 15:00,8392.64,28.88,TRADE
NSW1,16/03/2015 15:30,8423.0,29.12,TRADE
NSW1,16/03/2015 16:00,8471.35,32.61,TRADE
NSW1,16/03/2015 16:30,8526.36,33.44,TRADE
NSW1,16/03/2015 17:00,8539.93,31.97,TRADE
NSW1,16/03/2015 17:30,8459.41,29.66,TRADE
NSW1,16/03/2015 18:00,8384.52,29.09,TRADE
NSW1,16/03/2015 18:30,8311.1,29.18,TRADE
NSW1,16/03/2015 19:00,8427.24,35.37,TRADE
NSW1,16/03/2015 19:30,8211.06,29.6,TRADE
NSW1,16/03/2015 20:00,8007.25,28.08,TRADE
NSW1,16/03/2015 20:30,7848.3,27.46,TRADE
NSW1,16/03/2015 21:00,7606.71,23.96,TRADE
NSW1,16/03/2015 21:30,7581.41,21.58,TRADE
NSW1,16/03/2015 22:00,7433.16,21.88,TRADE
NSW1,16/03/2015 22:30,7441.73,28.02,TRADE
NSW1,16/03/2015 23:00,7286.67,22.89,TRADE
NSW1,16/03/2015 23:30,7200.46,22.27,TRADE
NSW1,17/03/2015 0:00,7086.05,21.36,TRADE
NSW1,17/03/2015 0:30,6968.45,19.24,TRADE
NSW1,17/03/2015 1:00,6747.6,18.95,TRADE
NSW1,17/03/2015 1:30,6445.85,18.94,TRADE
NSW1,17/03/2015 2:00,6194.21,17.61,TRADE
NSW1,17/03/2015 2:30,6074.65,12.93,TRADE
NSW1,17/03/2015 3:00,6014.59,14.39,TRADE
NSW1,17/03/2015 3:30,6012.08,14.17,TRADE
NSW1,17/03/2015 4:00,6088.45,16.93,TRADE
NSW1,17/03/2015 4:30,6326.01,18.96,TRADE
NSW1,17/03/2015 5:00,6536.69,21.5,TRADE
NSW1,17/03/2015 5:30,7189.89,27.34,TRADE
NSW1,17/03/2015 6:00,7672.07,27.48,TRADE
NSW1,17/03/2015 6:30,8013.47,28.23,TRADE
NSW1,17/03/2015 7:00,8346.24,31.24,TRADE
NSW1,17/03/2015 7:30,8383.92,28.59,TRADE
NSW1,17/03/2015 8:00,8354.56,28.8,TRADE
NSW1,17/03/2015 8:30,8396.92,29.33,TRADE
NSW1,17/03/2015 9:00,8390.08,28.04,TRADE
NSW1,17/03/2015 9:30,8441.22,28.07,TRADE
NSW1,17/03/2015 10:00,8458.61,27.24,TRADE
NSW1,17/03/2015 10:30,8403.21,27.96,TRADE
NSW1,17/03/2015 11:00,8502.98,27.96,TRADE
NSW1,17/03/2015 11:30,8482.96,27.48,TRADE
NSW1,17/03/2015 12:00,8461.4,25.75,TRADE
NSW1,17/03/2015 12:30,8516.27,27.26,TRADE
NSW1,17/03/2015 13:00,8525.67,26.18,TRADE
NSW1,17/03/2015 13:30,8487.86,24.4,TRADE
NSW1,17/03/2015 14:00,8535.41,25.96,TRADE
NSW1,17/03/2015 14:30,8548.82,27.36,TRADE
NSW1,17/03/2015 15:00,8586.49,27.43,TRADE
NSW1,17/03/2015 15:30,8700.28,27.98,TRADE
NSW1,17/03/2015 16:00,8661.69,28.27,TRADE
NSW1,17/03/2015 16:30,8630.49,28.03,TRADE
NSW1,17/03/2015 17:00,8657.28,28.06,TRADE
NSW1,17/03/2015 17:30,8556.33,27.88,TRADE
NSW1,17/03/2015 18:00,8506.29,27.57,TRADE
NSW1,17/03/2015 18:30,8481.02,27.98,TRADE
NSW1,17/03/2015 19:00,8572.52,30.11,TRADE
NSW1,17/03/2015 19:30,8466.46,28.02,TRADE
NSW1,17/03/2015 20:00,8324.9,30.03,TRADE
NSW1,17/03/2015 20:30,8128.12,28.5,TRADE
NSW1,17/03/2015 21:00,7849.29,25.98,TRADE
NSW1,17/03/2015 21:30,7756.26,20.96,TRADE
NSW1,17/03/2015 22:00,7661.22,21.29,TRADE
NSW1,17/03/2015 22:30,7585.91,24.39,TRADE
NSW1,17/03/2015 23:00,7401.52,22.62,TRADE
NSW1,17/03/2015 23:30,7328.04,22.57,TRADE
NSW1,18/03/2015 0:00,7207.93,21.13,TRADE
NSW1,18/03/2015 0:30,7058.89,22.35,TRADE
NSW1,18/03/2015 1:00,6847.08,19.15,TRADE
NSW1,18/03/2015 1:30,6529.29,18.55,TRADE
NSW1,18/03/2015 2:00,6262.57,13.42,TRADE
NSW1,18/03/2015 2:30,6103.07,10.61,TRADE
NSW1,18/03/2015 3:00,6025.32,9.34,TRADE
NSW1,18/03/2015 3:30,6028.39,8.87,TRADE
NSW1,18/03/2015 4:00,6100.07,12.42,TRADE
NSW1,18/03/2015 4:30,6366.77,17.39,TRADE
NSW1,18/03/2015 5:00,6610.67,18.94,TRADE
NSW1,18/03/2015 5:30,7196.23,18.96,TRADE
NSW1,18/03/2015 6:00,7736.82,24.79,TRADE
NSW1,18/03/2015 6:30,8141.09,28.14,TRADE
NSW1,18/03/2015 7:00,8510.76,29.52,TRADE
NSW1,18/03/2015 7:30,8646.22,28.09,TRADE
NSW1,18/03/2015 8:00,8682.41,28.04,TRADE
NSW1,18/03/2015 8:30,8776.3,28.54,TRADE
NSW1,18/03/2015 9:00,8814.62,28.05,TRADE
NSW1,18/03/2015 9:30,8817.59,28.66,TRADE
NSW1,18/03/2015 10:00,8842.65,30.67,TRADE
NSW1,18/03/2015 10:30,8902.51,29.42,TRADE
NSW1,18/03/2015 11:00,8945.05,28.93,TRADE
NSW1,18/03/2015 11:30,8920.57,28.13,TRADE
NSW1,18/03/2015 12:00,8986.08,27.79,TRADE
NSW1,18/03/2015 12:30,9026.56,26.77,TRADE
NSW1,18/03/2015 13:00,9026.18,23.58,TRADE
NSW1,18/03/2015 13:30,9067.76,28.26,TRADE
NSW1,18/03/2015 14:00,9158.35,28.71,TRADE
NSW1,18/03/2015 14:30,9208.34,28.33,TRADE
NSW1,18/03/2015 15:00,9298.9,29.98,TRADE
NSW1,18/03/2015 15:30,9447.05,31.53,TRADE
NSW1,18/03/2015 16:00,9537.38,31.83,TRADE
NSW1,18/03/2015 16:30,9406.93,32.25,TRADE
NSW1,18/03/2015 17:00,9363.36,31.96,TRADE
NSW1,18/03/2015 17:30,9173.42,31.72,TRADE
NSW1,18/03/2015 18:00,9105.88,30.93,TRADE
NSW1,18/03/2015 18:30,9040.2,31.26,TRADE
NSW1,18/03/2015 19:00,9142.66,42.3,TRADE
NSW1,18/03/2015 19:30,9005.25,35.41,TRADE
NSW1,18/03/2015 20:00,8792.45,31.15,TRADE
NSW1,18/03/2015 20:30,8581.52,31.29,TRADE
NSW1,18/03/2015 21:00,8283.96,28.04,TRADE
NSW1,18/03/2015 21:30,8168.06,27.91,TRADE
NSW1,18/03/2015 22:00,7864.67,25.05,TRADE
NSW1,18/03/2015 22:30,7789.62,26.72,TRADE
NSW1,18/03/2015 23:00,7658.01,21.71,TRADE
NSW1,18/03/2015 23:30,7473.02,23.31,TRADE
NSW1,19/03/2015 0:00,7336.61,21.14,TRADE
NSW1,19/03/2015 0:30,7132.54,19.13,TRADE
NSW1,19/03/2015 1:00,6921.42,18.21,TRADE
NSW1,19/03/2015 1:30,6626.78,16.76,TRADE
NSW1,19/03/2015 2:00,6367.43,10.2,TRADE
NSW1,19/03/2015 2:30,6246.38,8.5,TRADE
NSW1,19/03/2015 3:00,6134.89,8.09,TRADE
NSW1,19/03/2015 3:30,6134.76,8.23,TRADE
NSW1,19/03/2015 4:00,6193.8,10.18,TRADE
NSW1,19/03/2015 4:30,6405.23,9.21,TRADE
NSW1,19/03/2015 5:00,6679.36,17.72,TRADE
NSW1,19/03/2015 5:30,7270.15,19.2,TRADE
NSW1,19/03/2015 6:00,7784.34,23.91,TRADE
NSW1,19/03/2015 6:30,8137.79,28.04,TRADE
NSW1,19/03/2015 7:00,8395.98,28.79,TRADE
NSW1,19/03/2015 7:30,8504.04,27.39,TRADE
NSW1,19/03/2015 8:00,8559.54,27.6,TRADE
NSW1,19/03/2015 8:30,8744.76,28.05,TRADE
NSW1,19/03/2015 9:00,8870.4,28.08,TRADE
NSW1,19/03/2015 9:30,8974.01,28.47,TRADE
NSW1,19/03/2015 10:00,9051.8,28.29,TRADE
NSW1,19/03/2015 10:30,9065.75,29.24,TRADE
NSW1,19/03/2015 11:00,9133.99,30.41,TRADE
NSW1,19/03/2015 11:30,9166.21,31.07,TRADE
NSW1,19/03/2015 12:00,9236.12,30.21,TRADE
NSW1,19/03/2015 12:30,9424.72,30.07,TRADE
NSW1,19/03/2015 13:00,9543.88,30.27,TRADE
NSW1,19/03/2015 13:30,9621.46,36.62,TRADE
NSW1,19/03/2015 14:00,9731.56,35.79,TRADE
NSW1,19/03/2015 14:30,9795.35,38.63,TRADE
NSW1,19/03/2015 15:00,9999.28,40.32,TRADE
NSW1,19/03/2015 15:30,10116.36,36.49,TRADE
NSW1,19/03/2015 16:00,10237.17,42.19,TRADE
NSW1,19/03/2015 16:30,10266.94,45.42,TRADE
NSW1,19/03/2015 17:00,10322.3,41.61,TRADE
NSW1,19/03/2015 17:30,10064.41,37.12,TRADE
NSW1,19/03/2015 18:00,9897.85,32.18,TRADE
NSW1,19/03/2015 18:30,9791.83,32.88,TRADE
NSW1,19/03/2015 19:00,9826.62,45.89,TRADE
NSW1,19/03/2015 19:30,9571.75,33.4,TRADE
NSW1,19/03/2015 20:00,9293.35,35.22,TRADE
NSW1,19/03/2015 20:30,8966.26,30.83,TRADE
NSW1,19/03/2015 21:00,8573.24,28.49,TRADE
NSW1,19/03/2015 21:30,8408.29,28.05,TRADE
NSW1,19/03/2015 22:00,8114.45,25.48,TRADE
NSW1,19/03/2015 22:30,7990.14,28.34,TRADE
NSW1,19/03/2015 23:00,7819.24,25.17,TRADE
NSW1,19/03/2015 23:30,7628.75,27.41,TRADE
NSW1,20/03/2015 0:00,7453.67,25.69,TRADE
NSW1,20/03/2015 0:30,7216.69,22.32,TRADE
NSW1,20/03/2015 1:00,7044.67,18.82,TRADE
NSW1,20/03/2015 1:30,6705.44,18.93,TRADE
NSW1,20/03/2015 2:00,6431.86,18.73,TRADE
NSW1,20/03/2015 2:30,6319.35,16.72,TRADE
NSW1,20/03/2015 3:00,6231.44,14.94,TRADE
NSW1,20/03/2015 3:30,6208.59,13.94,TRADE
NSW1,20/03/2015 4:00,6246.94,12.92,TRADE
NSW1,20/03/2015 4:30,6473.39,18.13,TRADE
NSW1,20/03/2015 5:00,6758.4,18.84,TRADE
NSW1,20/03/2015 5:30,7277.62,19.57,TRADE
NSW1,20/03/2015 6:00,7842.9,24.27,TRADE
NSW1,20/03/2015 6:30,8175.1,27.81,TRADE
NSW1,20/03/2015 7:00,8514.41,28.97,TRADE
NSW1,20/03/2015 7:30,8667.32,26.97,TRADE
NSW1,20/03/2015 8:00,8706.65,26.18,TRADE
NSW1,20/03/2015 8:30,8930.14,27.97,TRADE
NSW1,20/03/2015 9:00,9025.67,28.22,TRADE
NSW1,20/03/2015 9:30,9127.79,27.89,TRADE
NSW1,20/03/2015 10:00,9317.71,29.31,TRADE
NSW1,20/03/2015 10:30,9402.58,31.11,TRADE
NSW1,20/03/2015 11:00,9521.79,33.98,TRADE
NSW1,20/03/2015 11:30,9593.65,35.75,TRADE
NSW1,20/03/2015 12:00,9734.39,35.06,TRADE
NSW1,20/03/2015 12:30,9789.92,34.98,TRADE
NSW1,20/03/2015 13:00,9843.46,35.14,TRADE
NSW1,20/03/2015 13:30,9896.77,34.01,TRADE
NSW1,20/03/2015 14:00,9824.58,32.88,TRADE
NSW1,20/03/2015 14:30,9693.76,31.82,TRADE
NSW1,20/03/2015 15:00,9630.61,31.96,TRADE
NSW1,20/03/2015 15:30,9554.19,31.8,TRADE
NSW1,20/03/2015 16:00,9465.35,31.96,TRADE
NSW1,20/03/2015 16:30,9313.49,31.55,TRADE
NSW1,20/03/2015 17:00,9178.67,31.56,TRADE
NSW1,20/03/2015 17:30,8855.33,28.48,TRADE
NSW1,20/03/2015 18:00,8786.62,28.1,TRADE
NSW1,20/03/2015 18:30,8737.52,28.1,TRADE
NSW1,20/03/2015 19:00,8649.41,31.72,TRADE
NSW1,20/03/2015 19:30,8391.39,34.87,TRADE
NSW1,20/03/2015 20:00,8197.77,31.47,TRADE
NSW1,20/03/2015 20:30,7978.81,31.98,TRADE
NSW1,20/03/2015 21:00,7746.55,30.59,TRADE
NSW1,20/03/2015 21:30,7781.71,29.73,TRADE
NSW1,20/03/2015 22:00,7572.6,26.34,TRADE
NSW1,20/03/2015 22:30,7568.63,30.35,TRADE
NSW1,20/03/2015 23:00,7456.87,26.99,TRADE
NSW1,20/03/2015 23:30,7279.58,27.43,TRADE
NSW1,21/03/2015 0:00,7102.36,25.11,TRADE
NSW1,21/03/2015 0:30,6919.89,23.75,TRADE
NSW1,21/03/2015 1:00,6671.82,23.46,TRADE
NSW1,21/03/2015 1:30,6381.78,21.61,TRADE
NSW1,21/03/2015 2:00,6092.59,18.96,TRADE
NSW1,21/03/2015 2:30,5920.75,18.96,TRADE
NSW1,21/03/2015 3:00,5877.8,18.96,TRADE
NSW1,21/03/2015 3:30,5822.89,18.72,TRADE
NSW1,21/03/2015 4:00,5877.94,18.96,TRADE
NSW1,21/03/2015 4:30,5970.3,18.96,TRADE
NSW1,21/03/2015 5:00,6066.17,19.43,TRADE
NSW1,21/03/2015 5:30,6294.7,23.14,TRADE
NSW1,21/03/2015 6:00,6474.57,27.04,TRADE
NSW1,21/03/2015 6:30,6726.12,22.24,TRADE
NSW1,21/03/2015 7:00,7029.67,28.31,TRADE
NSW1,21/03/2015 7:30,7396.17,28.65,TRADE
NSW1,21/03/2015 8:00,7555.36,29.49,TRADE
NSW1,21/03/2015 8:30,7799.95,28.94,TRADE
NSW1,21/03/2015 9:00,7836.7,28.01,TRADE
NSW1,21/03/2015 9:30,7875.62,28.19,TRADE
NSW1,21/03/2015 10:00,7823.54,28.0,TRADE
NSW1,21/03/2015 10:30,7779.75,28.06,TRADE
NSW1,21/03/2015 11:00,7704.38,27.94,TRADE
NSW1,21/03/2015 11:30,7575.74,27.14,TRADE
NSW1,21/03/2015 12:00,7512.59,24.96,TRADE
NSW1,21/03/2015 12:30,7423.23,25.84,TRADE
NSW1,21/03/2015 13:00,7385.7,25.52,TRADE
NSW1,21/03/2015 13:30,7297.98,23.97,TRADE
NSW1,21/03/2015 14:00,7271.67,23.14,TRADE
NSW1,21/03/2015 14:30,7265.45,26.16,TRADE
NSW1,21/03/2015 15:00,7277.39,27.79,TRADE
NSW1,21/03/2015 15:30,7271.67,25.6,TRADE
NSW1,21/03/2015 16:00,7368.54,27.14,TRADE
NSW1,21/03/2015 16:30,7403.6,27.07,TRADE
NSW1,21/03/2015 17:00,7492.84,27.96,TRADE
NSW1,21/03/2015 17:30,7511.51,27.96,TRADE
NSW1,21/03/2015 18:00,7541.01,27.96,TRADE
NSW1,21/03/2015 18:30,7708.92,28.29,TRADE
NSW1,21/03/2015 19:00,7663.67,29.99,TRADE
NSW1,21/03/2015 19:30,7559.45,28.1,TRADE
NSW1,21/03/2015 20:00,7422.92,27.95,TRADE
NSW1,21/03/2015 20:30,7261.09,24.87,TRADE
NSW1,21/03/2015 21:00,7128.0,23.35,TRADE
NSW1,21/03/2015 21:30,7117.44,22.63,TRADE
NSW1,21/03/2015 22:00,7022.95,22.1,TRADE
NSW1,21/03/2015 22:30,7063.5,25.47,TRADE
NSW1,21/03/2015 23:00,6856.93,25.11,TRADE
NSW1,21/03/2015 23:30,6698.85,27.07,TRADE
NSW1,22/03/2015 0:00,6594.87,26.82,TRADE
NSW1,22/03/2015 0:30,6427.35,24.1,TRADE
NSW1,22/03/2015 1:00,6274.91,23.36,TRADE
NSW1,22/03/2015 1:30,6009.64,19.06,TRADE
NSW1,22/03/2015 2:00,5830.54,18.96,TRADE
NSW1,22/03/2015 2:30,5721.17,18.96,TRADE
NSW1,22/03/2015 3:00,5720.23,18.96,TRADE
NSW1,22/03/2015 3:30,5650.92,18.96,TRADE
NSW1,22/03/2015 4:00,5639.77,18.96,TRADE
NSW1,22/03/2015 4:30,5687.25,18.96,TRADE
NSW1,22/03/2015 5:00,5774.35,18.96,TRADE
NSW1,22/03/2015 5:30,5933.56,18.96,TRADE
NSW1,22/03/2015 6:00,6101.07,18.96,TRADE
NSW1,22/03/2015 6:30,6278.47,19.05,TRADE
NSW1,22/03/2015 7:00,6554.29,21.15,TRADE
NSW1,22/03/2015 7:30,6851.31,24.66,TRADE
NSW1,22/03/2015 8:00,7131.04,27.26,TRADE
NSW1,22/03/2015 8:30,7324.96,27.96,TRADE
NSW1,22/03/2015 9:00,7414.0,27.95,TRADE
NSW1,22/03/2015 9:30,7567.13,27.98,TRADE
NSW1,22/03/2015 10:00,7547.72,27.97,TRADE
NSW1,22/03/2015 10:30,7556.77,28.03,TRADE
NSW1,22/03/2015 11:00,7559.84,28.01,TRADE
NSW1,22/03/2015 11:30,7544.67,28.49,TRADE
NSW1,22/03/2015 12:00,7502.73,28.14,TRADE
NSW1,22/03/2015 12:30,7426.81,28.03,TRADE
NSW1,22/03/2015 13:00,7445.87,28.11,TRADE
NSW1,22/03/2015 13:30,7369.33,28.01,TRADE
NSW1,22/03/2015 14:00,7386.15,28.04,TRADE
NSW1,22/03/2015 14:30,7433.25,28.22,TRADE
NSW1,22/03/2015 15:00,7506.99,28.54,TRADE
NSW1,22/03/2015 15:30,7590.09,29.8,TRADE
NSW1,22/03/2015 16:00,7719.56,31.63,TRADE
NSW1,22/03/2015 16:30,7697.64,31.55,TRADE
NSW1,22/03/2015 17:00,7841.03,31.8,TRADE
NSW1,22/03/2015 17:30,7958.42,32.11,TRADE
NSW1,22/03/2015 18:00,8006.01,32.26,TRADE
NSW1,22/03/2015 18:30,8020.29,32.73,TRADE
NSW1,22/03/2015 19:00,8069.16,42.82,TRADE
NSW1,22/03/2015 19:30,7904.71,32.99,TRADE
NSW1,22/03/2015 20:00,7699.76,30.72,TRADE
NSW1,22/03/2015 20:30,7528.15,28.62,TRADE
NSW1,22/03/2015 21:00,7355.91,28.0,TRADE
NSW1,22/03/2015 21:30,7182.55,27.0,TRADE
NSW1,22/03/2015 22:00,7060.46,23.49,TRADE
NSW1,22/03/2015 22:30,7031.5,26.77,TRADE
NSW1,22/03/2015 23:00,6845.99,23.66,TRADE
NSW1,22/03/2015 23:30,6694.24,26.06,TRADE
NSW1,23/03/2015 0:00,6599.56,23.47,TRADE
NSW1,23/03/2015 0:30,6410.57,24.97,TRADE
NSW1,23/03/2015 1:00,6308.45,25.92,TRADE
NSW1,23/03/2015 1:30,6072.81,22.57,TRADE
NSW1,23/03/2015 2:00,5925.58,19.14,TRADE
NSW1,23/03/2015 2:30,5843.37,18.1,TRADE
NSW1,23/03/2015 3:00,5810.8,18.96,TRADE
NSW1,23/03/2015 3:30,5833.52,18.96,TRADE
NSW1,23/03/2015 4:00,5935.47,19.19,TRADE
NSW1,23/03/2015 4:30,6170.72,24.39,TRADE
NSW1,23/03/2015 5:00,6464.09,26.92,TRADE
NSW1,23/03/2015 5:30,7068.19,28.61,TRADE
NSW1,23/03/2015 6:00,7628.26,28.71,TRADE
NSW1,23/03/2015 6:30,8032.57,76.7,TRADE
NSW1,23/03/2015 7:00,8330.8,217.17,TRADE
NSW1,23/03/2015 7:30,8451.3,32.72,TRADE
NSW1,23/03/2015 8:00,8509.76,30.44,TRADE
NSW1,23/03/2015 8:30,8677.57,35.91,TRADE
NSW1,23/03/2015 9:00,8732.23,35.52,TRADE
NSW1,23/03/2015 9:30,8786.16,45.13,TRADE
NSW1,23/03/2015 10:00,8785.2,36.66,TRADE
NSW1,23/03/2015 10:30,8708.02,34.18,TRADE
NSW1,23/03/2015 11:00,8730.16,35.41,TRADE
NSW1,23/03/2015 11:30,8701.36,34.52,TRADE
NSW1,23/03/2015 12:00,8780.87,30.55,TRADE
NSW1,23/03/2015 12:30,8797.87,30.15,TRADE
NSW1,23/03/2015 13:00,8902.19,31.27,TRADE
NSW1,23/03/2015 13:30,8940.71,31.24,TRADE
NSW1,23/03/2015 14:00,9017.97,30.53,TRADE
NSW1,23/03/2015 14:30,9040.15,30.84,TRADE
NSW1,23/03/2015 15:00,9183.98,31.71,TRADE
NSW1,23/03/2015 15:30,9235.78,31.28,TRADE
NSW1,23/03/2015 16:00,9344.61,35.1,TRADE
NSW1,23/03/2015 16:30,9351.29,109.2,TRADE
NSW1,23/03/2015 17:00,9378.67,32.71,TRADE
NSW1,23/03/2015 17:30,9164.02,29.15,TRADE
NSW1,23/03/2015 18:00,9045.71,31.65,TRADE
NSW1,23/03/2015 18:30,9022.31,32.2,TRADE
NSW1,23/03/2015 19:00,9099.21,46.15,TRADE
NSW1,23/03/2015 19:30,8841.8,31.36,TRADE
NSW1,23/03/2015 20:00,8573.04,30.14,TRADE
NSW1,23/03/2015 20:30,8355.07,28.67,TRADE
NSW1,23/03/2015 21:00,8060.93,27.97,TRADE
NSW1,23/03/2015 21:30,8003.05,28.06,TRADE
NSW1,23/03/2015 22:00,7828.08,27.39,TRADE
NSW1,23/03/2015 22:30,7734.57,36.12,TRADE
NSW1,23/03/2015 23:00,7633.31,28.67,TRADE
NSW1,23/03/2015 23:30,7404.22,28.82,TRADE
NSW1,24/03/2015 0:00,7283.73,31.05,TRADE
NSW1,24/03/2015 0:30,6996.73,28.02,TRADE
NSW1,24/03/2015 1:00,6800.28,27.35,TRADE
NSW1,24/03/2015 1:30,6581.9,27.94,TRADE
NSW1,24/03/2015 2:00,6283.09,21.25,TRADE
NSW1,24/03/2015 2:30,6147.88,20.95,TRADE
NSW1,24/03/2015 3:00,6057.14,19.11,TRADE
NSW1,24/03/2015 3:30,6016.05,18.96,TRADE
NSW1,24/03/2015 4:00,6106.17,19.91,TRADE
NSW1,24/03/2015 4:30,6311.67,27.24,TRADE
NSW1,24/03/2015 5:00,6650.76,27.96,TRADE
NSW1,24/03/2015 5:30,7281.61,30.2,TRADE
NSW1,24/03/2015 6:00,7822.65,35.19,TRADE
NSW1,24/03/2015 6:30,8278.7,37.04,TRADE
NSW1,24/03/2015 7:00,8620.27,81.26,TRADE
NSW1,24/03/2015 7:30,8755.3,41.83,TRADE
NSW1,24/03/2015 8:00,8789.29,39.69,TRADE
NSW1,24/03/2015 8:30,8886.51,43.44,TRADE
NSW1,24/03/2015 9:00,8964.82,45.74,TRADE
NSW1,24/03/2015 9:30,9049.23,50.75,TRADE
NSW1,24/03/2015 10:00,9117.91,46.52,TRADE
NSW1,24/03/2015 10:30,9117.32,40.53,TRADE
NSW1,24/03/2015 11:00,9146.03,41.69,TRADE
NSW1,24/03/2015 11:30,9205.13,44.35,TRADE
NSW1,24/03/2015 12:00,9332.58,46.53,TRADE
NSW1,24/03/2015 12:30,9293.94,44.81,TRADE
NSW1,24/03/2015 13:00,9235.98,42.21,TRADE
NSW1,24/03/2015 13:30,9135.96,41.39,TRADE
NSW1,24/03/2015 14:00,9117.81,39.13,TRADE
NSW1,24/03/2015 14:30,9038.03,37.2,TRADE
NSW1,24/03/2015 15:00,8980.05,44.5,TRADE
NSW1,24/03/2015 15:30,9001.93,45.14,TRADE
NSW1,24/03/2015 16:00,8961.71,44.5,TRADE
NSW1,24/03/2015 16:30,8955.48,43.94,TRADE
NSW1,24/03/2015 17:00,8941.52,47.76,TRADE
NSW1,24/03/2015 17:30,8875.4,46.28,TRADE
NSW1,24/03/2015 18:00,8853.13,44.99,TRADE
NSW1,24/03/2015 18:30,8787.48,47.99,TRADE
NSW1,24/03/2015 19:00,8711.33,49.96,TRADE
NSW1,24/03/2015 19:30,8557.65,44.2,TRADE
NSW1,24/03/2015 20:00,8331.68,35.08,TRADE
NSW1,24/03/2015 20:30,8196.63,34.54,TRADE
NSW1,24/03/2015 21:00,7888.06,31.28,TRADE
NSW1,24/03/2015 21:30,7852.83,31.54,TRADE
NSW1,24/03/2015 22:00,7639.06,28.92,TRADE
NSW1,24/03/2015 22:30,7595.68,33.28,TRADE
NSW1,24/03/2015 23:00,7449.78,33.76,TRADE
NSW1,24/03/2015 23:30,7306.63,34.71,TRADE
NSW1,25/03/2015 0:00,7171.71,32.61,TRADE
NSW1,25/03/2015 0:30,6994.65,31.81,TRADE
NSW1,25/03/2015 1:00,6777.4,31.51,TRADE
NSW1,25/03/2015 1:30,6494.68,30.2,TRADE
NSW1,25/03/2015 2:00,6258.05,27.94,TRADE
NSW1,25/03/2015 2:30,6063.64,27.76,TRADE
NSW1,25/03/2015 3:00,6022.37,27.94,TRADE
NSW1,25/03/2015 3:30,6014.01,26.3,TRADE
NSW1,25/03/2015 4:00,6095.83,25.18,TRADE
NSW1,25/03/2015 4:30,6307.0,26.92,TRADE
NSW1,25/03/2015 5:00,6586.75,29.09,TRADE
NSW1,25/03/2015 5:30,7153.6,32.53,TRADE
NSW1,25/03/2015 6:00,7704.26,37.67,TRADE
NSW1,25/03/2015 6:30,8049.87,37.94,TRADE
NSW1,25/03/2015 7:00,8277.87,89.15,TRADE
NSW1,25/03/2015 7:30,8305.71,38.4,TRADE
NSW1,25/03/2015 8:00,8267.56,39.32,TRADE
NSW1,25/03/2015 8:30,8307.96,37.51,TRADE
NSW1,25/03/2015 9:00,8318.44,39.0,TRADE
NSW1,25/03/2015 9:30,8350.41,36.06,TRADE
NSW1,25/03/2015 10:00,8371.01,32.1,TRADE
NSW1,25/03/2015 10:30,8366.69,32.03,TRADE
NSW1,25/03/2015 11:00,8356.6,32.73,TRADE
NSW1,25/03/2015 11:30,8347.19,31.8,TRADE
NSW1,25/03/2015 12:00,8357.55,31.65,TRADE
NSW1,25/03/2015 12:30,8389.5,32.8,TRADE
NSW1,25/03/2015 13:00,8402.4,32.23,TRADE
NSW1,25/03/2015 13:30,8392.94,31.77,TRADE
NSW1,25/03/2015 14:00,8339.55,31.96,TRADE
NSW1,25/03/2015 14:30,8356.45,31.96,TRADE
NSW1,25/03/2015 15:00,8408.29,31.97,TRADE
NSW1,25/03/2015 15:30,8485.54,28.66,TRADE
NSW1,25/03/2015 16:00,8514.8,31.25,TRADE
NSW1,25/03/2015 16:30,8445.15,30.28,TRADE
NSW1,25/03/2015 17:00,8489.18,28.26,TRADE
NSW1,25/03/2015 17:30,8355.49,28.21,TRADE
NSW1,25/03/2015 18:00,8362.04,28.07,TRADE
NSW1,25/03/2015 18:30,8374.56,28.63,TRADE
NSW1,25/03/2015 19:00,8446.59,29.02,TRADE
NSW1,25/03/2015 19:30,8263.32,28.26,TRADE
NSW1,25/03/2015 20:00,8079.54,28.17,TRADE
NSW1,25/03/2015 20:30,7878.0,28.16,TRADE
NSW1,25/03/2015 21:00,7654.88,27.97,TRADE
NSW1,25/03/2015 21:30,7629.72,27.97,TRADE
NSW1,25/03/2015 22:00,7471.94,27.08,TRADE
NSW1,25/03/2015 22:30,7465.97,27.96,TRADE
NSW1,25/03/2015 23:00,7423.75,28.57,TRADE
NSW1,25/03/2015 23:30,7289.01,27.96,TRADE
NSW1,26/03/2015 0:00,7144.16,27.97,TRADE
NSW1,26/03/2015 0:30,6994.55,27.59,TRADE
NSW1,26/03/2015 1:00,6718.56,23.78,TRADE
NSW1,26/03/2015 1:30,6439.2,24.55,TRADE
NSW1,26/03/2015 2:00,6126.05,22.98,TRADE
NSW1,26/03/2015 2:30,6003.67,21.75,TRADE
NSW1,26/03/2015 3:00,5940.78,19.1,TRADE
NSW1,26/03/2015 3:30,5916.4,18.96,TRADE
NSW1,26/03/2015 4:00,5970.76,19.05,TRADE
NSW1,26/03/2015 4:30,6204.64,23.59,TRADE
NSW1,26/03/2015 5:00,6487.28,26.93,TRADE
NSW1,26/03/2015 5:30,7039.84,27.96,TRADE
NSW1,26/03/2015 6:00,7576.43,31.74,TRADE
NSW1,26/03/2015 6:30,7977.47,28.14,TRADE
NSW1,26/03/2015 7:00,8218.02,36.21,TRADE
NSW1,26/03/2015 7:30,8246.19,33.61,TRADE
NSW1,26/03/2015 8:00,8325.97,34.56,TRADE
NSW1,26/03/2015 8:30,8336.8,34.99,TRADE
NSW1,26/03/2015 9:00,8306.21,32.56,TRADE
NSW1,26/03/2015 9:30,8312.54,32.06,TRADE
NSW1,26/03/2015 10:00,8315.85,28.42,TRADE
NSW1,26/03/2015 10:30,8258.77,28.67,TRADE
NSW1,26/03/2015 11:00,8349.24,28.53,TRADE
NSW1,26/03/2015 11:30,8329.28,28.79,TRADE
NSW1,26/03/2015 12:00,8329.01,28.49,TRADE
NSW1,26/03/2015 12:30,8344.35,28.07,TRADE
NSW1,26/03/2015 13:00,8327.84,28.0,TRADE
NSW1,26/03/2015 13:30,8404.11,28.62,TRADE
NSW1,26/03/2015 14:00,8445.6,28.36,TRADE
NSW1,26/03/2015 14:30,8467.84,28.04,TRADE
NSW1,26/03/2015 15:00,8576.49,28.85,TRADE
NSW1,26/03/2015 15:30,8591.18,28.78,TRADE
NSW1,26/03/2015 16:00,8670.52,28.07,TRADE
NSW1,26/03/2015 16:30,8671.48,28.07,TRADE
NSW1,26/03/2015 17:00,8653.45,28.04,TRADE
NSW1,26/03/2015 17:30,8539.94,28.0,TRADE
NSW1,26/03/2015 18:00,8550.23,27.96,TRADE
NSW1,26/03/2015 18:30,8565.61,30.48,TRADE
NSW1,26/03/2015 19:00,8591.46,29.86,TRADE
NSW1,26/03/2015 19:30,8449.0,29.77,TRADE
NSW1,26/03/2015 20:00,8226.66,28.17,TRADE
NSW1,26/03/2015 20:30,8024.18,27.99,TRADE
NSW1,26/03/2015 21:00,7706.34,27.52,TRADE
NSW1,26/03/2015 21:30,7641.65,25.78,TRADE
NSW1,26/03/2015 22:00,7469.31,24.87,TRADE
NSW1,26/03/2015 22:30,7413.16,28.5,TRADE
NSW1,26/03/2015 23:00,7336.08,28.54,TRADE
NSW1,26/03/2015 23:30,7152.98,27.17,TRADE
NSW1,27/03/2015 0:00,7018.32,28.0,TRADE
NSW1,27/03/2015 0:30,6797.39,25.39,TRADE
NSW1,27/03/2015 1:00,6590.69,23.32,TRADE
NSW1,27/03/2015 1:30,6294.95,25.7,TRADE
NSW1,27/03/2015 2:00,6012.99,23.68,TRADE
NSW1,27/03/2015 2:30,5856.54,19.76,TRADE
NSW1,27/03/2015 3:00,5792.37,19.0,TRADE
NSW1,27/03/2015 3:30,5795.84,18.96,TRADE
NSW1,27/03/2015 4:00,5844.17,18.98,TRADE
NSW1,27/03/2015 4:30,6080.65,23.57,TRADE
NSW1,27/03/2015 5:00,6391.72,25.75,TRADE
NSW1,27/03/2015 5:30,6931.63,27.51,TRADE
NSW1,27/03/2015 6:00,7469.13,32.33,TRADE
NSW1,27/03/2015 6:30,7817.48,27.99,TRADE
NSW1,27/03/2015 7:00,8105.09,30.99,TRADE
NSW1,27/03/2015 7:30,8178.8,31.13,TRADE
NSW1,27/03/2015 8:00,8130.51,29.9,TRADE
NSW1,27/03/2015 8:30,8141.56,29.8,TRADE
NSW1,27/03/2015 9:00,8094.81,28.2,TRADE
NSW1,27/03/2015 9:30,8059.76,28.22,TRADE
NSW1,27/03/2015 10:00,7951.41,29.41,TRADE
NSW1,27/03/2015 10:30,7907.04,28.36,TRADE
NSW1,27/03/2015 11:00,7886.89,28.01,TRADE
NSW1,27/03/2015 11:30,7859.47,28.22,TRADE
NSW1,27/03/2015 12:00,7852.36,28.22,TRADE
NSW1,27/03/2015 12:30,7796.18,28.52,TRADE
NSW1,27/03/2015 13:00,7817.45,28.21,TRADE
NSW1,27/03/2015 13:30,7866.68,29.0,TRADE
NSW1,27/03/2015 14:00,7829.0,28.41,TRADE
NSW1,27/03/2015 14:30,7814.29,28.77,TRADE
NSW1,27/03/2015 15:00,7879.85,29.39,TRADE
NSW1,27/03/2015 15:30,7980.59,30.22,TRADE
NSW1,27/03/2015 16:00,8054.41,30.14,TRADE
NSW1,27/03/2015 16:30,8025.59,30.65,TRADE
NSW1,27/03/2015 17:00,8039.2,32.86,TRADE
NSW1,27/03/2015 17:30,7915.65,32.07,TRADE
NSW1,27/03/2015 18:00,7888.5,31.97,TRADE
NSW1,27/03/2015 18:30,8001.51,32.83,TRADE
NSW1,27/03/2015 19:00,8090.91,34.86,TRADE
NSW1,27/03/2015 19:30,7904.96,32.79,TRADE
NSW1,27/03/2015 20:00,7743.46,32.43,TRADE
NSW1,27/03/2015 20:30,7558.32,29.84,TRADE
NSW1,27/03/2015 21:00,7433.85,28.0,TRADE
NSW1,27/03/2015 21:30,7439.87,28.35,TRADE
NSW1,27/03/2015 22:00,7346.35,27.96,TRADE
NSW1,27/03/2015 22:30,7329.11,32.92,TRADE
NSW1,27/03/2015 23:00,7232.17,28.18,TRADE
NSW1,27/03/2015 23:30,7149.73,30.81,TRADE
NSW1,28/03/2015 0:00,6988.4,30.92,TRADE
NSW1,28/03/2015 0:30,6867.25,30.52,TRADE
NSW1,28/03/2015 1:00,6634.07,30.35,TRADE
NSW1,28/03/2015 1:30,6389.26,28.54,TRADE
NSW1,28/03/2015 2:00,6116.43,27.95,TRADE
NSW1,28/03/2015 2:30,5881.7,26.77,TRADE
NSW1,28/03/2015 3:00,5807.62,26.56,TRADE
NSW1,28/03/2015 3:30,5791.91,25.74,TRADE
NSW1,28/03/2015 4:00,5738.99,24.97,TRADE
NSW1,28/03/2015 4:30,5831.67,27.96,TRADE
NSW1,28/03/2015 5:00,5957.95,27.98,TRADE
NSW1,28/03/2015 5:30,6185.21,28.22,TRADE
NSW1,28/03/2015 6:00,6448.37,28.35,TRADE
NSW1,28/03/2015 6:30,6669.76,28.82,TRADE
NSW1,28/03/2015 7:00,7042.3,32.01,TRADE
NSW1,28/03/2015 7:30,7219.68,33.12,TRADE
NSW1,28/03/2015 8:00,7411.09,34.88,TRADE
NSW1,28/03/2015 8:30,7519.09,34.05,TRADE
NSW1,28/03/2015 9:00,7430.81,31.07,TRADE
NSW1,28/03/2015 9:30,7381.47,28.9,TRADE
NSW1,28/03/2015 10:00,7317.52,28.33,TRADE
NSW1,28/03/2015 10:30,7173.66,28.12,TRADE
NSW1,28/03/2015 11:00,7146.58,27.96,TRADE
NSW1,28/03/2015 11:30,7054.39,27.95,TRADE
NSW1,28/03/2015 12:00,6973.16,27.96,TRADE
NSW1,28/03/2015 12:30,6952.72,28.16,TRADE
NSW1,28/03/2015 13:00,6931.34,27.96,TRADE
NSW1,28/03/2015 13:30,6939.93,28.26,TRADE
NSW1,28/03/2015 14:00,6901.77,28.0,TRADE
NSW1,28/03/2015 14:30,6958.22,28.05,TRADE
NSW1,28/03/2015 15:00,7060.65,30.17,TRADE
NSW1,28/03/2015 15:30,7113.09,31.22,TRADE
NSW1,28/03/2015 16:00,7237.8,31.03,TRADE
NSW1,28/03/2015 16:30,7212.73,32.74,TRADE
NSW1,28/03/2015 17:00,7344.25,36.92,TRADE
NSW1,28/03/2015 17:30,7439.67,35.78,TRADE
NSW1,28/03/2015 18:00,7512.51,35.48,TRADE
NSW1,28/03/2015 18:30,7636.5,36.62,TRADE
NSW1,28/03/2015 19:00,7604.23,37.87,TRADE
NSW1,28/03/2015 19:30,7464.75,34.26,TRADE
NSW1,28/03/2015 20:00,7307.6,33.03,TRADE
NSW1,28/03/2015 20:30,7161.81,32.13,TRADE
NSW1,28/03/2015 21:00,7064.44,31.64,TRADE
NSW1,28/03/2015 21:30,7081.79,34.09,TRADE
NSW1,28/03/2015 22:00,7008.39,31.42,TRADE
NSW1,28/03/2015 22:30,7016.33,37.05,TRADE
NSW1,28/03/2015 23:00,6815.38,35.05,TRADE
NSW1,28/03/2015 23:30,6689.9,33.48,TRADE
NSW1,29/03/2015 0:00,6607.19,34.5,TRADE
NSW1,29/03/2015 0:30,6408.14,31.0,TRADE
NSW1,29/03/2015 1:00,6270.58,30.69,TRADE
NSW1,29/03/2015 1:30,5981.71,27.96,TRADE
NSW1,29/03/2015 2:00,5803.31,27.94,TRADE
NSW1,29/03/2015 2:30,5695.57,27.83,TRADE
NSW1,29/03/2015 3:00,5613.56,26.56,TRADE
NSW1,29/03/2015 3:30,5569.25,27.02,TRADE
NSW1,29/03/2015 4:00,5552.69,26.84,TRADE
NSW1,29/03/2015 4:30,5651.21,27.52,TRADE
NSW1,29/03/2015 5:00,5712.68,27.91,TRADE
NSW1,29/03/2015 5:30,5895.97,27.94,TRADE
NSW1,29/03/2015 6:00,6044.44,27.1,TRADE
NSW1,29/03/2015 6:30,6210.32,27.95,TRADE
NSW1,29/03/2015 7:00,6477.52,28.63,TRADE
NSW1,29/03/2015 7:30,6755.53,28.72,TRADE
NSW1,29/03/2015 8:00,6961.14,28.46,TRADE
NSW1,29/03/2015 8:30,7112.9,30.31,TRADE
NSW1,29/03/2015 9:00,7136.8,30.0,TRADE
NSW1,29/03/2015 9:30,7194.62,29.75,TRADE
NSW1,29/03/2015 10:00,7097.85,28.29,TRADE
NSW1,29/03/2015 10:30,7108.51,28.39,TRADE
NSW1,29/03/2015 11:00,7096.83,28.14,TRADE
NSW1,29/03/2015 11:30,7047.0,28.0,TRADE
NSW1,29/03/2015 12:00,7014.56,27.97,TRADE
NSW1,29/03/2015 12:30,7000.23,28.0,TRADE
NSW1,29/03/2015 13:00,7008.27,28.24,TRADE
NSW1,29/03/2015 13:30,7033.8,28.18,TRADE
NSW1,29/03/2015 14:00,7108.82,28.19,TRADE
NSW1,29/03/2015 14:30,7120.98,28.15,TRADE
NSW1,29/03/2015 15:00,7222.57,28.4,TRADE
NSW1,29/03/2015 15:30,7360.63,29.36,TRADE
NSW1,29/03/2015 16:00,7464.77,30.88,TRADE
NSW1,29/03/2015 16:30,7505.57,30.44,TRADE
NSW1,29/03/2015 17:00,7659.51,29.62,TRADE
NSW1,29/03/2015 17:30,7818.98,33.63,TRADE
NSW1,29/03/2015 18:00,7856.05,34.06,TRADE
NSW1,29/03/2015 18:30,7976.73,40.66,TRADE
NSW1,29/03/2015 19:00,7896.14,45.44,TRADE
NSW1,29/03/2015 19:30,7767.67,34.25,TRADE
NSW1,29/03/2015 20:00,7524.89,32.01,TRADE
NSW1,29/03/2015 20:30,7321.85,30.05,TRADE
NSW1,29/03/2015 21:00,7231.65,28.61,TRADE
NSW1,29/03/2015 21:30,7052.88,29.19,TRADE
NSW1,29/03/2015 22:00,6951.27,28.43,TRADE
NSW1,29/03/2015 22:30,6914.76,30.48,TRADE
NSW1,29/03/2015 23:00,6781.69,28.66,TRADE
NSW1,29/03/2015 23:30,6649.86,27.96,TRADE
NSW1,30/03/2015 0:00,6548.51,30.04,TRADE
NSW1,30/03/2015 0:30,6415.49,28.56,TRADE
NSW1,30/03/2015 1:00,6307.57,28.54,TRADE
NSW1,30/03/2015 1:30,6065.84,27.96,TRADE
NSW1,30/03/2015 2:00,5899.19,28.55,TRADE
NSW1,30/03/2015 2:30,5777.14,27.96,TRADE
NSW1,30/03/2015 3:00,5749.66,27.82,TRADE
NSW1,30/03/2015 3:30,5748.33,27.64,TRADE
NSW1,30/03/2015 4:00,5852.28,27.95,TRADE
NSW1,30/03/2015 4:30,6115.34,27.97,TRADE
NSW1,30/03/2015 5:00,6382.78,35.51,TRADE
NSW1,30/03/2015 5:30,6954.12,37.99,TRADE
NSW1,30/03/2015 6:00,7400.25,36.79,TRADE
NSW1,30/03/2015 6:30,7861.01,33.99,TRADE
NSW1,30/03/2015 7:00,8257.7,233.68,TRADE
NSW1,30/03/2015 7:30,8381.36,32.79,TRADE
NSW1,30/03/2015 8:00,8432.62,35.85,TRADE
NSW1,30/03/2015 8:30,8528.68,35.3,TRADE
NSW1,30/03/2015 9:00,8523.15,42.62,TRADE
NSW1,30/03/2015 9:30,8531.72,48.35,TRADE
NSW1,30/03/2015 10:00,8556.95,34.44,TRADE
NSW1,30/03/2015 10:30,8516.01,31.48,TRADE
NSW1,30/03/2015 11:00,8503.5,31.61,TRADE
NSW1,30/03/2015 11:30,8463.34,31.73,TRADE
NSW1,30/03/2015 12:00,8438.48,31.57,TRADE
NSW1,30/03/2015 12:30,8417.95,30.67,TRADE
NSW1,30/03/2015 13:00,8445.04,31.94,TRADE
NSW1,30/03/2015 13:30,8449.53,32.41,TRADE
NSW1,30/03/2015 14:00,8471.66,32.78,TRADE
NSW1,30/03/2015 14:30,8451.89,33.46,TRADE
NSW1,30/03/2015 15:00,8535.22,34.54,TRADE
NSW1,30/03/2015 15:30,8558.81,35.06,TRADE
NSW1,30/03/2015 16:00,8660.62,36.86,TRADE
NSW1,30/03/2015 16:30,8664.58,35.26,TRADE
NSW1,30/03/2015 17:00,8686.62,34.33,TRADE
NSW1,30/03/2015 17:30,8633.09,34.7,TRADE
NSW1,30/03/2015 18:00,8658.9,35.08,TRADE
NSW1,30/03/2015 18:30,8650.3,35.22,TRADE
NSW1,30/03/2015 19:00,8565.67,35.19,TRADE
NSW1,30/03/2015 19:30,8299.42,33.7,TRADE
NSW1,30/03/2015 20:00,8082.97,33.01,TRADE
NSW1,30/03/2015 20:30,7895.13,32.26,TRADE
NSW1,30/03/2015 21:00,7638.72,29.56,TRADE
NSW1,30/03/2015 21:30,7567.93,28.31,TRADE
NSW1,30/03/2015 22:00,7395.06,28.14,TRADE
NSW1,30/03/2015 22:30,7421.93,33.22,TRADE
NSW1,30/03/2015 23:00,7317.27,29.77,TRADE
NSW1,30/03/2015 23:30,7151.74,30.05,TRADE
NSW1,31/03/2015 0:00,7045.58,30.51,TRADE
NSW1,31/03/2015 0:30,6885.17,29.74,TRADE
NSW1,31/03/2015 1:00,6713.41,26.82,TRADE
NSW1,31/03/2015 1:30,6437.96,27.94,TRADE
NSW1,31/03/2015 2:00,6177.92,27.94,TRADE
NSW1,31/03/2015 2:30,5987.12,27.74,TRADE
NSW1,31/03/2015 3:00,5910.79,27.86,TRADE
NSW1,31/03/2015 3:30,5881.17,27.87,TRADE
NSW1,31/03/2015 4:00,5945.58,27.93,TRADE
NSW1,31/03/2015 4:30,6209.98,28.63,TRADE
NSW1,31/03/2015 5:00,6508.87,28.24,TRADE
NSW1,31/03/2015 5:30,7057.55,28.64,TRADE
NSW1,31/03/2015 6:00,7650.74,27.95,TRADE
NSW1,31/03/2015 6:30,8056.56,19.53,TRADE
NSW1,31/03/2015 7:00,8302.07,77.58,TRADE
NSW1,31/03/2015 7:30,8345.06,45.22,TRADE
NSW1,31/03/2015 8:00,8353.85,40.1,TRADE
NSW1,31/03/2015 8:30,8470.83,41.11,TRADE
NSW1,31/03/2015 9:00,8536.88,47.47,TRADE
NSW1,31/03/2015 9:30,8551.77,45.75,TRADE
NSW1,31/03/2015 10:00,8531.52,41.16,TRADE
NSW1,31/03/2015 10:30,8533.36,42.6,TRADE
NSW1,31/03/2015 11:00,8514.42,42.98,TRADE
NSW1,31/03/2015 11:30,8460.41,42.38,TRADE
NSW1,31/03/2015 12:00,8493.56,41.56,TRADE
NSW1,31/03/2015 12:30,8452.9,40.4,TRADE
NSW1,31/03/2015 13:00,8444.04,41.0,TRADE
NSW1,31/03/2015 13:30,8411.17,44.7,TRADE
NSW1,31/03/2015 14:00,8412.85,37.56,TRADE
NSW1,31/03/2015 14:30,8385.52,35.59,TRADE
NSW1,31/03/2015 15:00,8452.33,36.61,TRADE
NSW1,31/03/2015 15:30,8417.3,37.42,TRADE
NSW1,31/03/2015 16:00,8466.75,38.4,TRADE
NSW1,31/03/2015 16:30,8472.92,38.43,TRADE
NSW1,31/03/2015 17:00,8508.38,38.21,TRADE
NSW1,31/03/2015 17:30,8393.32,35.67,TRADE
NSW1,31/03/2015 18:00,8436.66,36.45,TRADE
NSW1,31/03/2015 18:30,8495.45,38.92,TRADE
NSW1,31/03/2015 19:00,8426.77,38.55,TRADE
NSW1,31/03/2015 19:30,8232.93,34.21,TRADE
NSW1,31/03/2015 20:00,8004.12,33.42,TRADE
NSW1,31/03/2015 20:30,7745.68,31.46,TRADE
NSW1,31/03/2015 21:00,7538.65,30.67,TRADE
NSW1,31/03/2015 21:30,7517.97,31.41,TRADE
NSW1,31/03/2015 22:00,7376.93,29.15,TRADE
NSW1,31/03/2015 22:30,7323.66,34.45,TRADE
NSW1,31/03/2015 23:00,7253.72,40.61,TRADE
NSW1,31/03/2015 23:30,7148.9,33.29,TRADE
NSW1,1/04/2015 0:00,7022.59,33.59,TRADE
NSW1,1/04/2015 0:30,6881.85,28.52,TRADE
NSW1,1/04/2015 1:00,6716.48,27.02,TRADE
NSW1,1/04/2015 1:30,6426.63,27.46,TRADE
NSW1,1/04/2015 2:00,6158.14,27.7,TRADE
NSW1,1/04/2015 2:30,5964.69,25.5,TRADE
NSW1,1/04/2015 3:00,5896.3,20.96,TRADE
NSW1,1/04/2015 3:30,5911.56,22.7,TRADE
NSW1,1/04/2015 4:00,5979.21,24.63,TRADE
NSW1,1/04/2015 4:30,6223.72,27.35,TRADE
NSW1,1/04/2015 5:00,6480.91,28.08,TRADE
NSW1,1/04/2015 5:30,7055.6,44.5,TRADE
NSW1,1/04/2015 6:00,7539.28,43.47,TRADE
NSW1,1/04/2015 6:30,7960.25,254.43,TRADE
NSW1,1/04/2015 7:00,8227.78,258.35,TRADE
NSW1,1/04/2015 7:30,8321.26,82.14,TRADE
NSW1,1/04/2015 8:00,8351.39,36.52,TRADE
NSW1,1/04/2015 8:30,8437.68,37.49,TRADE
NSW1,1/04/2015 9:00,8439.2,36.49,TRADE
NSW1,1/04/2015 9:30,8508.41,36.09,TRADE
NSW1,1/04/2015 10:00,8489.98,35.55,TRADE
NSW1,1/04/2015 10:30,8492.39,36.71,TRADE
NSW1,1/04/2015 11:00,8476.05,36.55,TRADE
NSW1,1/04/2015 11:30,8467.25,34.11,TRADE
NSW1,1/04/2015 12:00,8420.93,33.15,TRADE
NSW1,1/04/2015 12:30,8436.23,36.96,TRADE
NSW1,1/04/2015 13:00,8492.83,36.82,TRADE
NSW1,1/04/2015 13:30,8501.26,34.79,TRADE
NSW1,1/04/2015 14:00,8542.79,35.79,TRADE
NSW1,1/04/2015 14:30,8533.31,33.36,TRADE
NSW1,1/04/2015 15:00,8606.48,36.46,TRADE
NSW1,1/04/2015 15:30,8689.55,35.2,TRADE
NSW1,1/04/2015 16:00,8752.39,40.19,TRADE
NSW1,1/04/2015 16:30,8729.96,38.1,TRADE
NSW1,1/04/2015 17:00,8690.64,41.22,TRADE
NSW1,1/04/2015 17:30,8555.43,41.53,TRADE
NSW1,1/04/2015 18:00,8640.28,43.19,TRADE
NSW1,1/04/2015 18:30,8765.3,48.8,TRADE
NSW1,1/04/2015 19:00,8692.82,42.02,TRADE
NSW1,1/04/2015 19:30,8507.17,35.01,TRADE
NSW1,1/04/2015 20:00,8320.45,34.51,TRADE
NSW1,1/04/2015 20:30,8058.59,35.75,TRADE
NSW1,1/04/2015 21:00,7766.96,32.19,TRADE
NSW1,1/04/2015 21:30,7730.82,31.14,TRADE
NSW1,1/04/2015 22:00,7555.42,28.4,TRADE
NSW1,1/04/2015 22:30,7505.85,33.27,TRADE
NSW1,1/04/2015 23:00,7403.58,28.85,TRADE
NSW1,1/04/2015 23:30,7248.97,33.29,TRADE
NSW1,2/04/2015 0:00,7119.35,31.14,TRADE
NSW1,2/04/2015 0:30,6961.39,28.0,TRADE
NSW1,2/04/2015 1:00,6723.01,26.4,TRADE
NSW1,2/04/2015 1:30,6430.66,25.68,TRADE
NSW1,2/04/2015 2:00,6145.4,21.37,TRADE
NSW1,2/04/2015 2:30,5991.36,23.39,TRADE
NSW1,2/04/2015 3:00,5871.12,21.97,TRADE
NSW1,2/04/2015 3:30,5868.17,24.79,TRADE
NSW1,2/04/2015 4:00,5908.62,25.15,TRADE
NSW1,2/04/2015 4:30,6176.76,27.96,TRADE
NSW1,2/04/2015 5:00,6442.93,27.96,TRADE
NSW1,2/04/2015 5:30,7021.35,37.61,TRADE
NSW1,2/04/2015 6:00,7504.04,35.19,TRADE
NSW1,2/04/2015 6:30,7796.97,26.94,TRADE
NSW1,2/04/2015 7:00,8103.35,30.77,TRADE
NSW1,2/04/2015 7:30,8210.52,30.87,TRADE
NSW1,2/04/2015 8:00,8247.9,29.92,TRADE
NSW1,2/04/2015 8:30,8329.36,31.87,TRADE
NSW1,2/04/2015 9:00,8419.53,32.47,TRADE
NSW1,2/04/2015 9:30,8455.54,31.97,TRADE
NSW1,2/04/2015 10:00,8490.96,32.32,TRADE
NSW1,2/04/2015 10:30,8502.97,32.43,TRADE
NSW1,2/04/2015 11:00,8555.28,32.13,TRADE
NSW1,2/04/2015 11:30,8513.21,33.9,TRADE
NSW1,2/04/2015 12:00,8542.42,34.18,TRADE
NSW1,2/04/2015 12:30,8630.27,37.54,TRADE
NSW1,2/04/2015 13:00,8676.04,41.27,TRADE
NSW1,2/04/2015 13:30,8697.26,31.34,TRADE
NSW1,2/04/2015 14:00,8666.59,30.38,TRADE
NSW1,2/04/2015 14:30,8674.46,31.91,TRADE
NSW1,2/04/2015 15:00,8761.49,39.15,TRADE
NSW1,2/04/2015 15:30,8807.3,35.63,TRADE
NSW1,2/04/2015 16:00,8822.98,32.09,TRADE
NSW1,2/04/2015 16:30,8750.4,33.55,TRADE
NSW1,2/04/2015 17:00,8764.49,38.5,TRADE
NSW1,2/04/2015 17:30,8577.85,33.49,TRADE
NSW1,2/04/2015 18:00,8690.0,36.85,TRADE
NSW1,2/04/2015 18:30,8713.19,35.12,TRADE
NSW1,2/04/2015 19:00,8536.55,36.3,TRADE
NSW1,2/04/2015 19:30,8263.36,38.31,TRADE
NSW1,2/04/2015 20:00,8058.93,33.75,TRADE
NSW1,2/04/2015 20:30,7782.3,30.81,TRADE
NSW1,2/04/2015 21:00,7497.42,30.08,TRADE
NSW1,2/04/2015 21:30,7474.13,30.54,TRADE
NSW1,2/04/2015 22:00,7327.03,26.33,TRADE
NSW1,2/04/2015 22:30,7336.31,32.98,TRADE
NSW1,2/04/2015 23:00,7253.87,31.51,TRADE
NSW1,2/04/2015 23:30,7107.95,33.11,TRADE
NSW1,3/04/2015 0:00,6990.57,31.77,TRADE
NSW1,3/04/2015 0:30,6819.13,31.62,TRADE
NSW1,3/04/2015 1:00,6601.52,32.66,TRADE
NSW1,3/04/2015 1:30,6303.57,25.89,TRADE
NSW1,3/04/2015 2:00,5999.35,21.3,TRADE
NSW1,3/04/2015 2:30,5851.27,19.92,TRADE
NSW1,3/04/2015 3:00,5722.97,19.82,TRADE
NSW1,3/04/2015 3:30,5685.93,21.58,TRADE
NSW1,3/04/2015 4:00,5658.15,22.18,TRADE
NSW1,3/04/2015 4:30,5703.84,20.42,TRADE
NSW1,3/04/2015 5:00,5777.82,23.18,TRADE
NSW1,3/04/2015 5:30,5921.0,24.62,TRADE
NSW1,3/04/2015 6:00,6028.25,20.71,TRADE
NSW1,3/04/2015 6:30,6150.06,19.94,TRADE
NSW1,3/04/2015 7:00,6374.33,27.32,TRADE
NSW1,3/04/2015 7:30,6602.81,28.04,TRADE
NSW1,3/04/2015 8:00,6781.7,28.82,TRADE
NSW1,3/04/2015 8:30,7005.16,31.97,TRADE
NSW1,3/04/2015 9:00,7122.72,32.3,TRADE
NSW1,3/04/2015 9:30,7215.34,31.92,TRADE
NSW1,3/04/2015 10:00,7273.33,33.9,TRADE
NSW1,3/04/2015 10:30,7269.07,30.98,TRADE
NSW1,3/04/2015 11:00,7223.75,31.79,TRADE
NSW1,3/04/2015 11:30,7237.07,32.3,TRADE
NSW1,3/04/2015 12:00,7193.78,31.82,TRADE
NSW1,3/04/2015 12:30,7095.08,30.35,TRADE
NSW1,3/04/2015 13:00,6987.36,28.83,TRADE
NSW1,3/04/2015 13:30,6921.08,30.44,TRADE
NSW1,3/04/2015 14:00,6906.39,32.12,TRADE
NSW1,3/04/2015 14:30,6869.94,31.89,TRADE
NSW1,3/04/2015 15:00,6892.82,28.99,TRADE
NSW1,3/04/2015 15:30,6939.42,29.09,TRADE
NSW1,3/04/2015 16:00,7040.7,31.71,TRADE
NSW1,3/04/2015 16:30,7201.74,35.67,TRADE
NSW1,3/04/2015 17:00,7341.02,37.89,TRADE
NSW1,3/04/2015 17:30,7397.92,39.87,TRADE
NSW1,3/04/2015 18:00,7492.17,39.21,TRADE
NSW1,3/04/2015 18:30,7527.73,41.66,TRADE
NSW1,3/04/2015 19:00,7359.53,44.62,TRADE
NSW1,3/04/2015 19:30,7162.13,40.39,TRADE
NSW1,3/04/2015 20:00,7040.49,38.56,TRADE
NSW1,3/04/2015 20:30,6949.95,31.29,TRADE
NSW1,3/04/2015 21:00,6891.3,32.95,TRADE
NSW1,3/04/2015 21:30,6912.11,31.7,TRADE
NSW1,3/04/2015 22:00,6893.1,28.77,TRADE
NSW1,3/04/2015 22:30,6995.98,41.15,TRADE
NSW1,3/04/2015 23:00,6957.19,38.1,TRADE
NSW1,3/04/2015 23:30,6887.8,39.21,TRADE
NSW1,4/04/2015 0:00,6842.51,38.7,TRADE
NSW1,4/04/2015 0:30,6668.48,29.64,TRADE
NSW1,4/04/2015 1:00,6475.5,26.31,TRADE
NSW1,4/04/2015 1:30,6175.62,21.72,TRADE
NSW1,4/04/2015 2:00,5917.44,22.45,TRADE
NSW1,4/04/2015 2:30,5706.5,21.84,TRADE
NSW1,4/04/2015 3:00,5648.77,22.48,TRADE
NSW1,4/04/2015 3:30,5572.59,19.04,TRADE
NSW1,4/04/2015 4:00,5609.48,21.89,TRADE
NSW1,4/04/2015 4:30,5641.68,23.5,TRADE
NSW1,4/04/2015 5:00,5721.37,25.86,TRADE
NSW1,4/04/2015 5:30,5890.89,24.74,TRADE
NSW1,4/04/2015 6:00,6052.93,26.32,TRADE
NSW1,4/04/2015 6:30,6289.4,28.68,TRADE
NSW1,4/04/2015 7:00,6517.72,34.25,TRADE
NSW1,4/04/2015 7:30,6921.94,28.52,TRADE
NSW1,4/04/2015 8:00,7270.97,33.16,TRADE
NSW1,4/04/2015 8:30,7557.64,36.04,TRADE
NSW1,4/04/2015 9:00,7661.19,35.8,TRADE
NSW1,4/04/2015 9:30,7712.92,36.44,TRADE
NSW1,4/04/2015 10:00,7675.73,35.31,TRADE
NSW1,4/04/2015 10:30,7611.82,34.58,TRADE
NSW1,4/04/2015 11:00,7569.48,34.25,TRADE
NSW1,4/04/2015 11:30,7501.9,34.77,TRADE
NSW1,4/04/2015 12:00,7437.52,35.32,TRADE
NSW1,4/04/2015 12:30,7383.56,34.97,TRADE
NSW1,4/04/2015 13:00,7344.32,35.06,TRADE
NSW1,4/04/2015 13:30,7309.68,29.38,TRADE
NSW1,4/04/2015 14:00,7290.55,32.34,TRADE
NSW1,4/04/2015 14:30,7257.02,28.72,TRADE
NSW1,4/04/2015 15:00,7293.77,31.7,TRADE
NSW1,4/04/2015 15:30,7320.44,33.51,TRADE
NSW1,4/04/2015 16:00,7392.15,35.66,TRADE
NSW1,4/04/2015 16:30,7423.12,35.89,TRADE
NSW1,4/04/2015 17:00,7558.91,38.08,TRADE
NSW1,4/04/2015 17:30,7634.55,37.49,TRADE
NSW1,4/04/2015 18:00,7712.35,37.97,TRADE
NSW1,4/04/2015 18:30,7723.44,37.69,TRADE
NSW1,4/04/2015 19:00,7541.52,38.42,TRADE
NSW1,4/04/2015 19:30,7378.06,35.05,TRADE
NSW1,4/04/2015 20:00,7257.15,35.2,TRADE
NSW1,4/04/2015 20:30,7183.35,32.66,TRADE
NSW1,4/04/2015 21:00,7051.69,30.01,TRADE
NSW1,4/04/2015 21:30,7003.22,29.81,TRADE
NSW1,4/04/2015 22:00,6917.36,29.19,TRADE
NSW1,4/04/2015 22:30,6994.99,34.99,TRADE
NSW1,4/04/2015 23:00,6854.23,31.13,TRADE
NSW1,4/04/2015 23:30,6665.75,33.11,TRADE
NSW1,5/04/2015 0:00,6542.63,31.36,TRADE
NSW1,5/04/2015 0:30,6379.67,27.9,TRADE
NSW1,5/04/2015 1:00,6249.97,27.52,TRADE
NSW1,5/04/2015 1:30,5969.98,26.83,TRADE
NSW1,5/04/2015 2:00,5743.23,26.18,TRADE
NSW1,5/04/2015 2:30,5587.08,26.15,TRADE
NSW1,5/04/2015 3:00,5489.43,27.96,TRADE
NSW1,5/04/2015 3:30,5453.53,28.12,TRADE
NSW1,5/04/2015 4:00,5434.26,28.03,TRADE
NSW1,5/04/2015 4:30,5413.91,26.09,TRADE
NSW1,5/04/2015 5:00,5483.72,26.78,TRADE
NSW1,5/04/2015 5:30,5553.95,20.87,TRADE
NSW1,5/04/2015 6:00,5611.45,20.6,TRADE
NSW1,5/04/2015 6:30,5783.11,21.84,TRADE
NSW1,5/04/2015 7:00,5989.84,28.81,TRADE
NSW1,5/04/2015 7:30,6310.05,29.72,TRADE
NSW1,5/04/2015 8:00,6565.76,33.33,TRADE
NSW1,5/04/2015 8:30,6799.6,35.05,TRADE
NSW1,5/04/2015 9:00,6967.27,34.53,TRADE
NSW1,5/04/2015 9:30,7006.84,30.36,TRADE
NSW1,5/04/2015 10:00,6987.46,28.36,TRADE
NSW1,5/04/2015 10:30,6925.67,26.96,TRADE
NSW1,5/04/2015 11:00,6861.3,26.47,TRADE
NSW1,5/04/2015 11:30,6799.74,26.05,TRADE
NSW1,5/04/2015 12:00,6761.2,24.35,TRADE
NSW1,5/04/2015 12:30,6733.49,22.17,TRADE
NSW1,5/04/2015 13:00,6672.4,24.58,TRADE
NSW1,5/04/2015 13:30,6653.52,25.9,TRADE
NSW1,5/04/2015 14:00,6600.38,22.83,TRADE
NSW1,5/04/2015 14:30,6558.24,22.4,TRADE
NSW1,5/04/2015 15:00,6582.07,21.86,TRADE
NSW1,5/04/2015 15:30,6617.24,21.51,TRADE
NSW1,5/04/2015 16:00,6674.47,26.49,TRADE
NSW1,5/04/2015 16:30,6799.53,29.14,TRADE
NSW1,5/04/2015 17:00,6960.51,28.7,TRADE
NSW1,5/04/2015 17:30,7061.65,29.24,TRADE
NSW1,5/04/2015 18:00,7210.16,29.64,TRADE
NSW1,5/04/2015 18:30,7529.52,36.77,TRADE
NSW1,5/04/2015 19:00,7520.58,33.64,TRADE
NSW1,5/04/2015 19:30,7356.78,29.85,TRADE
NSW1,5/04/2015 20:00,7140.94,30.95,TRADE
NSW1,5/04/2015 20:30,7002.35,28.23,TRADE
NSW1,5/04/2015 21:00,6853.49,25.1,TRADE
NSW1,5/04/2015 21:30,6738.71,23.24,TRADE
NSW1,5/04/2015 22:00,6650.4,19.08,TRADE
NSW1,5/04/2015 22:30,6704.5,25.51,TRADE
NSW1,5/04/2015 23:00,6660.74,23.13,TRADE
NSW1,5/04/2015 23:30,6680.61,28.2,TRADE
NSW1,6/04/2015 0:00,6567.95,26.31,TRADE
NSW1,6/04/2015 0:30,6379.33,19.5,TRADE
NSW1,6/04/2015 1:00,6227.79,19.86,TRADE
NSW1,6/04/2015 1:30,6049.79,20.13,TRADE
NSW1,6/04/2015 2:00,5912.28,19.52,TRADE
NSW1,6/04/2015 2:30,5676.92,18.36,TRADE
NSW1,6/04/2015 3:00,5555.09,18.63,TRADE
NSW1,6/04/2015 3:30,5464.76,16.49,TRADE
NSW1,6/04/2015 4:00,5407.55,16.26,TRADE
NSW1,6/04/2015 4:30,5420.51,15.65,TRADE
NSW1,6/04/2015 5:00,5461.83,14.51,TRADE
NSW1,6/04/2015 5:30,5550.55,17.93,TRADE
NSW1,6/04/2015 6:00,5666.33,17.29,TRADE
NSW1,6/04/2015 6:30,5865.09,19.05,TRADE
NSW1,6/04/2015 7:00,6012.72,18.97,TRADE
NSW1,6/04/2015 7:30,6161.65,17.74,TRADE
NSW1,6/04/2015 8:00,6356.06,18.99,TRADE
NSW1,6/04/2015 8:30,6567.83,19.42,TRADE
NSW1,6/04/2015 9:00,6780.69,20.17,TRADE
NSW1,6/04/2015 9:30,6943.3,22.22,TRADE
NSW1,6/04/2015 10:00,7058.38,25.54,TRADE
NSW1,6/04/2015 10:30,7086.49,22.94,TRADE
NSW1,6/04/2015 11:00,7106.48,26.74,TRADE
NSW1,6/04/2015 11:30,7108.68,24.09,TRADE
NSW1,6/04/2015 12:00,7093.48,23.89,TRADE
NSW1,6/04/2015 12:30,7124.86,23.85,TRADE
NSW1,6/04/2015 13:00,7127.06,24.38,TRADE
NSW1,6/04/2015 13:30,7113.13,24.19,TRADE
NSW1,6/04/2015 14:00,7139.25,23.86,TRADE
NSW1,6/04/2015 14:30,7176.59,24.47,TRADE
NSW1,6/04/2015 15:00,7206.82,25.1,TRADE
NSW1,6/04/2015 15:30,7177.57,27.49,TRADE
NSW1,6/04/2015 16:00,7245.25,27.9,TRADE
NSW1,6/04/2015 16:30,7307.76,28.1,TRADE
NSW1,6/04/2015 17:00,7442.86,31.45,TRADE
NSW1,6/04/2015 17:30,7664.78,35.89,TRADE
NSW1,6/04/2015 18:00,7945.64,37.72,TRADE
NSW1,6/04/2015 18:30,8069.82,34.56,TRADE
NSW1,6/04/2015 19:00,7911.0,33.09,TRADE
NSW1,6/04/2015 19:30,7650.48,30.86,TRADE
NSW1,6/04/2015 20:00,7389.24,28.62,TRADE
NSW1,6/04/2015 20:30,7220.47,28.01,TRADE
NSW1,6/04/2015 21:00,6996.88,27.57,TRADE
NSW1,6/04/2015 21:30,6930.17,27.37,TRADE
NSW1,6/04/2015 22:00,6822.68,26.54,TRADE
NSW1,6/04/2015 22:30,6874.94,28.36,TRADE
NSW1,6/04/2015 23:00,6785.78,27.95,TRADE
NSW1,6/04/2015 23:30,6850.22,31.38,TRADE
NSW1,7/04/2015 0:00,6817.08,27.69,TRADE
NSW1,7/04/2015 0:30,6664.71,24.02,TRADE
NSW1,7/04/2015 1:00,6468.2,20.21,TRADE
NSW1,7/04/2015 1:30,6317.62,23.52,TRADE
NSW1,7/04/2015 2:00,6138.37,22.03,TRADE
NSW1,7/04/2015 2:30,5867.16,17.95,TRADE
NSW1,7/04/2015 3:00,5688.46,18.22,TRADE
NSW1,7/04/2015 3:30,5560.17,13.15,TRADE
NSW1,7/04/2015 4:00,5500.69,10.66,TRADE
NSW1,7/04/2015 4:30,5553.4,14.79,TRADE
NSW1,7/04/2015 5:00,5661.51,18.87,TRADE
NSW1,7/04/2015 5:30,5957.87,19.4,TRADE
NSW1,7/04/2015 6:00,6222.53,19.63,TRADE
NSW1,7/04/2015 6:30,6671.67,25.83,TRADE
NSW1,7/04/2015 7:00,7080.43,28.1,TRADE
NSW1,7/04/2015 7:30,7337.19,27.62,TRADE
NSW1,7/04/2015 8:00,7609.42,28.1,TRADE
NSW1,7/04/2015 8:30,7803.27,31.13,TRADE
NSW1,7/04/2015 9:00,7897.14,33.2,TRADE
NSW1,7/04/2015 9:30,7975.96,29.98,TRADE
NSW1,7/04/2015 10:00,8034.03,28.68,TRADE
NSW1,7/04/2015 10:30,8042.07,28.14,TRADE
NSW1,7/04/2015 11:00,8056.6,28.17,TRADE
NSW1,7/04/2015 11:30,8037.29,28.11,TRADE
NSW1,7/04/2015 12:00,8057.14,28.27,TRADE
NSW1,7/04/2015 12:30,8104.22,28.39,TRADE
NSW1,7/04/2015 13:00,8219.35,29.6,TRADE
NSW1,7/04/2015 13:30,8193.68,28.32,TRADE
NSW1,7/04/2015 14:00,8043.0,28.16,TRADE
NSW1,7/04/2015 14:30,7909.64,28.17,TRADE
NSW1,7/04/2015 15:00,7883.5,28.09,TRADE
NSW1,7/04/2015 15:30,7904.47,28.11,TRADE
NSW1,7/04/2015 16:00,7937.03,28.51,TRADE
NSW1,7/04/2015 16:30,7947.89,28.63,TRADE
NSW1,7/04/2015 17:00,8062.71,28.46,TRADE
NSW1,7/04/2015 17:30,8227.13,30.06,TRADE
NSW1,7/04/2015 18:00,8517.38,33.07,TRADE
NSW1,7/04/2015 18:30,8786.49,35.87,TRADE
NSW1,7/04/2015 19:00,8739.97,35.81,TRADE
NSW1,7/04/2015 19:30,8449.08,30.74,TRADE
NSW1,7/04/2015 20:00,8192.58,31.01,TRADE
NSW1,7/04/2015 20:30,8042.42,30.88,TRADE
NSW1,7/04/2015 21:00,7814.54,30.84,TRADE
NSW1,7/04/2015 21:30,7655.11,29.63,TRADE
NSW1,7/04/2015 22:00,7508.54,28.04,TRADE
NSW1,7/04/2015 22:30,7533.92,28.18,TRADE
NSW1,7/04/2015 23:00,7382.43,27.94,TRADE
NSW1,7/04/2015 23:30,7279.34,28.1,TRADE
NSW1,8/04/2015 0:00,7231.87,29.75,TRADE
NSW1,8/04/2015 0:30,7087.15,29.13,TRADE
NSW1,8/04/2015 1:00,6800.73,28.0,TRADE
NSW1,8/04/2015 1:30,6607.61,28.27,TRADE
NSW1,8/04/2015 2:00,6384.78,26.81,TRADE
NSW1,8/04/2015 2:30,6053.05,19.11,TRADE
NSW1,8/04/2015 3:00,5898.92,19.11,TRADE
NSW1,8/04/2015 3:30,5751.25,18.42,TRADE
NSW1,8/04/2015 4:00,5696.39,17.48,TRADE
NSW1,8/04/2015 4:30,5712.67,18.73,TRADE
NSW1,8/04/2015 5:00,5815.6,21.05,TRADE
NSW1,8/04/2015 5:30,6112.44,24.59,TRADE
NSW1,8/04/2015 6:00,6378.11,30.28,TRADE
NSW1,8/04/2015 6:30,6869.6,36.65,TRADE
NSW1,8/04/2015 7:00,7314.85,45.74,TRADE
NSW1,8/04/2015 7:30,7611.15,34.31,TRADE
NSW1,8/04/2015 8:00,7828.82,35.39,TRADE
NSW1,8/04/2015 8:30,7953.72,38.9,TRADE
NSW1,8/04/2015 9:00,8020.03,36.52,TRADE
NSW1,8/04/2015 9:30,8001.55,35.02,TRADE
NSW1,8/04/2015 10:00,7964.02,35.06,TRADE
NSW1,8/04/2015 10:30,7962.42,35.13,TRADE
NSW1,8/04/2015 11:00,7900.75,35.55,TRADE
NSW1,8/04/2015 11:30,7831.01,35.04,TRADE
NSW1,8/04/2015 12:00,7809.74,35.0,TRADE
NSW1,8/04/2015 12:30,7844.03,35.34,TRADE
NSW1,8/04/2015 13:00,7848.22,35.03,TRADE
NSW1,8/04/2015 13:30,7836.34,33.31,TRADE
NSW1,8/04/2015 14:00,7863.07,37.14,TRADE
NSW1,8/04/2015 14:30,7892.87,34.42,TRADE
NSW1,8/04/2015 15:00,7914.78,31.98,TRADE
NSW1,8/04/2015 15:30,7910.64,29.79,TRADE
NSW1,8/04/2015 16:00,7930.26,28.56,TRADE
NSW1,8/04/2015 16:30,7990.17,32.57,TRADE
NSW1,8/04/2015 17:00,8130.16,35.0,TRADE
NSW1,8/04/2015 17:30,8248.32,36.55,TRADE
NSW1,8/04/2015 18:00,8612.96,45.27,TRADE
NSW1,8/04/2015 18:30,8835.61,37.83,TRADE
NSW1,8/04/2015 19:00,8747.06,34.91,TRADE
NSW1,8/04/2015 19:30,8471.79,33.72,TRADE
NSW1,8/04/2015 20:00,8215.2,34.74,TRADE
NSW1,8/04/2015 20:30,8025.18,33.4,TRADE
NSW1,8/04/2015 21:00,7831.15,33.38,TRADE
NSW1,8/04/2015 21:30,7674.76,29.73,TRADE
NSW1,8/04/2015 22:00,7501.86,28.01,TRADE
NSW1,8/04/2015 22:30,7562.44,39.14,TRADE
NSW1,8/04/2015 23:00,7429.01,33.41,TRADE
NSW1,8/04/2015 23:30,7385.83,33.8,TRADE
NSW1,9/04/2015 0:00,7356.59,37.38,TRADE
NSW1,9/04/2015 0:30,7193.08,33.18,TRADE
NSW1,9/04/2015 1:00,6977.22,30.43,TRADE
NSW1,9/04/2015 1:30,6813.75,31.26,TRADE
NSW1,9/04/2015 2:00,6526.2,26.88,TRADE
NSW1,9/04/2015 2:30,6227.3,24.55,TRADE
NSW1,9/04/2015 3:00,6010.3,22.97,TRADE
NSW1,9/04/2015 3:30,5880.93,18.9,TRADE
NSW1,9/04/2015 4:00,5824.8,18.96,TRADE
NSW1,9/04/2015 4:30,5827.58,19.33,TRADE
NSW1,9/04/2015 5:00,5914.93,21.74,TRADE
NSW1,9/04/2015 5:30,6161.73,28.04,TRADE
NSW1,9/04/2015 6:00,6435.58,31.56,TRADE
NSW1,9/04/2015 6:30,6963.59,42.09,TRADE
NSW1,9/04/2015 7:00,7373.8,42.53,TRADE
NSW1,9/04/2015 7:30,7553.94,36.28,TRADE
NSW1,9/04/2015 8:00,7775.92,35.05,TRADE
NSW1,9/04/2015 8:30,7850.6,36.84,TRADE
NSW1,9/04/2015 9:00,7934.16,37.27,TRADE
NSW1,9/04/2015 9:30,7971.03,36.24,TRADE
NSW1,9/04/2015 10:00,7967.35,35.03,TRADE
NSW1,9/04/2015 10:30,7946.22,35.13,TRADE
NSW1,9/04/2015 11:00,7980.75,34.95,TRADE
NSW1,9/04/2015 11:30,7908.01,35.02,TRADE
NSW1,9/04/2015 12:00,7879.79,35.02,TRADE
NSW1,9/04/2015 12:30,7817.99,35.01,TRADE
NSW1,9/04/2015 13:00,7750.45,34.44,TRADE
NSW1,9/04/2015 13:30,7732.69,35.03,TRADE
NSW1,9/04/2015 14:00,7707.03,35.0,TRADE
NSW1,9/04/2015 14:30,7712.09,33.97,TRADE
NSW1,9/04/2015 15:00,7729.26,34.14,TRADE
NSW1,9/04/2015 15:30,7736.74,31.83,TRADE
NSW1,9/04/2015 16:00,7843.84,32.7,TRADE
NSW1,9/04/2015 16:30,7872.31,33.71,TRADE
NSW1,9/04/2015 17:00,7975.2,34.69,TRADE
NSW1,9/04/2015 17:30,8116.17,35.58,TRADE
NSW1,9/04/2015 18:00,8480.75,39.94,TRADE
NSW1,9/04/2015 18:30,8764.33,38.11,TRADE
NSW1,9/04/2015 19:00,8751.17,37.63,TRADE
NSW1,9/04/2015 19:30,8511.22,33.69,TRADE
NSW1,9/04/2015 20:00,8285.35,34.72,TRADE
NSW1,9/04/2015 20:30,8107.07,34.21,TRADE
NSW1,9/04/2015 21:00,7924.04,33.76,TRADE
NSW1,9/04/2015 21:30,7692.43,31.62,TRADE
NSW1,9/04/2015 22:00,7552.8,28.24,TRADE
NSW1,9/04/2015 22:30,7591.16,34.54,TRADE
NSW1,9/04/2015 23:00,7435.84,34.34,TRADE
NSW1,9/04/2015 23:30,7435.22,34.38,TRADE
NSW1,10/04/2015 0:00,7372.09,34.24,TRADE
NSW1,10/04/2015 0:30,7183.29,28.97,TRADE
NSW1,10/04/2015 1:00,7043.78,34.24,TRADE
NSW1,10/04/2015 1:30,6875.43,32.71,TRADE
NSW1,10/04/2015 2:00,6641.55,31.81,TRADE
NSW1,10/04/2015 2:30,6294.09,27.96,TRADE
NSW1,10/04/2015 3:00,6107.91,27.96,TRADE
NSW1,10/04/2015 3:30,5948.24,27.96,TRADE
NSW1,10/04/2015 4:00,5879.28,27.89,TRADE
NSW1,10/04/2015 4:30,5920.69,28.32,TRADE
NSW1,10/04/2015 5:00,5924.74,27.55,TRADE
NSW1,10/04/2015 5:30,6188.61,28.38,TRADE
NSW1,10/04/2015 6:00,6472.23,31.28,TRADE
NSW1,10/04/2015 6:30,6947.71,34.54,TRADE
NSW1,10/04/2015 7:00,7323.51,32.67,TRADE
NSW1,10/04/2015 7:30,7541.39,31.11,TRADE
NSW1,10/04/2015 8:00,7778.06,35.03,TRADE
NSW1,10/04/2015 8:30,7940.35,35.16,TRADE
NSW1,10/04/2015 9:00,8022.38,35.28,TRADE
NSW1,10/04/2015 9:30,8072.08,35.4,TRADE
NSW1,10/04/2015 10:00,8053.9,34.79,TRADE
NSW1,10/04/2015 10:30,8087.07,40.4,TRADE
NSW1,10/04/2015 11:00,8039.18,36.35,TRADE
NSW1,10/04/2015 11:30,8007.62,34.77,TRADE
NSW1,10/04/2015 12:00,8005.61,33.94,TRADE
NSW1,10/04/2015 12:30,7970.37,34.76,TRADE
NSW1,10/04/2015 13:00,7898.09,34.93,TRADE
NSW1,10/04/2015 13:30,7837.44,34.5,TRADE
NSW1,10/04/2015 14:00,7843.1,35.33,TRADE
NSW1,10/04/2015 14:30,7853.81,35.43,TRADE
NSW1,10/04/2015 15:00,7835.03,34.73,TRADE
NSW1,10/04/2015 15:30,7835.25,35.2,TRADE
NSW1,10/04/2015 16:00,7861.89,35.02,TRADE
NSW1,10/04/2015 16:30,7931.55,35.03,TRADE
NSW1,10/04/2015 17:00,8022.21,36.49,TRADE
NSW1,10/04/2015 17:30,8154.53,38.15,TRADE
NSW1,10/04/2015 18:00,8448.54,36.2,TRADE
NSW1,10/04/2015 18:30,8581.61,37.64,TRADE
NSW1,10/04/2015 19:00,8432.07,37.11,TRADE
NSW1,10/04/2015 19:30,8173.89,35.2,TRADE
NSW1,10/04/2015 20:00,7954.41,33.51,TRADE
NSW1,10/04/2015 20:30,7807.42,33.78,TRADE
NSW1,10/04/2015 21:00,7628.73,34.56,TRADE
NSW1,10/04/2015 21:30,7457.11,33.26,TRADE
NSW1,10/04/2015 22:00,7339.29,29.91,TRADE
NSW1,10/04/2015 22:30,7435.21,40.67,TRADE
NSW1,10/04/2015 23:00,7363.48,35.9,TRADE
NSW1,10/04/2015 23:30,7368.23,36.68,TRADE
NSW1,11/04/2015 0:00,7402.67,35.95,TRADE
NSW1,11/04/2015 0:30,7191.84,32.02,TRADE
NSW1,11/04/2015 1:00,6996.64,34.38,TRADE
NSW1,11/04/2015 1:30,6834.69,34.51,TRADE
NSW1,11/04/2015 2:00,6567.56,32.24,TRADE
NSW1,11/04/2015 2:30,6263.39,27.97,TRADE
NSW1,11/04/2015 3:00,6021.04,27.82,TRADE
NSW1,11/04/2015 3:30,5813.01,27.85,TRADE
NSW1,11/04/2015 4:00,5774.63,28.04,TRADE
NSW1,11/04/2015 4:30,5723.92,27.85,TRADE
NSW1,11/04/2015 5:00,5701.37,27.16,TRADE
NSW1,11/04/2015 5:30,5825.64,28.09,TRADE
NSW1,11/04/2015 6:00,5939.0,28.74,TRADE
NSW1,11/04/2015 6:30,6144.26,35.78,TRADE
NSW1,11/04/2015 7:00,6317.12,37.43,TRADE
NSW1,11/04/2015 7:30,6583.14,33.16,TRADE
NSW1,11/04/2015 8:00,6843.32,28.98,TRADE
NSW1,11/04/2015 8:30,7085.32,32.34,TRADE
NSW1,11/04/2015 9:00,7286.3,32.62,TRADE
NSW1,11/04/2015 9:30,7427.54,33.46,TRADE
NSW1,11/04/2015 10:00,7368.02,30.84,TRADE
NSW1,11/04/2015 10:30,7350.71,29.54,TRADE
NSW1,11/04/2015 11:00,7294.8,28.44,TRADE
NSW1,11/04/2015 11:30,7242.76,28.31,TRADE
NSW1,11/04/2015 12:00,7210.89,28.4,TRADE
NSW1,11/04/2015 12:30,7192.97,28.25,TRADE
NSW1,11/04/2015 13:00,7149.24,28.03,TRADE
NSW1,11/04/2015 13:30,7087.19,28.09,TRADE
NSW1,11/04/2015 14:00,7039.03,28.04,TRADE
NSW1,11/04/2015 14:30,7018.83,28.04,TRADE
NSW1,11/04/2015 15:00,6969.8,28.03,TRADE
NSW1,11/04/2015 15:30,6993.49,28.14,TRADE
NSW1,11/04/2015 16:00,7065.11,28.33,TRADE
NSW1,11/04/2015 16:30,7151.14,28.22,TRADE
NSW1,11/04/2015 17:00,7301.2,28.33,TRADE
NSW1,11/04/2015 17:30,7382.18,28.37,TRADE
NSW1,11/04/2015 18:00,7669.93,32.48,TRADE
NSW1,11/04/2015 18:30,7964.89,34.98,TRADE
NSW1,11/04/2015 19:00,7853.28,33.04,TRADE
NSW1,11/04/2015 19:30,7604.6,29.14,TRADE
NSW1,11/04/2015 20:00,7429.66,28.07,TRADE
NSW1,11/04/2015 20:30,7272.27,29.62,TRADE
NSW1,11/04/2015 21:00,7169.67,28.15,TRADE
NSW1,11/04/2015 21:30,7084.39,28.18,TRADE
NSW1,11/04/2015 22:00,6974.39,28.15,TRADE
NSW1,11/04/2015 22:30,6963.09,30.25,TRADE
NSW1,11/04/2015 23:00,6876.5,28.74,TRADE
NSW1,11/04/2015 23:30,6853.5,30.54,TRADE
NSW1,12/04/2015 0:00,6793.27,35.15,TRADE
NSW1,12/04/2015 0:30,6550.99,28.15,TRADE
NSW1,12/04/2015 1:00,6417.18,28.59,TRADE
NSW1,12/04/2015 1:30,6233.45,31.32,TRADE
NSW1,12/04/2015 2:00,6025.05,26.77,TRADE
NSW1,12/04/2015 2:30,5777.09,25.65,TRADE
NSW1,12/04/2015 3:00,5635.9,23.37,TRADE
NSW1,12/04/2015 3:30,5541.83,24.49,TRADE
NSW1,12/04/2015 4:00,5496.13,24.2,TRADE
NSW1,12/04/2015 4:30,5420.47,24.5,TRADE
NSW1,12/04/2015 5:00,5466.23,24.88,TRADE
NSW1,12/04/2015 5:30,5513.81,22.6,TRADE
NSW1,12/04/2015 6:00,5608.13,24.95,TRADE
NSW1,12/04/2015 6:30,5746.61,29.44,TRADE
NSW1,12/04/2015 7:00,5851.13,23.57,TRADE
NSW1,12/04/2015 7:30,6034.38,26.03,TRADE
NSW1,12/04/2015 8:00,6312.79,28.0,TRADE
NSW1,12/04/2015 8:30,6588.16,29.96,TRADE
NSW1,12/04/2015 9:00,6791.76,28.81,TRADE
NSW1,12/04/2015 9:30,6899.45,29.55,TRADE
NSW1,12/04/2015 10:00,6959.93,28.17,TRADE
NSW1,12/04/2015 10:30,7023.67,28.19,TRADE
NSW1,12/04/2015 11:00,7045.59,28.12,TRADE
NSW1,12/04/2015 11:30,6928.67,28.01,TRADE
NSW1,12/04/2015 12:00,6949.84,28.09,TRADE
NSW1,12/04/2015 12:30,7008.65,28.2,TRADE
NSW1,12/04/2015 13:00,7021.03,28.13,TRADE
NSW1,12/04/2015 13:30,6961.29,28.04,TRADE
NSW1,12/04/2015 14:00,6910.22,27.97,TRADE
NSW1,12/04/2015 14:30,6940.27,28.14,TRADE
NSW1,12/04/2015 15:00,6962.94,28.23,TRADE
NSW1,12/04/2015 15:30,6985.55,28.33,TRADE
NSW1,12/04/2015 16:00,7041.43,28.33,TRADE
NSW1,12/04/2015 16:30,7176.83,28.48,TRADE
NSW1,12/04/2015 17:00,7291.43,28.28,TRADE
NSW1,12/04/2015 17:30,7431.38,30.98,TRADE
NSW1,12/04/2015 18:00,7714.81,37.94,TRADE
NSW1,12/04/2015 18:30,8032.67,40.38,TRADE
NSW1,12/04/2015 19:00,7941.45,36.38,TRADE
NSW1,12/04/2015 19:30,7709.23,34.44,TRADE
NSW1,12/04/2015 20:00,7481.37,32.44,TRADE
NSW1,12/04/2015 20:30,7352.03,33.11,TRADE
NSW1,12/04/2015 21:00,7203.03,30.64,TRADE
NSW1,12/04/2015 21:30,7092.32,28.98,TRADE
NSW1,12/04/2015 22:00,7003.44,28.78,TRADE
NSW1,12/04/2015 22:30,6978.58,29.68,TRADE
NSW1,12/04/2015 23:00,6854.55,29.82,TRADE
NSW1,12/04/2015 23:30,6816.74,30.97,TRADE
NSW1,13/04/2015 0:00,6721.57,32.81,TRADE
NSW1,13/04/2015 0:30,6552.6,28.14,TRADE
NSW1,13/04/2015 1:00,6404.41,27.89,TRADE
NSW1,13/04/2015 1:30,6272.08,27.98,TRADE
NSW1,13/04/2015 2:00,6104.34,27.01,TRADE
NSW1,13/04/2015 2:30,5842.75,22.07,TRADE
NSW1,13/04/2015 3:00,5749.13,22.32,TRADE
NSW1,13/04/2015 3:30,5664.22,20.53,TRADE
NSW1,13/04/2015 4:00,5638.27,19.8,TRADE
NSW1,13/04/2015 4:30,5672.1,20.89,TRADE
NSW1,13/04/2015 5:00,5797.75,24.16,TRADE
NSW1,13/04/2015 5:30,6052.58,28.27,TRADE
NSW1,13/04/2015 6:00,6367.76,29.38,TRADE
NSW1,13/04/2015 6:30,6847.23,34.54,TRADE
NSW1,13/04/2015 7:00,7239.59,43.89,TRADE
NSW1,13/04/2015 7:30,7458.79,35.55,TRADE
NSW1,13/04/2015 8:00,7727.12,36.57,TRADE
NSW1,13/04/2015 8:30,7915.69,38.05,TRADE
NSW1,13/04/2015 9:00,8000.96,37.47,TRADE
NSW1,13/04/2015 9:30,8088.21,38.07,TRADE
NSW1,13/04/2015 10:00,8126.41,36.73,TRADE
NSW1,13/04/2015 10:30,8006.14,32.93,TRADE
NSW1,13/04/2015 11:00,8128.73,34.45,TRADE
NSW1,13/04/2015 11:30,8016.12,34.41,TRADE
NSW1,13/04/2015 12:00,7941.8,34.27,TRADE
NSW1,13/04/2015 12:30,7938.76,34.43,TRADE
NSW1,13/04/2015 13:00,7956.76,34.6,TRADE
NSW1,13/04/2015 13:30,7908.3,35.01,TRADE
NSW1,13/04/2015 14:00,7893.12,34.97,TRADE
NSW1,13/04/2015 14:30,7913.92,35.52,TRADE
NSW1,13/04/2015 15:00,7890.3,35.03,TRADE
NSW1,13/04/2015 15:30,7931.41,35.03,TRADE
NSW1,13/04/2015 16:00,7981.47,32.64,TRADE
NSW1,13/04/2015 16:30,8062.25,35.0,TRADE
NSW1,13/04/2015 17:00,8173.7,36.17,TRADE
NSW1,13/04/2015 17:30,8330.7,36.57,TRADE
NSW1,13/04/2015 18:00,8703.6,42.86,TRADE
NSW1,13/04/2015 18:30,8902.39,43.34,TRADE
NSW1,13/04/2015 19:00,8711.76,39.52,TRADE
NSW1,13/04/2015 19:30,8433.12,35.17,TRADE
NSW1,13/04/2015 20:00,8211.91,35.42,TRADE
NSW1,13/04/2015 20:30,8001.42,33.64,TRADE
NSW1,13/04/2015 21:00,7769.94,32.8,TRADE
NSW1,13/04/2015 21:30,7629.37,33.08,TRADE
NSW1,13/04/2015 22:00,7486.24,32.45,TRADE
NSW1,13/04/2015 22:30,7542.22,40.45,TRADE
NSW1,13/04/2015 23:00,7412.81,35.58,TRADE
NSW1,13/04/2015 23:30,7356.2,38.16,TRADE
NSW1,14/04/2015 0:00,7367.19,35.71,TRADE
NSW1,14/04/2015 0:30,7199.79,32.38,TRADE
NSW1,14/04/2015 1:00,7027.1,31.48,TRADE
NSW1,14/04/2015 1:30,6824.12,30.61,TRADE
NSW1,14/04/2015 2:00,6655.25,31.19,TRADE
NSW1,14/04/2015 2:30,6333.87,26.88,TRADE
NSW1,14/04/2015 3:00,6120.64,22.81,TRADE
NSW1,14/04/2015 3:30,5943.38,19.19,TRADE
NSW1,14/04/2015 4:00,5882.6,21.81,TRADE
NSW1,14/04/2015 4:30,5873.3,24.68,TRADE
NSW1,14/04/2015 5:00,5956.47,25.94,TRADE
NSW1,14/04/2015 5:30,6187.1,26.35,TRADE
NSW1,14/04/2015 6:00,6490.6,29.73,TRADE
NSW1,14/04/2015 6:30,6974.35,32.87,TRADE
NSW1,14/04/2015 7:00,7378.92,33.71,TRADE
NSW1,14/04/2015 7:30,7609.95,35.13,TRADE
NSW1,14/04/2015 8:00,7860.48,37.31,TRADE
NSW1,14/04/2015 8:30,8004.13,40.32,TRADE
NSW1,14/04/2015 9:00,8076.64,39.13,TRADE
NSW1,14/04/2015 9:30,8079.38,38.85,TRADE
NSW1,14/04/2015 10:00,8065.93,38.75,TRADE
NSW1,14/04/2015 10:30,8104.0,39.21,TRADE
NSW1,14/04/2015 11:00,8061.88,35.72,TRADE
NSW1,14/04/2015 11:30,8051.59,35.42,TRADE
NSW1,14/04/2015 12:00,8027.21,35.53,TRADE
NSW1,14/04/2015 12:30,7995.23,35.03,TRADE
NSW1,14/04/2015 13:00,7957.06,35.03,TRADE
NSW1,14/04/2015 13:30,7973.67,35.03,TRADE
NSW1,14/04/2015 14:00,7972.26,35.03,TRADE
NSW1,14/04/2015 14:30,7993.52,35.03,TRADE
NSW1,14/04/2015 15:00,8030.25,35.03,TRADE
NSW1,14/04/2015 15:30,8053.92,35.59,TRADE
NSW1,14/04/2015 16:00,8133.39,36.22,TRADE
NSW1,14/04/2015 16:30,8160.39,34.66,TRADE
NSW1,14/04/2015 17:00,8229.55,35.22,TRADE
NSW1,14/04/2015 17:30,8365.16,37.99,TRADE
NSW1,14/04/2015 18:00,8700.76,71.42,TRADE
NSW1,14/04/2015 18:30,8859.53,117.09,TRADE
NSW1,14/04/2015 19:00,8732.66,52.21,TRADE
NSW1,14/04/2015 19:30,8451.71,42.5,TRADE
NSW1,14/04/2015 20:00,8210.73,41.17,TRADE
NSW1,14/04/2015 20:30,7959.72,34.57,TRADE
NSW1,14/04/2015 21:00,7797.49,34.54,TRADE
NSW1,14/04/2015 21:30,7670.81,33.95,TRADE
NSW1,14/04/2015 22:00,7478.62,34.09,TRADE
NSW1,14/04/2015 22:30,7510.3,39.7,TRADE
NSW1,14/04/2015 23:00,7362.54,35.92,TRADE
NSW1,14/04/2015 23:30,7381.32,39.31,TRADE
NSW1,15/04/2015 0:00,7325.41,39.42,TRADE
NSW1,15/04/2015 0:30,7170.88,33.38,TRADE
NSW1,15/04/2015 1:00,6967.2,32.46,TRADE
NSW1,15/04/2015 1:30,6796.74,32.2,TRADE
NSW1,15/04/2015 2:00,6598.63,35.03,TRADE
NSW1,15/04/2015 2:30,6302.02,30.8,TRADE
NSW1,15/04/2015 3:00,6056.39,28.13,TRADE
NSW1,15/04/2015 3:30,5895.72,27.99,TRADE
NSW1,15/04/2015 4:00,5826.83,27.94,TRADE
NSW1,15/04/2015 4:30,5848.75,25.48,TRADE
NSW1,15/04/2015 5:00,5930.4,26.06,TRADE
NSW1,15/04/2015 5:30,6150.48,29.45,TRADE
NSW1,15/04/2015 6:00,6401.37,30.72,TRADE
NSW1,15/04/2015 6:30,6872.46,39.26,TRADE
NSW1,15/04/2015 7:00,7251.9,39.73,TRADE
NSW1,15/04/2015 7:30,7463.48,35.15,TRADE
NSW1,15/04/2015 8:00,7677.86,35.35,TRADE
NSW1,15/04/2015 8:30,7842.84,36.18,TRADE
NSW1,15/04/2015 9:00,7922.92,37.54,TRADE
NSW1,15/04/2015 9:30,7979.88,38.14,TRADE
NSW1,15/04/2015 10:00,8032.49,38.38,TRADE
NSW1,15/04/2015 10:30,8093.68,38.98,TRADE
NSW1,15/04/2015 11:00,8067.97,38.54,TRADE
NSW1,15/04/2015 11:30,8041.57,36.53,TRADE
NSW1,15/04/2015 12:00,8116.83,36.47,TRADE
NSW1,15/04/2015 12:30,8146.07,36.4,TRADE
NSW1,15/04/2015 13:00,8202.77,37.79,TRADE
NSW1,15/04/2015 13:30,8221.55,38.3,TRADE
NSW1,15/04/2015 14:00,8208.49,37.86,TRADE
NSW1,15/04/2015 14:30,8281.48,37.7,TRADE
NSW1,15/04/2015 15:00,8362.95,48.5,TRADE
NSW1,15/04/2015 15:30,8432.24,38.84,TRADE
NSW1,15/04/2015 16:00,8493.25,39.8,TRADE
NSW1,15/04/2015 16:30,8521.32,38.14,TRADE
NSW1,15/04/2015 17:00,8590.6,38.45,TRADE
NSW1,15/04/2015 17:30,8673.48,39.12,TRADE
NSW1,15/04/2015 18:00,8974.04,40.96,TRADE
NSW1,15/04/2015 18:30,9083.6,41.69,TRADE
NSW1,15/04/2015 19:00,8918.77,38.04,TRADE
NSW1,15/04/2015 19:30,8583.12,37.5,TRADE
NSW1,15/04/2015 20:00,8305.2,37.76,TRADE
NSW1,15/04/2015 20:30,8097.68,37.86,TRADE
NSW1,15/04/2015 21:00,7888.08,34.76,TRADE
NSW1,15/04/2015 21:30,7703.97,34.55,TRADE
NSW1,15/04/2015 22:00,7530.13,33.33,TRADE
NSW1,15/04/2015 22:30,7531.06,36.61,TRADE
NSW1,15/04/2015 23:00,7405.02,34.44,TRADE
NSW1,15/04/2015 23:30,7356.26,35.89,TRADE
NSW1,16/04/2015 0:00,7288.11,34.84,TRADE
NSW1,16/04/2015 0:30,7067.42,34.04,TRADE
NSW1,16/04/2015 1:00,6890.04,32.88,TRADE
NSW1,16/04/2015 1:30,6688.29,30.66,TRADE
NSW1,16/04/2015 2:00,6515.68,30.07,TRADE
NSW1,16/04/2015 2:30,6213.22,27.76,TRADE
NSW1,16/04/2015 3:00,6003.99,26.48,TRADE
NSW1,16/04/2015 3:30,5851.49,24.47,TRADE
NSW1,16/04/2015 4:00,5765.69,24.75,TRADE
NSW1,16/04/2015 4:30,5772.56,22.67,TRADE
NSW1,16/04/2015 5:00,5814.73,24.47,TRADE
NSW1,16/04/2015 5:30,6070.97,26.78,TRADE
NSW1,16/04/2015 6:00,6360.92,28.49,TRADE
NSW1,16/04/2015 6:30,6837.22,38.06,TRADE
NSW1,16/04/2015 7:00,7186.35,39.92,TRADE
NSW1,16/04/2015 7:30,7432.57,34.37,TRADE
NSW1,16/04/2015 8:00,7694.54,34.79,TRADE
NSW1,16/04/2015 8:30,7907.5,44.03,TRADE
NSW1,16/04/2015 9:00,8046.84,50.93,TRADE
NSW1,16/04/2015 9:30,8115.89,64.87,TRADE
NSW1,16/04/2015 10:00,8217.28,42.59,TRADE
NSW1,16/04/2015 10:30,8299.37,71.69,TRADE
NSW1,16/04/2015 11:00,8390.53,76.94,TRADE
NSW1,16/04/2015 11:30,8367.86,50.86,TRADE
NSW1,16/04/2015 12:00,8392.13,56.78,TRADE
NSW1,16/04/2015 12:30,8453.88,45.79,TRADE
NSW1,16/04/2015 13:00,8477.67,43.53,TRADE
NSW1,16/04/2015 13:30,8495.58,49.2,TRADE
NSW1,16/04/2015 14:00,8598.62,135.37,TRADE
NSW1,16/04/2015 14:30,8723.83,91.5,TRADE
NSW1,16/04/2015 15:00,8817.1,98.54,TRADE
NSW1,16/04/2015 15:30,8847.51,252.33,TRADE
NSW1,16/04/2015 16:00,8871.08,237.2,TRADE
NSW1,16/04/2015 16:30,8836.4,240.78,TRADE
NSW1,16/04/2015 17:00,8895.07,196.28,TRADE
NSW1,16/04/2015 17:30,8901.94,59.5,TRADE
NSW1,16/04/2015 18:00,9186.64,282.07,TRADE
NSW1,16/04/2015 18:30,9310.82,205.95,TRADE
NSW1,16/04/2015 19:00,9152.63,204.31,TRADE
NSW1,16/04/2015 19:30,8826.79,57.09,TRADE
NSW1,16/04/2015 20:00,8529.21,65.49,TRADE
NSW1,16/04/2015 20:30,8374.86,57.36,TRADE
NSW1,16/04/2015 21:00,8154.22,47.79,TRADE
NSW1,16/04/2015 21:30,7937.52,39.52,TRADE
NSW1,16/04/2015 22:00,7695.38,33.2,TRADE
NSW1,16/04/2015 22:30,7794.66,44.74,TRADE
NSW1,16/04/2015 23:00,7639.64,43.31,TRADE
NSW1,16/04/2015 23:30,7542.2,44.44,TRADE
NSW1,17/04/2015 0:00,7473.99,40.4,TRADE
NSW1,17/04/2015 0:30,7280.02,34.43,TRADE
NSW1,17/04/2015 1:00,7100.77,37.61,TRADE
NSW1,17/04/2015 1:30,6904.24,37.97,TRADE
NSW1,17/04/2015 2:00,6655.8,33.8,TRADE
NSW1,17/04/2015 2:30,6352.35,27.85,TRADE
NSW1,17/04/2015 3:00,6165.61,27.48,TRADE
NSW1,17/04/2015 3:30,6029.63,24.85,TRADE
NSW1,17/04/2015 4:00,6024.15,27.23,TRADE
NSW1,17/04/2015 4:30,6024.6,28.9,TRADE
NSW1,17/04/2015 5:00,6124.1,26.47,TRADE
NSW1,17/04/2015 5:30,6406.97,40.72,TRADE
NSW1,17/04/2015 6:00,6572.44,33.33,TRADE
NSW1,17/04/2015 6:30,7031.67,38.22,TRADE
NSW1,17/04/2015 7:00,7449.36,48.53,TRADE
NSW1,17/04/2015 7:30,7783.78,33.21,TRADE
NSW1,17/04/2015 8:00,8102.77,80.29,TRADE
NSW1,17/04/2015 8:30,8402.64,58.97,TRADE
NSW1,17/04/2015 9:00,8595.53,46.02,TRADE
NSW1,17/04/2015 9:30,8742.22,53.96,TRADE
NSW1,17/04/2015 10:00,8809.55,58.66,TRADE
NSW1,17/04/2015 10:30,8860.56,176.2,TRADE
NSW1,17/04/2015 11:00,8888.24,257.41,TRADE
NSW1,17/04/2015 11:30,8803.01,91.48,TRADE
NSW1,17/04/2015 12:00,8781.0,82.2,TRADE
NSW1,17/04/2015 12:30,8791.95,40.36,TRADE
NSW1,17/04/2015 13:00,8771.93,41.25,TRADE
NSW1,17/04/2015 13:30,8712.85,42.11,TRADE
NSW1,17/04/2015 14:00,8686.4,42.07,TRADE
NSW1,17/04/2015 14:30,8662.15,48.61,TRADE
NSW1,17/04/2015 15:00,8644.05,42.46,TRADE
NSW1,17/04/2015 15:30,8654.01,42.55,TRADE
NSW1,17/04/2015 16:00,8676.82,42.11,TRADE
NSW1,17/04/2015 16:30,8717.27,44.05,TRADE
NSW1,17/04/2015 17:00,8730.83,46.61,TRADE
NSW1,17/04/2015 17:30,8741.77,40.3,TRADE
NSW1,17/04/2015 18:00,9037.16,44.9,TRADE
NSW1,17/04/2015 18:30,9034.33,47.06,TRADE
NSW1,17/04/2015 19:00,8768.68,40.12,TRADE
NSW1,17/04/2015 19:30,8541.89,39.13,TRADE
NSW1,17/04/2015 20:00,8256.9,39.49,TRADE
NSW1,17/04/2015 20:30,8146.61,37.38,TRADE
NSW1,17/04/2015 21:00,7914.19,34.78,TRADE
NSW1,17/04/2015 21:30,7763.67,34.01,TRADE
NSW1,17/04/2015 22:00,7588.34,31.66,TRADE
NSW1,17/04/2015 22:30,7718.05,42.21,TRADE
NSW1,17/04/2015 23:00,7595.76,39.35,TRADE
NSW1,17/04/2015 23:30,7588.37,41.3,TRADE
NSW1,18/04/2015 0:00,7548.35,43.46,TRADE
NSW1,18/04/2015 0:30,7314.26,39.58,TRADE
NSW1,18/04/2015 1:00,7115.34,38.81,TRADE
NSW1,18/04/2015 1:30,6936.99,36.44,TRADE
NSW1,18/04/2015 2:00,6677.99,29.29,TRADE
NSW1,18/04/2015 2:30,6334.14,26.9,TRADE
NSW1,18/04/2015 3:00,6080.5,24.94,TRADE
NSW1,18/04/2015 3:30,5961.44,24.68,TRADE
NSW1,18/04/2015 4:00,5883.06,23.84,TRADE
NSW1,18/04/2015 4:30,5832.8,27.71,TRADE
NSW1,18/04/2015 5:00,5855.89,27.62,TRADE
NSW1,18/04/2015 5:30,5936.2,27.74,TRADE
NSW1,18/04/2015 6:00,5986.16,28.53,TRADE
NSW1,18/04/2015 6:30,6236.24,36.84,TRADE
NSW1,18/04/2015 7:00,6392.41,35.04,TRADE
NSW1,18/04/2015 7:30,6682.9,37.89,TRADE
NSW1,18/04/2015 8:00,7003.09,38.65,TRADE
NSW1,18/04/2015 8:30,7292.13,41.97,TRADE
NSW1,18/04/2015 9:00,7511.02,39.66,TRADE
NSW1,18/04/2015 9:30,7684.24,52.29,TRADE
NSW1,18/04/2015 10:00,7677.76,45.96,TRADE
NSW1,18/04/2015 10:30,7652.79,34.65,TRADE
NSW1,18/04/2015 11:00,7697.46,33.21,TRADE
NSW1,18/04/2015 11:30,7590.44,27.64,TRADE
NSW1,18/04/2015 12:00,7562.02,28.27,TRADE
NSW1,18/04/2015 12:30,7497.32,34.97,TRADE
NSW1,18/04/2015 13:00,7510.38,34.95,TRADE
NSW1,18/04/2015 13:30,7543.43,30.26,TRADE
NSW1,18/04/2015 14:00,7539.5,27.69,TRADE
NSW1,18/04/2015 14:30,7500.0,28.09,TRADE
NSW1,18/04/2015 15:00,7502.12,28.2,TRADE
NSW1,18/04/2015 15:30,7538.12,28.19,TRADE
NSW1,18/04/2015 16:00,7549.94,28.59,TRADE
NSW1,18/04/2015 16:30,7646.04,29.41,TRADE
NSW1,18/04/2015 17:00,7818.65,32.44,TRADE
NSW1,18/04/2015 17:30,7951.28,31.31,TRADE
NSW1,18/04/2015 18:00,8237.59,37.0,TRADE
NSW1,18/04/2015 18:30,8344.53,39.71,TRADE
NSW1,18/04/2015 19:00,8183.01,32.21,TRADE
NSW1,18/04/2015 19:30,7835.09,28.0,TRADE
NSW1,18/04/2015 20:00,7702.72,29.18,TRADE
NSW1,18/04/2015 20:30,7558.18,31.75,TRADE
NSW1,18/04/2015 21:00,7458.91,28.28,TRADE
NSW1,18/04/2015 21:30,7337.99,28.13,TRADE
NSW1,18/04/2015 22:00,7184.25,28.01,TRADE
NSW1,18/04/2015 22:30,7209.23,32.22,TRADE
NSW1,18/04/2015 23:00,7173.81,30.24,TRADE
NSW1,18/04/2015 23:30,7100.04,34.54,TRADE
NSW1,19/04/2015 0:00,6956.11,31.52,TRADE
NSW1,19/04/2015 0:30,6720.34,27.96,TRADE
NSW1,19/04/2015 1:00,6570.33,27.6,TRADE
NSW1,19/04/2015 1:30,6355.72,26.09,TRADE
NSW1,19/04/2015 2:00,6176.47,23.99,TRADE
NSW1,19/04/2015 2:30,5934.65,23.51,TRADE
NSW1,19/04/2015 3:00,5766.5,21.79,TRADE
NSW1,19/04/2015 3:30,5672.6,22.28,TRADE
NSW1,19/04/2015 4:00,5640.17,21.25,TRADE
NSW1,19/04/2015 4:30,5671.11,24.02,TRADE
NSW1,19/04/2015 5:00,5653.52,24.99,TRADE
NSW1,19/04/2015 5:30,5710.0,23.28,TRADE
NSW1,19/04/2015 6:00,5788.42,23.6,TRADE
NSW1,19/04/2015 6:30,5929.76,24.36,TRADE
NSW1,19/04/2015 7:00,6050.15,24.42,TRADE
NSW1,19/04/2015 7:30,6262.0,26.93,TRADE
NSW1,19/04/2015 8:00,6621.88,32.09,TRADE
NSW1,19/04/2015 8:30,6874.4,30.85,TRADE
NSW1,19/04/2015 9:00,7046.94,31.12,TRADE
NSW1,19/04/2015 9:30,7178.52,30.89,TRADE
NSW1,19/04/2015 10:00,7234.26,30.09,TRADE
NSW1,19/04/2015 10:30,7340.4,31.07,TRADE
NSW1,19/04/2015 11:00,7265.13,31.34,TRADE
NSW1,19/04/2015 11:30,7303.15,28.22,TRADE
NSW1,19/04/2015 12:00,7300.47,28.2,TRADE
NSW1,19/04/2015 12:30,7397.61,28.51,TRADE
NSW1,19/04/2015 13:00,7360.86,28.26,TRADE
NSW1,19/04/2015 13:30,7330.42,28.14,TRADE
NSW1,19/04/2015 14:00,7208.09,28.08,TRADE
NSW1,19/04/2015 14:30,7171.49,28.14,TRADE
NSW1,19/04/2015 15:00,7192.66,29.78,TRADE
NSW1,19/04/2015 15:30,7283.5,35.22,TRADE
NSW1,19/04/2015 16:00,7370.87,33.75,TRADE
NSW1,19/04/2015 16:30,7526.93,32.58,TRADE
NSW1,19/04/2015 17:00,7731.25,29.11,TRADE
NSW1,19/04/2015 17:30,7924.61,31.97,TRADE
NSW1,19/04/2015 18:00,8305.1,40.85,TRADE
NSW1,19/04/2015 18:30,8551.46,44.78,TRADE
NSW1,19/04/2015 19:00,8410.97,43.02,TRADE
NSW1,19/04/2015 19:30,8141.91,36.3,TRADE
NSW1,19/04/2015 20:00,7907.13,39.08,TRADE
NSW1,19/04/2015 20:30,7767.81,37.89,TRADE
NSW1,19/04/2015 21:00,7605.14,34.6,TRADE
NSW1,19/04/2015 21:30,7440.72,32.83,TRADE
NSW1,19/04/2015 22:00,7319.87,30.64,TRADE
NSW1,19/04/2015 22:30,7239.24,34.01,TRADE
NSW1,19/04/2015 23:00,7075.83,29.46,TRADE
NSW1,19/04/2015 23:30,7018.54,32.81,TRADE
NSW1,20/04/2015 0:00,6917.18,31.17,TRADE
NSW1,20/04/2015 0:30,6711.06,27.61,TRADE
NSW1,20/04/2015 1:00,6487.81,24.62,TRADE
NSW1,20/04/2015 1:30,6359.9,26.61,TRADE
NSW1,20/04/2015 2:00,6182.04,26.23,TRADE
NSW1,20/04/2015 2:30,5896.05,24.72,TRADE
NSW1,20/04/2015 3:00,5732.77,23.36,TRADE
NSW1,20/04/2015 3:30,5721.26,24.89,TRADE
NSW1,20/04/2015 4:00,5645.26,22.87,TRADE
NSW1,20/04/2015 4:30,5655.77,24.51,TRADE
NSW1,20/04/2015 5:00,5773.11,25.83,TRADE
NSW1,20/04/2015 5:30,6064.21,26.48,TRADE
NSW1,20/04/2015 6:00,6430.4,30.3,TRADE
NSW1,20/04/2015 6:30,7043.52,38.86,TRADE
NSW1,20/04/2015 7:00,7607.22,37.81,TRADE
NSW1,20/04/2015 7:30,7935.88,34.36,TRADE
NSW1,20/04/2015 8:00,8293.98,38.41,TRADE
NSW1,20/04/2015 8:30,8505.59,48.47,TRADE
NSW1,20/04/2015 9:00,8607.45,43.5,TRADE
NSW1,20/04/2015 9:30,8724.8,44.27,TRADE
NSW1,20/04/2015 10:00,8775.69,37.65,TRADE
NSW1,20/04/2015 10:30,8841.19,39.09,TRADE
NSW1,20/04/2015 11:00,8933.58,38.48,TRADE
NSW1,20/04/2015 11:30,8801.12,35.44,TRADE
NSW1,20/04/2015 12:00,8803.1,38.67,TRADE
NSW1,20/04/2015 12:30,8791.0,35.49,TRADE
NSW1,20/04/2015 13:00,8786.14,35.14,TRADE
NSW1,20/04/2015 13:30,8800.02,37.09,TRADE
NSW1,20/04/2015 14:00,8805.19,37.2,TRADE
NSW1,20/04/2015 14:30,8791.61,35.51,TRADE
NSW1,20/04/2015 15:00,8751.37,36.65,TRADE
NSW1,20/04/2015 15:30,8761.92,35.73,TRADE
NSW1,20/04/2015 16:00,8816.73,35.21,TRADE
NSW1,20/04/2015 16:30,8926.29,35.24,TRADE
NSW1,20/04/2015 17:00,9146.13,37.34,TRADE
NSW1,20/04/2015 17:30,9423.68,40.91,TRADE
NSW1,20/04/2015 18:00,9777.55,48.97,TRADE
NSW1,20/04/2015 18:30,9757.1,46.83,TRADE
NSW1,20/04/2015 19:00,9601.48,40.7,TRADE
NSW1,20/04/2015 19:30,9293.39,37.45,TRADE
NSW1,20/04/2015 20:00,8987.89,34.9,TRADE
NSW1,20/04/2015 20:30,8761.74,32.88,TRADE
NSW1,20/04/2015 21:00,8538.56,31.69,TRADE
NSW1,20/04/2015 21:30,8306.41,29.73,TRADE
NSW1,20/04/2015 22:00,8058.52,26.8,TRADE
NSW1,20/04/2015 22:30,8016.6,30.38,TRADE
NSW1,20/04/2015 23:00,7794.33,28.46,TRADE
NSW1,20/04/2015 23:30,7748.39,35.79,TRADE
NSW1,21/04/2015 0:00,7668.61,31.13,TRADE
NSW1,21/04/2015 0:30,7440.0,27.91,TRADE
NSW1,21/04/2015 1:00,7235.49,27.39,TRADE
NSW1,21/04/2015 1:30,7016.56,26.11,TRADE
NSW1,21/04/2015 2:00,6804.09,23.51,TRADE
NSW1,21/04/2015 2:30,6444.4,20.27,TRADE
NSW1,21/04/2015 3:00,6195.71,19.11,TRADE
NSW1,21/04/2015 3:30,5995.83,18.77,TRADE
NSW1,21/04/2015 4:00,5886.2,18.96,TRADE
NSW1,21/04/2015 4:30,5863.78,18.96,TRADE
NSW1,21/04/2015 5:00,5900.82,20.61,TRADE
NSW1,21/04/2015 5:30,6118.49,22.17,TRADE
NSW1,21/04/2015 6:00,6394.49,20.94,TRADE
NSW1,21/04/2015 6:30,6976.4,27.53,TRADE
NSW1,21/04/2015 7:00,7556.49,33.45,TRADE
NSW1,21/04/2015 7:30,7917.21,34.94,TRADE
NSW1,21/04/2015 8:00,8233.83,38.79,TRADE
NSW1,21/04/2015 8:30,8390.58,40.78,TRADE
NSW1,21/04/2015 9:00,8367.16,40.15,TRADE
NSW1,21/04/2015 9:30,8439.29,40.03,TRADE
NSW1,21/04/2015 10:00,8503.1,34.81,TRADE
NSW1,21/04/2015 10:30,8526.65,34.5,TRADE
NSW1,21/04/2015 11:00,8531.58,32.86,TRADE
NSW1,21/04/2015 11:30,8469.06,31.44,TRADE
NSW1,21/04/2015 12:00,8455.97,30.97,TRADE
NSW1,21/04/2015 12:30,8427.72,35.91,TRADE
NSW1,21/04/2015 13:00,8442.5,44.5,TRADE
NSW1,21/04/2015 13:30,8449.8,43.36,TRADE
NSW1,21/04/2015 14:00,8410.49,37.82,TRADE
NSW1,21/04/2015 14:30,8439.04,35.01,TRADE
NSW1,21/04/2015 15:00,8403.99,31.67,TRADE
NSW1,21/04/2015 15:30,8428.27,34.26,TRADE
NSW1,21/04/2015 16:00,8552.82,34.73,TRADE
NSW1,21/04/2015 16:30,8734.25,37.74,TRADE
NSW1,21/04/2015 17:00,9009.23,37.01,TRADE
NSW1,21/04/2015 17:30,9338.98,41.4,TRADE
NSW1,21/04/2015 18:00,9691.27,43.57,TRADE
NSW1,21/04/2015 18:30,9648.61,41.37,TRADE
NSW1,21/04/2015 19:00,9474.56,39.47,TRADE
NSW1,21/04/2015 19:30,9099.25,38.01,TRADE
NSW1,21/04/2015 20:00,8804.8,40.02,TRADE
NSW1,21/04/2015 20:30,8615.11,41.97,TRADE
NSW1,21/04/2015 21:00,8066.11,30.66,TRADE
NSW1,21/04/2015 21:30,7768.82,29.15,TRADE
NSW1,21/04/2015 22:00,7510.56,27.69,TRADE
NSW1,21/04/2015 22:30,7717.11,28.17,TRADE
NSW1,21/04/2015 23:00,7510.19,26.85,TRADE
NSW1,21/04/2015 23:30,7356.69,26.95,TRADE
NSW1,22/04/2015 0:00,7268.89,26.3,TRADE
NSW1,22/04/2015 0:30,7056.37,25.52,TRADE
NSW1,22/04/2015 1:00,6878.5,25.01,TRADE
NSW1,22/04/2015 1:30,6667.02,22.7,TRADE
NSW1,22/04/2015 2:00,6453.87,18.97,TRADE
NSW1,22/04/2015 2:30,6136.06,18.83,TRADE
NSW1,22/04/2015 3:00,5906.14,18.7,TRADE
NSW1,22/04/2015 3:30,5764.21,17.57,TRADE
NSW1,22/04/2015 4:00,5719.7,17.6,TRADE
NSW1,22/04/2015 4:30,5696.54,18.97,TRADE
NSW1,22/04/2015 5:00,5766.32,19.06,TRADE
NSW1,22/04/2015 5:30,6022.63,24.85,TRADE
NSW1,22/04/2015 6:00,6366.63,28.24,TRADE
NSW1,22/04/2015 6:30,6938.43,37.58,TRADE
NSW1,22/04/2015 7:00,7443.41,45.0,TRADE
NSW1,22/04/2015 7:30,7791.44,44.85,TRADE
NSW1,22/04/2015 8:00,8112.47,48.7,TRADE
NSW1,22/04/2015 8:30,8301.77,43.13,TRADE
NSW1,22/04/2015 9:00,8322.79,37.96,TRADE
NSW1,22/04/2015 9:30,8372.31,37.35,TRADE
NSW1,22/04/2015 10:00,8455.05,35.02,TRADE
NSW1,22/04/2015 10:30,8523.92,39.31,TRADE
NSW1,22/04/2015 11:00,8516.86,35.78,TRADE
NSW1,22/04/2015 11:30,8440.96,35.13,TRADE
NSW1,22/04/2015 12:00,8441.43,34.06,TRADE
NSW1,22/04/2015 12:30,8400.59,35.35,TRADE
NSW1,22/04/2015 13:00,8445.19,36.33,TRADE
NSW1,22/04/2015 13:30,8387.03,34.83,TRADE
NSW1,22/04/2015 14:00,8319.36,35.25,TRADE
NSW1,22/04/2015 14:30,8232.47,33.83,TRADE
NSW1,22/04/2015 15:00,8059.87,33.9,TRADE
NSW1,22/04/2015 15:30,7885.46,33.54,TRADE
NSW1,22/04/2015 16:00,7948.49,36.97,TRADE
NSW1,22/04/2015 16:30,8076.09,36.28,TRADE
NSW1,22/04/2015 17:00,8293.08,38.21,TRADE
NSW1,22/04/2015 17:30,8655.62,37.34,TRADE
NSW1,22/04/2015 18:00,9113.69,111.19,TRADE
NSW1,22/04/2015 18:30,9156.62,157.4,TRADE
NSW1,22/04/2015 19:00,9043.17,46.1,TRADE
NSW1,22/04/2015 19:30,8837.94,34.56,TRADE
NSW1,22/04/2015 20:00,8612.33,36.23,TRADE
NSW1,22/04/2015 20:30,8419.01,34.84,TRADE
NSW1,22/04/2015 21:00,8192.19,36.64,TRADE
NSW1,22/04/2015 21:30,7952.03,32.88,TRADE
NSW1,22/04/2015 22:00,7750.64,30.63,TRADE
NSW1,22/04/2015 22:30,7747.9,35.13,TRADE
NSW1,22/04/2015 23:00,7521.74,29.76,TRADE
NSW1,22/04/2015 23:30,7493.77,30.28,TRADE
NSW1,23/04/2015 0:00,7426.2,32.21,TRADE
NSW1,23/04/2015 0:30,7195.01,27.2,TRADE
NSW1,23/04/2015 1:00,7051.2,25.76,TRADE
NSW1,23/04/2015 1:30,6845.44,25.49,TRADE
NSW1,23/04/2015 2:00,6652.61,25.26,TRADE
NSW1,23/04/2015 2:30,6327.87,23.28,TRADE
NSW1,23/04/2015 3:00,6117.27,19.2,TRADE
NSW1,23/04/2015 3:30,5965.35,18.9,TRADE
NSW1,23/04/2015 4:00,5924.14,18.96,TRADE
NSW1,23/04/2015 4:30,5899.31,19.17,TRADE
NSW1,23/04/2015 5:00,5970.05,21.34,TRADE
NSW1,23/04/2015 5:30,6223.63,24.82,TRADE
NSW1,23/04/2015 6:00,6554.07,27.14,TRADE
NSW1,23/04/2015 6:30,7128.79,39.66,TRADE
NSW1,23/04/2015 7:00,7624.14,47.34,TRADE
NSW1,23/04/2015 7:30,7921.19,43.92,TRADE
NSW1,23/04/2015 8:00,8125.32,43.65,TRADE
NSW1,23/04/2015 8:30,8206.69,42.43,TRADE
NSW1,23/04/2015 9:00,8128.64,37.49,TRADE
NSW1,23/04/2015 9:30,8089.72,35.51,TRADE
NSW1,23/04/2015 10:00,8125.65,35.18,TRADE
NSW1,23/04/2015 10:30,8148.62,35.35,TRADE
NSW1,23/04/2015 11:00,8155.93,41.29,TRADE
NSW1,23/04/2015 11:30,8087.14,39.63,TRADE
NSW1,23/04/2015 12:00,8093.14,38.63,TRADE
NSW1,23/04/2015 12:30,8106.6,40.28,TRADE
NSW1,23/04/2015 13:00,8069.72,41.91,TRADE
NSW1,23/04/2015 13:30,8068.02,40.31,TRADE
NSW1,23/04/2015 14:00,8060.55,40.99,TRADE
NSW1,23/04/2015 14:30,8058.18,46.2,TRADE
NSW1,23/04/2015 15:00,8082.21,40.22,TRADE
NSW1,23/04/2015 15:30,8055.59,36.16,TRADE
NSW1,23/04/2015 16:00,8085.28,41.97,TRADE
NSW1,23/04/2015 16:30,8199.01,34.19,TRADE
NSW1,23/04/2015 17:00,8355.39,38.43,TRADE
NSW1,23/04/2015 17:30,8519.91,39.17,TRADE
NSW1,23/04/2015 18:00,9002.27,47.75,TRADE
NSW1,23/04/2015 18:30,9057.07,48.37,TRADE
NSW1,23/04/2015 19:00,8953.14,46.65,TRADE
NSW1,23/04/2015 19:30,8722.09,40.2,TRADE
NSW1,23/04/2015 20:00,8533.59,41.31,TRADE
NSW1,23/04/2015 20:30,8383.05,43.23,TRADE
NSW1,23/04/2015 21:00,8155.57,38.36,TRADE
NSW1,23/04/2015 21:30,7941.13,34.36,TRADE
NSW1,23/04/2015 22:00,7728.73,32.67,TRADE
NSW1,23/04/2015 22:30,7754.51,38.39,TRADE
NSW1,23/04/2015 23:00,7559.73,35.47,TRADE
NSW1,23/04/2015 23:30,7565.36,39.47,TRADE
NSW1,24/04/2015 0:00,7552.18,36.11,TRADE
NSW1,24/04/2015 0:30,7355.52,34.51,TRADE
NSW1,24/04/2015 1:00,7190.61,36.14,TRADE
NSW1,24/04/2015 1:30,7023.04,34.93,TRADE
NSW1,24/04/2015 2:00,6763.27,31.45,TRADE
NSW1,24/04/2015 2:30,6434.71,26.26,TRADE
NSW1,24/04/2015 3:00,6175.77,26.03,TRADE
NSW1,24/04/2015 3:30,6069.21,27.06,TRADE
NSW1,24/04/2015 4:00,6028.47,26.4,TRADE
NSW1,24/04/2015 4:30,6019.12,26.68,TRADE
NSW1,24/04/2015 5:00,6125.81,26.22,TRADE
NSW1,24/04/2015 5:30,6324.96,27.99,TRADE
NSW1,24/04/2015 6:00,6639.73,36.8,TRADE
NSW1,24/04/2015 6:30,7165.67,38.26,TRADE
NSW1,24/04/2015 7:00,7624.51,96.68,TRADE
NSW1,24/04/2015 7:30,7940.13,45.27,TRADE
NSW1,24/04/2015 8:00,8134.46,42.47,TRADE
NSW1,24/04/2015 8:30,8306.25,42.47,TRADE
NSW1,24/04/2015 9:00,8320.99,42.23,TRADE
NSW1,24/04/2015 9:30,8307.07,41.19,TRADE
NSW1,24/04/2015 10:00,8261.09,42.97,TRADE
NSW1,24/04/2015 10:30,8188.67,38.14,TRADE
NSW1,24/04/2015 11:00,8176.38,36.89,TRADE
NSW1,24/04/2015 11:30,8113.77,34.6,TRADE
NSW1,24/04/2015 12:00,8130.92,35.01,TRADE
NSW1,24/04/2015 12:30,8155.99,35.02,TRADE
NSW1,24/04/2015 13:00,8106.42,35.58,TRADE
NSW1,24/04/2015 13:30,8128.82,33.91,TRADE
NSW1,24/04/2015 14:00,8076.57,34.02,TRADE
NSW1,24/04/2015 14:30,8079.2,34.32,TRADE
NSW1,24/04/2015 15:00,8096.71,34.93,TRADE
NSW1,24/04/2015 15:30,8081.48,35.02,TRADE
NSW1,24/04/2015 16:00,8194.19,31.53,TRADE
NSW1,24/04/2015 16:30,8211.7,34.38,TRADE
NSW1,24/04/2015 17:00,8297.05,33.33,TRADE
NSW1,24/04/2015 17:30,8435.08,36.71,TRADE
NSW1,24/04/2015 18:00,8768.42,42.83,TRADE
NSW1,24/04/2015 18:30,8719.1,45.22,TRADE
NSW1,24/04/2015 19:00,8513.59,41.65,TRADE
NSW1,24/04/2015 19:30,8284.29,33.32,TRADE
NSW1,24/04/2015 20:00,8085.23,38.87,TRADE
NSW1,24/04/2015 20:30,7928.41,35.13,TRADE
NSW1,24/04/2015 21:00,7763.54,35.26,TRADE
NSW1,24/04/2015 21:30,7600.81,33.68,TRADE
NSW1,24/04/2015 22:00,7420.92,30.31,TRADE
NSW1,24/04/2015 22:30,7560.31,37.09,TRADE
NSW1,24/04/2015 23:00,7419.22,33.84,TRADE
NSW1,24/04/2015 23:30,7417.62,42.05,TRADE
NSW1,25/04/2015 0:00,7388.95,39.61,TRADE
NSW1,25/04/2015 0:30,7290.55,33.23,TRADE
NSW1,25/04/2015 1:00,7110.15,27.5,TRADE
NSW1,25/04/2015 1:30,6915.18,26.12,TRADE
NSW1,25/04/2015 2:00,6686.8,23.62,TRADE
NSW1,25/04/2015 2:30,6380.14,21.37,TRADE
NSW1,25/04/2015 3:00,6116.0,18.91,TRADE
NSW1,25/04/2015 3:30,5999.16,18.96,TRADE
NSW1,25/04/2015 4:00,5872.66,18.91,TRADE
NSW1,25/04/2015 4:30,5819.87,18.94,TRADE
NSW1,25/04/2015 5:00,5901.18,18.96,TRADE
NSW1,25/04/2015 5:30,5957.51,18.96,TRADE
NSW1,25/04/2015 6:00,5965.1,18.96,TRADE
NSW1,25/04/2015 6:30,6075.54,18.96,TRADE
NSW1,25/04/2015 7:00,6193.56,18.96,TRADE
NSW1,25/04/2015 7:30,6440.24,22.11,TRADE
NSW1,25/04/2015 8:00,6703.58,25.74,TRADE
NSW1,25/04/2015 8:30,6916.88,26.02,TRADE
NSW1,25/04/2015 9:00,7098.24,28.83,TRADE
NSW1,25/04/2015 9:30,7273.68,33.27,TRADE
NSW1,25/04/2015 10:00,7152.26,28.59,TRADE
NSW1,25/04/2015 10:30,7223.34,28.69,TRADE
NSW1,25/04/2015 11:00,7070.45,25.73,TRADE
NSW1,25/04/2015 11:30,7061.97,27.82,TRADE
NSW1,25/04/2015 12:00,7092.37,29.42,TRADE
NSW1,25/04/2015 12:30,7106.75,28.37,TRADE
NSW1,25/04/2015 13:00,7134.91,28.09,TRADE
NSW1,25/04/2015 13:30,7143.98,28.19,TRADE
NSW1,25/04/2015 14:00,7009.72,28.03,TRADE
NSW1,25/04/2015 14:30,7115.75,27.96,TRADE
NSW1,25/04/2015 15:00,7236.42,25.8,TRADE
NSW1,25/04/2015 15:30,7254.76,25.63,TRADE
NSW1,25/04/2015 16:00,7443.71,27.45,TRADE
NSW1,25/04/2015 16:30,7606.73,30.64,TRADE
NSW1,25/04/2015 17:00,7764.3,29.7,TRADE
NSW1,25/04/2015 17:30,7743.84,28.71,TRADE
NSW1,25/04/2015 18:00,8212.1,36.61,TRADE
NSW1,25/04/2015 18:30,8308.86,36.41,TRADE
NSW1,25/04/2015 19:00,8090.51,33.23,TRADE
NSW1,25/04/2015 19:30,7966.32,30.74,TRADE
NSW1,25/04/2015 20:00,7763.74,32.36,TRADE
NSW1,25/04/2015 20:30,7627.11,31.33,TRADE
NSW1,25/04/2015 21:00,7536.67,30.97,TRADE
NSW1,25/04/2015 21:30,7371.88,28.7,TRADE
NSW1,25/04/2015 22:00,7297.37,28.49,TRADE
NSW1,25/04/2015 22:30,7319.77,30.24,TRADE
NSW1,25/04/2015 23:00,7205.8,30.4,TRADE
NSW1,25/04/2015 23:30,7142.96,31.3,TRADE
NSW1,26/04/2015 0:00,7021.45,32.95,TRADE
NSW1,26/04/2015 0:30,6862.77,27.65,TRADE
NSW1,26/04/2015 1:00,6677.57,26.14,TRADE
NSW1,26/04/2015 1:30,6486.37,26.0,TRADE
NSW1,26/04/2015 2:00,6307.65,24.43,TRADE
NSW1,26/04/2015 2:30,6051.87,20.02,TRADE
NSW1,26/04/2015 3:00,5823.23,18.96,TRADE
NSW1,26/04/2015 3:30,5767.94,18.96,TRADE
NSW1,26/04/2015 4:00,5661.41,18.96,TRADE
NSW1,26/04/2015 4:30,5647.57,18.96,TRADE
NSW1,26/04/2015 5:00,5628.44,18.96,TRADE
NSW1,26/04/2015 5:30,5706.77,20.0,TRADE
NSW1,26/04/2015 6:00,5847.65,19.57,TRADE
NSW1,26/04/2015 6:30,5963.73,19.86,TRADE
NSW1,26/04/2015 7:00,6104.78,24.44,TRADE
NSW1,26/04/2015 7:30,6372.9,26.71,TRADE
NSW1,26/04/2015 8:00,6680.96,28.37,TRADE
NSW1,26/04/2015 8:30,7043.02,32.16,TRADE
NSW1,26/04/2015 9:00,7370.17,33.79,TRADE
NSW1,26/04/2015 9:30,7660.28,33.53,TRADE
NSW1,26/04/2015 10:00,7654.53,30.02,TRADE
NSW1,26/04/2015 10:30,7736.26,28.18,TRADE
NSW1,26/04/2015 11:00,7686.38,28.78,TRADE
NSW1,26/04/2015 11:30,7696.36,28.43,TRADE
NSW1,26/04/2015 12:00,7625.2,28.35,TRADE
NSW1,26/04/2015 12:30,7595.58,28.18,TRADE
NSW1,26/04/2015 13:00,7584.48,28.29,TRADE
NSW1,26/04/2015 13:30,7549.16,27.99,TRADE
NSW1,26/04/2015 14:00,7546.02,27.98,TRADE
NSW1,26/04/2015 14:30,7471.01,28.02,TRADE
NSW1,26/04/2015 15:00,7520.24,28.18,TRADE
NSW1,26/04/2015 15:30,7551.8,29.55,TRADE
NSW1,26/04/2015 16:00,7605.17,33.72,TRADE
NSW1,26/04/2015 16:30,7722.58,32.85,TRADE
NSW1,26/04/2015 17:00,7943.13,38.71,TRADE
NSW1,26/04/2015 17:30,8155.61,40.25,TRADE
NSW1,26/04/2015 18:00,8779.8,43.1,TRADE
NSW1,26/04/2015 18:30,8989.72,48.17,TRADE
NSW1,26/04/2015 19:00,8840.04,41.9,TRADE
NSW1,26/04/2015 19:30,8585.92,38.34,TRADE
NSW1,26/04/2015 20:00,8354.73,39.02,TRADE
NSW1,26/04/2015 20:30,8215.99,37.66,TRADE
NSW1,26/04/2015 21:00,8080.48,35.01,TRADE
NSW1,26/04/2015 21:30,7937.14,39.87,TRADE
NSW1,26/04/2015 22:00,7706.66,33.72,TRADE
NSW1,26/04/2015 22:30,7598.7,34.98,TRADE
NSW1,26/04/2015 23:00,7360.86,34.66,TRADE
NSW1,26/04/2015 23:30,7312.34,39.03,TRADE
NSW1,27/04/2015 0:00,7161.85,33.19,TRADE
NSW1,27/04/2015 0:30,6960.04,31.41,TRADE
NSW1,27/04/2015 1:00,6764.99,29.18,TRADE
NSW1,27/04/2015 1:30,6588.75,26.91,TRADE
NSW1,27/04/2015 2:00,6462.96,24.99,TRADE
NSW1,27/04/2015 2:30,6179.59,24.32,TRADE
NSW1,27/04/2015 3:00,6034.16,23.32,TRADE
NSW1,27/04/2015 3:30,6002.52,26.43,TRADE
NSW1,27/04/2015 4:00,5922.43,24.19,TRADE
NSW1,27/04/2015 4:30,5944.0,24.91,TRADE
NSW1,27/04/2015 5:00,6110.46,25.54,TRADE
NSW1,27/04/2015 5:30,6363.58,24.87,TRADE
NSW1,27/04/2015 6:00,6752.47,33.67,TRADE
NSW1,27/04/2015 6:30,7456.39,41.37,TRADE
NSW1,27/04/2015 7:00,8037.03,44.43,TRADE
NSW1,27/04/2015 7:30,8393.0,44.31,TRADE
NSW1,27/04/2015 8:00,8614.84,45.54,TRADE
NSW1,27/04/2015 8:30,8613.75,42.46,TRADE
NSW1,27/04/2015 9:00,8492.34,39.16,TRADE
NSW1,27/04/2015 9:30,8415.96,37.59,TRADE
NSW1,27/04/2015 10:00,8335.29,34.7,TRADE
NSW1,27/04/2015 10:30,8313.99,35.34,TRADE
NSW1,27/04/2015 11:00,8211.07,34.68,TRADE
NSW1,27/04/2015 11:30,8073.53,34.3,TRADE
NSW1,27/04/2015 12:00,8020.56,35.01,TRADE
NSW1,27/04/2015 12:30,8041.73,37.36,TRADE
NSW1,27/04/2015 13:00,8019.16,38.74,TRADE
NSW1,27/04/2015 13:30,8009.03,39.44,TRADE
NSW1,27/04/2015 14:00,7968.0,41.03,TRADE
NSW1,27/04/2015 14:30,8012.39,41.11,TRADE
NSW1,27/04/2015 15:00,7995.68,38.09,TRADE
NSW1,27/04/2015 15:30,8032.99,39.84,TRADE
NSW1,27/04/2015 16:00,8134.82,39.94,TRADE
NSW1,27/04/2015 16:30,8317.46,41.84,TRADE
NSW1,27/04/2015 17:00,8501.12,41.56,TRADE
NSW1,27/04/2015 17:30,8858.71,84.69,TRADE
NSW1,27/04/2015 18:00,9492.69,181.57,TRADE
NSW1,27/04/2015 18:30,9645.22,198.06,TRADE
NSW1,27/04/2015 19:00,9593.35,126.94,TRADE
NSW1,27/04/2015 19:30,9323.91,67.77,TRADE
NSW1,27/04/2015 20:00,9086.08,72.73,TRADE
NSW1,27/04/2015 20:30,8940.79,81.09,TRADE
NSW1,27/04/2015 21:00,8771.48,81.58,TRADE
NSW1,27/04/2015 21:30,8551.73,44.93,TRADE
NSW1,27/04/2015 22:00,8296.61,36.6,TRADE
NSW1,27/04/2015 22:30,8213.59,45.34,TRADE
NSW1,27/04/2015 23:00,7966.72,44.85,TRADE
NSW1,27/04/2015 23:30,7935.94,43.54,TRADE
NSW1,28/04/2015 0:00,7864.98,97.26,TRADE
NSW1,28/04/2015 0:30,7617.89,44.15,TRADE
NSW1,28/04/2015 1:00,7469.81,45.37,TRADE
NSW1,28/04/2015 1:30,7252.02,40.92,TRADE
NSW1,28/04/2015 2:00,7050.66,35.81,TRADE
NSW1,28/04/2015 2:30,6713.08,29.66,TRADE
NSW1,28/04/2015 3:00,6448.36,26.22,TRADE
NSW1,28/04/2015 3:30,6317.83,25.85,TRADE
NSW1,28/04/2015 4:00,6210.11,25.7,TRADE
NSW1,28/04/2015 4:30,6265.65,27.24,TRADE
NSW1,28/04/2015 5:00,6345.83,29.48,TRADE
NSW1,28/04/2015 5:30,6580.61,34.05,TRADE
NSW1,28/04/2015 6:00,6962.9,40.09,TRADE
NSW1,28/04/2015 6:30,7672.36,44.63,TRADE
NSW1,28/04/2015 7:00,8291.78,66.69,TRADE
NSW1,28/04/2015 7:30,8632.57,46.17,TRADE
NSW1,28/04/2015 8:00,8839.78,63.89,TRADE
NSW1,28/04/2015 8:30,8700.55,43.8,TRADE
NSW1,28/04/2015 9:00,8514.9,62.24,TRADE
NSW1,28/04/2015 9:30,8388.77,44.62,TRADE
NSW1,28/04/2015 10:00,8327.33,40.68,TRADE
NSW1,28/04/2015 10:30,8281.87,43.34,TRADE
NSW1,28/04/2015 11:00,8248.8,42.73,TRADE
NSW1,28/04/2015 11:30,8119.63,40.46,TRADE
NSW1,28/04/2015 12:00,8065.08,40.84,TRADE
NSW1,28/04/2015 12:30,8051.49,42.99,TRADE
NSW1,28/04/2015 13:00,8022.65,42.26,TRADE
NSW1,28/04/2015 13:30,8036.1,43.48,TRADE
NSW1,28/04/2015 14:00,8033.83,43.44,TRADE
NSW1,28/04/2015 14:30,8048.69,43.39,TRADE
NSW1,28/04/2015 15:00,8071.42,43.26,TRADE
NSW1,28/04/2015 15:30,8090.39,42.2,TRADE
NSW1,28/04/2015 16:00,8201.54,41.8,TRADE
NSW1,28/04/2015 16:30,8340.06,41.73,TRADE
NSW1,28/04/2015 17:00,8576.24,43.44,TRADE
NSW1,28/04/2015 17:30,8939.88,45.92,TRADE
NSW1,28/04/2015 18:00,9460.39,163.16,TRADE
NSW1,28/04/2015 18:30,9580.34,55.32,TRADE
NSW1,28/04/2015 19:00,9515.66,48.75,TRADE
NSW1,28/04/2015 19:30,9285.05,43.1,TRADE
NSW1,28/04/2015 20:00,9108.92,54.14,TRADE
NSW1,28/04/2015 20:30,8911.66,49.86,TRADE
NSW1,28/04/2015 21:00,8688.59,46.57,TRADE
NSW1,28/04/2015 21:30,8482.56,47.98,TRADE
NSW1,28/04/2015 22:00,8246.15,39.83,TRADE
NSW1,28/04/2015 22:30,8264.12,44.88,TRADE
NSW1,28/04/2015 23:00,7979.28,40.47,TRADE
NSW1,28/04/2015 23:30,7939.19,40.91,TRADE
NSW1,29/04/2015 0:00,7811.4,41.4,TRADE
NSW1,29/04/2015 0:30,7598.16,37.84,TRADE
NSW1,29/04/2015 1:00,7453.21,37.6,TRADE
NSW1,29/04/2015 1:30,7195.95,33.52,TRADE
NSW1,29/04/2015 2:00,6978.85,30.56,TRADE
NSW1,29/04/2015 2:30,6640.0,28.74,TRADE
NSW1,29/04/2015 3:00,6392.87,27.59,TRADE
NSW1,29/04/2015 3:30,6233.56,28.02,TRADE
NSW1,29/04/2015 4:00,6108.91,26.35,TRADE
NSW1,29/04/2015 4:30,6129.76,28.28,TRADE
NSW1,29/04/2015 5:00,6220.51,28.63,TRADE
NSW1,29/04/2015 5:30,6532.72,32.95,TRADE
NSW1,29/04/2015 6:00,6912.82,37.42,TRADE
NSW1,29/04/2015 6:30,7616.98,40.57,TRADE
NSW1,29/04/2015 7:00,8270.63,86.84,TRADE
NSW1,29/04/2015 7:30,8557.52,43.89,TRADE
NSW1,29/04/2015 8:00,8740.02,44.74,TRADE
NSW1,29/04/2015 8:30,8730.63,44.04,TRADE
NSW1,29/04/2015 9:00,8561.4,40.87,TRADE
NSW1,29/04/2015 9:30,8424.57,39.43,TRADE
NSW1,29/04/2015 10:00,8385.76,35.96,TRADE
NSW1,29/04/2015 10:30,8353.93,39.74,TRADE
NSW1,29/04/2015 11:00,8359.62,40.48,TRADE
NSW1,29/04/2015 11:30,8226.82,40.2,TRADE
NSW1,29/04/2015 12:00,8230.22,38.08,TRADE
NSW1,29/04/2015 12:30,8203.26,36.38,TRADE
NSW1,29/04/2015 13:00,8205.29,40.35,TRADE
NSW1,29/04/2015 13:30,8180.52,41.02,TRADE
NSW1,29/04/2015 14:00,8181.58,39.58,TRADE
NSW1,29/04/2015 14:30,8197.99,38.31,TRADE
NSW1,29/04/2015 15:00,8158.03,35.86,TRADE
NSW1,29/04/2015 15:30,8197.75,39.63,TRADE
NSW1,29/04/2015 16:00,8358.58,43.46,TRADE
NSW1,29/04/2015 16:30,8453.51,40.34,TRADE
NSW1,29/04/2015 17:00,8641.53,40.34,TRADE
NSW1,29/04/2015 17:30,8973.72,41.23,TRADE
NSW1,29/04/2015 18:00,9526.41,97.61,TRADE
NSW1,29/04/2015 18:30,9594.61,51.14,TRADE
NSW1,29/04/2015 19:00,9462.02,44.92,TRADE
NSW1,29/04/2015 19:30,9219.47,42.42,TRADE
NSW1,29/04/2015 20:00,9014.4,47.4,TRADE
NSW1,29/04/2015 20:30,8817.54,44.5,TRADE
NSW1,29/04/2015 21:00,8591.74,41.02,TRADE
NSW1,29/04/2015 21:30,8399.09,41.66,TRADE
NSW1,29/04/2015 22:00,8212.56,39.26,TRADE
NSW1,29/04/2015 22:30,8155.8,43.06,TRADE
NSW1,29/04/2015 23:00,7939.52,41.27,TRADE
NSW1,29/04/2015 23:30,7831.32,40.18,TRADE
NSW1,30/04/2015 0:00,7757.88,41.95,TRADE
NSW1,30/04/2015 0:30,7569.48,40.41,TRADE
NSW1,30/04/2015 1:00,7356.83,37.67,TRADE
NSW1,30/04/2015 1:30,7138.54,33.75,TRADE
NSW1,30/04/2015 2:00,6933.6,34.43,TRADE
NSW1,30/04/2015 2:30,6618.14,30.56,TRADE
NSW1,30/04/2015 3:00,6354.24,30.45,TRADE
NSW1,30/04/2015 3:30,6164.14,26.52,TRADE
NSW1,30/04/2015 4:00,6097.95,27.94,TRADE
NSW1,30/04/2015 4:30,6099.3,28.15,TRADE
NSW1,30/04/2015 5:00,6157.54,28.05,TRADE
NSW1,30/04/2015 5:30,6473.1,30.64,TRADE
NSW1,30/04/2015 6:00,6800.53,33.38,TRADE
NSW1,30/04/2015 6:30,7523.86,40.28,TRADE
NSW1,30/04/2015 7:00,8157.57,41.91,TRADE
NSW1,30/04/2015 7:30,8430.94,46.05,TRADE
NSW1,30/04/2015 8:00,8688.08,71.6,TRADE
NSW1,30/04/2015 8:30,8727.79,98.94,TRADE
NSW1,30/04/2015 9:00,8663.92,45.18,TRADE
NSW1,30/04/2015 9:30,8632.07,58.58,TRADE
NSW1,30/04/2015 10:00,8663.68,45.7,TRADE
NSW1,30/04/2015 10:30,8661.05,41.41,TRADE
NSW1,30/04/2015 11:00,8631.32,43.53,TRADE
NSW1,30/04/2015 11:30,8564.4,40.3,TRADE
NSW1,30/04/2015 12:00,8524.87,35.83,TRADE
NSW1,30/04/2015 12:30,8451.75,40.05,TRADE
NSW1,30/04/2015 13:00,8413.39,40.33,TRADE
NSW1,30/04/2015 13:30,8335.6,39.62,TRADE
NSW1,30/04/2015 14:00,8308.09,39.16,TRADE
NSW1,30/04/2015 14:30,8280.14,38.38,TRADE
NSW1,30/04/2015 15:00,8254.72,35.25,TRADE
NSW1,30/04/2015 15:30,8252.61,32.57,TRADE
NSW1,30/04/2015 16:00,8337.56,33.17,TRADE
NSW1,30/04/2015 16:30,8468.7,36.23,TRADE
NSW1,30/04/2015 17:00,8637.28,39.9,TRADE
NSW1,30/04/2015 17:30,8971.81,40.71,TRADE
NSW1,30/04/2015 18:00,9559.74,49.62,TRADE
NSW1,30/04/2015 18:30,9616.76,52.32,TRADE
NSW1,30/04/2015 19:00,9493.16,44.39,TRADE
NSW1,30/04/2015 19:30,9208.67,41.87,TRADE
NSW1,30/04/2015 20:00,9002.15,42.76,TRADE
NSW1,30/04/2015 20:30,8846.66,41.75,TRADE
NSW1,30/04/2015 21:00,8648.93,38.02,TRADE
NSW1,30/04/2015 21:30,8328.33,36.0,TRADE
NSW1,30/04/2015 22:00,8125.27,32.62,TRADE
NSW1,30/04/2015 22:30,8167.82,39.48,TRADE
NSW1,30/04/2015 23:00,7970.32,32.77,TRADE
NSW1,30/04/2015 23:30,7852.83,31.85,TRADE
NSW1,1/05/2015 0:00,7823.04,35.25,TRADE
NSW1,1/05/2015 0:30,7635.26,33.48,TRADE
NSW1,1/05/2015 1:00,7417.57,31.93,TRADE
NSW1,1/05/2015 1:30,7218.86,31.12,TRADE
NSW1,1/05/2015 2:00,6977.29,29.95,TRADE
NSW1,1/05/2015 2:30,6636.81,27.37,TRADE
NSW1,1/05/2015 3:00,6374.94,27.9,TRADE
NSW1,1/05/2015 3:30,6185.13,25.83,TRADE
NSW1,1/05/2015 4:00,6102.43,26.02,TRADE
NSW1,1/05/2015 4:30,6095.77,25.67,TRADE
NSW1,1/05/2015 5:00,6175.62,25.56,TRADE
NSW1,1/05/2015 5:30,6422.0,27.71,TRADE
NSW1,1/05/2015 6:00,6768.78,29.44,TRADE
NSW1,1/05/2015 6:30,7405.32,34.78,TRADE
NSW1,1/05/2015 7:00,8024.26,39.13,TRADE
NSW1,1/05/2015 7:30,8382.64,38.92,TRADE
NSW1,1/05/2015 8:00,8723.59,42.29,TRADE
NSW1,1/05/2015 8:30,8821.12,45.9,TRADE
NSW1,1/05/2015 9:00,8789.99,1792.03,TRADE
NSW1,1/05/2015 9:30,8876.38,183.68,TRADE
NSW1,1/05/2015 10:00,8804.33,110.14,TRADE
NSW1,1/05/2015 10:30,8781.24,-89.21,TRADE
NSW1,1/05/2015 11:00,8744.65,17.32,TRADE
NSW1,1/05/2015 11:30,8601.71,37.61,TRADE
NSW1,1/05/2015 12:00,8581.78,39.15,TRADE
NSW1,1/05/2015 12:30,8542.02,39.42,TRADE
NSW1,1/05/2015 13:00,8460.7,37.49,TRADE
NSW1,1/05/2015 13:30,8368.35,35.85,TRADE
NSW1,1/05/2015 14:00,8322.12,37.92,TRADE
NSW1,1/05/2015 14:30,8346.44,40.26,TRADE
NSW1,1/05/2015 15:00,8332.68,35.18,TRADE
NSW1,1/05/2015 15:30,8288.27,35.44,TRADE
NSW1,1/05/2015 16:00,8383.09,41.29,TRADE
NSW1,1/05/2015 16:30,8533.09,40.91,TRADE
NSW1,1/05/2015 17:00,8680.97,41.69,TRADE
NSW1,1/05/2015 17:30,8954.71,41.37,TRADE
NSW1,1/05/2015 18:00,9409.06,49.89,TRADE
NSW1,1/05/2015 18:30,9342.03,44.92,TRADE
NSW1,1/05/2015 19:00,9138.43,40.22,TRADE
NSW1,1/05/2015 19:30,8846.3,36.08,TRADE
NSW1,1/05/2015 20:00,8603.17,38.25,TRADE
NSW1,1/05/2015 20:30,8440.48,40.92,TRADE
NSW1,1/05/2015 21:00,8308.84,36.19,TRADE
NSW1,1/05/2015 21:30,8087.34,34.56,TRADE
NSW1,1/05/2015 22:00,7959.52,32.93,TRADE
NSW1,1/05/2015 22:30,8080.5,42.19,TRADE
NSW1,1/05/2015 23:00,7896.41,37.5,TRADE
NSW1,1/05/2015 23:30,7914.76,34.98,TRADE
NSW1,2/05/2015 0:00,7878.65,39.28,TRADE
NSW1,2/05/2015 0:30,7668.63,34.58,TRADE
NSW1,2/05/2015 1:00,7456.89,30.07,TRADE
NSW1,2/05/2015 1:30,7158.26,29.12,TRADE
NSW1,2/05/2015 2:00,6943.71,28.77,TRADE
NSW1,2/05/2015 2:30,6516.9,22.74,TRADE
NSW1,2/05/2015 3:00,6287.29,21.18,TRADE
NSW1,2/05/2015 3:30,6062.72,24.04,TRADE
NSW1,2/05/2015 4:00,5964.1,23.2,TRADE
NSW1,2/05/2015 4:30,5882.24,19.95,TRADE
NSW1,2/05/2015 5:00,5918.58,20.39,TRADE
NSW1,2/05/2015 5:30,6024.68,24.31,TRADE
NSW1,2/05/2015 6:00,6137.4,25.84,TRADE
NSW1,2/05/2015 6:30,6314.55,25.14,TRADE
NSW1,2/05/2015 7:00,6566.53,27.11,TRADE
NSW1,2/05/2015 7:30,6829.51,29.52,TRADE
NSW1,2/05/2015 8:00,7228.61,34.18,TRADE
NSW1,2/05/2015 8:30,7544.69,40.65,TRADE
NSW1,2/05/2015 9:00,7736.19,39.06,TRADE
NSW1,2/05/2015 9:30,7916.58,39.41,TRADE
NSW1,2/05/2015 10:00,7938.2,36.23,TRADE
NSW1,2/05/2015 10:30,8015.57,35.13,TRADE
NSW1,2/05/2015 11:00,7987.79,35.14,TRADE
NSW1,2/05/2015 11:30,7929.69,36.14,TRADE
NSW1,2/05/2015 12:00,7873.68,32.18,TRADE
NSW1,2/05/2015 12:30,7822.76,29.85,TRADE
NSW1,2/05/2015 13:00,7794.84,30.47,TRADE
NSW1,2/05/2015 13:30,7700.98,29.03,TRADE
NSW1,2/05/2015 14:00,7674.08,28.97,TRADE
NSW1,2/05/2015 14:30,7659.16,28.05,TRADE
NSW1,2/05/2015 15:00,7672.18,28.07,TRADE
NSW1,2/05/2015 15:30,7713.68,28.15,TRADE
NSW1,2/05/2015 16:00,7786.94,28.72,TRADE
NSW1,2/05/2015 16:30,7868.34,32.33,TRADE
NSW1,2/05/2015 17:00,8100.18,36.27,TRADE
NSW1,2/05/2015 17:30,8287.07,36.28,TRADE
NSW1,2/05/2015 18:00,8647.08,39.4,TRADE
NSW1,2/05/2015 18:30,8676.44,41.53,TRADE
NSW1,2/05/2015 19:00,8452.37,40.23,TRADE
NSW1,2/05/2015 19:30,8185.67,35.9,TRADE
NSW1,2/05/2015 20:00,7977.9,39.57,TRADE
NSW1,2/05/2015 20:30,7843.32,40.2,TRADE
NSW1,2/05/2015 21:00,7677.22,36.17,TRADE
NSW1,2/05/2015 21:30,7525.37,33.37,TRADE
NSW1,2/05/2015 22:00,7430.92,29.2,TRADE
NSW1,2/05/2015 22:30,7462.0,36.9,TRADE
NSW1,2/05/2015 23:00,7354.51,40.92,TRADE
NSW1,2/05/2015 23:30,7366.75,38.6,TRADE
NSW1,3/05/2015 0:00,7248.56,37.47,TRADE
NSW1,3/05/2015 0:30,7056.57,33.94,TRADE
NSW1,3/05/2015 1:00,6882.07,31.5,TRADE
NSW1,3/05/2015 1:30,6654.91,30.68,TRADE
NSW1,3/05/2015 2:00,6478.01,28.18,TRADE
NSW1,3/05/2015 2:30,6170.6,25.55,TRADE
NSW1,3/05/2015 3:00,5946.02,24.89,TRADE
NSW1,3/05/2015 3:30,5833.83,25.31,TRADE
NSW1,3/05/2015 4:00,5776.0,25.3,TRADE
NSW1,3/05/2015 4:30,5764.35,24.09,TRADE
NSW1,3/05/2015 5:00,5718.93,20.93,TRADE
NSW1,3/05/2015 5:30,5798.39,21.09,TRADE
NSW1,3/05/2015 6:00,5915.98,23.91,TRADE
NSW1,3/05/2015 6:30,6078.29,24.52,TRADE
NSW1,3/05/2015 7:00,6221.3,25.7,TRADE
NSW1,3/05/2015 7:30,6398.38,26.37,TRADE
NSW1,3/05/2015 8:00,6720.43,26.58,TRADE
NSW1,3/05/2015 8:30,7101.32,32.97,TRADE
NSW1,3/05/2015 9:00,7365.58,35.58,TRADE
NSW1,3/05/2015 9:30,7608.13,40.62,TRADE
NSW1,3/05/2015 10:00,7677.71,38.33,TRADE
NSW1,3/05/2015 10:30,7792.27,37.15,TRADE
NSW1,3/05/2015 11:00,7839.03,35.59,TRADE
NSW1,3/05/2015 11:30,7793.95,33.08,TRADE
NSW1,3/05/2015 12:00,7751.68,31.54,TRADE
NSW1,3/05/2015 12:30,7657.9,30.97,TRADE
NSW1,3/05/2015 13:00,7583.36,30.73,TRADE
NSW1,3/05/2015 13:30,7490.28,29.98,TRADE
NSW1,3/05/2015 14:00,7465.12,29.24,TRADE
NSW1,3/05/2015 14:30,7350.19,28.17,TRADE
NSW1,3/05/2015 15:00,7369.74,29.35,TRADE
NSW1,3/05/2015 15:30,7447.92,28.96,TRADE
NSW1,3/05/2015 16:00,7605.97,33.83,TRADE
NSW1,3/05/2015 16:30,7803.78,32.21,TRADE
NSW1,3/05/2015 17:00,7993.28,36.2,TRADE
NSW1,3/05/2015 17:30,8229.11,40.94,TRADE
NSW1,3/05/2015 18:00,8641.79,44.19,TRADE
NSW1,3/05/2015 18:30,8675.62,44.33,TRADE
NSW1,3/05/2015 19:00,8543.49,40.79,TRADE
NSW1,3/05/2015 19:30,8327.15,37.38,TRADE
NSW1,3/05/2015 20:00,8040.75,38.3,TRADE
NSW1,3/05/2015 20:30,7920.07,37.95,TRADE
NSW1,3/05/2015 21:00,7853.48,40.08,TRADE
NSW1,3/05/2015 21:30,7627.53,37.38,TRADE
NSW1,3/05/2015 22:00,7474.96,35.19,TRADE
NSW1,3/05/2015 22:30,7447.21,40.79,TRADE
NSW1,3/05/2015 23:00,7306.16,35.67,TRADE
NSW1,3/05/2015 23:30,7283.26,39.8,TRADE
NSW1,4/05/2015 0:00,7135.09,38.21,TRADE
NSW1,4/05/2015 0:30,6961.48,33.73,TRADE
NSW1,4/05/2015 1:00,6740.06,28.86,TRADE
NSW1,4/05/2015 1:30,6589.93,27.44,TRADE
NSW1,4/05/2015 2:00,6424.31,25.65,TRADE
NSW1,4/05/2015 2:30,6157.31,24.66,TRADE
NSW1,4/05/2015 3:00,6028.94,20.02,TRADE
NSW1,4/05/2015 3:30,5907.6,20.25,TRADE
NSW1,4/05/2015 4:00,5873.42,17.78,TRADE
NSW1,4/05/2015 4:30,5897.52,18.96,TRADE
NSW1,4/05/2015 5:00,5994.55,20.85,TRADE
NSW1,4/05/2015 5:30,6261.25,24.96,TRADE
NSW1,4/05/2015 6:00,6568.4,26.59,TRADE
NSW1,4/05/2015 6:30,7205.13,28.94,TRADE
NSW1,4/05/2015 7:00,7681.5,37.12,TRADE
NSW1,4/05/2015 7:30,8048.01,33.01,TRADE
NSW1,4/05/2015 8:00,8352.37,34.88,TRADE
NSW1,4/05/2015 8:30,8471.09,34.76,TRADE
NSW1,4/05/2015 9:00,8432.09,31.07,TRADE
NSW1,4/05/2015 9:30,8489.48,31.98,TRADE
NSW1,4/05/2015 10:00,8518.17,30.81,TRADE
NSW1,4/05/2015 10:30,8523.87,30.06,TRADE
NSW1,4/05/2015 11:00,8479.78,28.61,TRADE
NSW1,4/05/2015 11:30,8380.13,31.32,TRADE
NSW1,4/05/2015 12:00,8424.4,31.33,TRADE
NSW1,4/05/2015 12:30,8396.11,31.63,TRADE
NSW1,4/05/2015 13:00,8445.3,32.84,TRADE
NSW1,4/05/2015 13:30,8262.29,32.56,TRADE
NSW1,4/05/2015 14:00,8359.8,34.48,TRADE
NSW1,4/05/2015 14:30,8335.77,33.89,TRADE
NSW1,4/05/2015 15:00,8365.77,32.03,TRADE
NSW1,4/05/2015 15:30,8381.42,32.44,TRADE
NSW1,4/05/2015 16:00,8413.71,32.19,TRADE
NSW1,4/05/2015 16:30,8542.98,32.75,TRADE
NSW1,4/05/2015 17:00,8706.15,33.88,TRADE
NSW1,4/05/2015 17:30,8968.18,36.91,TRADE
NSW1,4/05/2015 18:00,9376.33,41.57,TRADE
NSW1,4/05/2015 18:30,9375.7,39.62,TRADE
NSW1,4/05/2015 19:00,9149.95,36.2,TRADE
NSW1,4/05/2015 19:30,8891.08,33.92,TRADE
NSW1,4/05/2015 20:00,8647.15,35.2,TRADE
NSW1,4/05/2015 20:30,8438.15,31.8,TRADE
NSW1,4/05/2015 21:00,8298.27,31.13,TRADE
NSW1,4/05/2015 21:30,8089.18,29.09,TRADE
NSW1,4/05/2015 22:00,7872.13,25.89,TRADE
NSW1,4/05/2015 22:30,7992.78,28.44,TRADE
NSW1,4/05/2015 23:00,7736.0,26.33,TRADE
NSW1,4/05/2015 23:30,7724.56,27.16,TRADE
NSW1,5/05/2015 0:00,7625.97,26.34,TRADE
NSW1,5/05/2015 0:30,7459.66,25.51,TRADE
NSW1,5/05/2015 1:00,7262.57,25.15,TRADE
NSW1,5/05/2015 1:30,7067.28,22.01,TRADE
NSW1,5/05/2015 2:00,6792.42,20.54,TRADE
NSW1,5/05/2015 2:30,6485.22,15.75,TRADE
NSW1,5/05/2015 3:00,6182.6,12.08,TRADE
NSW1,5/05/2015 3:30,6036.42,11.99,TRADE
NSW1,5/05/2015 4:00,5948.93,11.53,TRADE
NSW1,5/05/2015 4:30,5905.98,11.88,TRADE
NSW1,5/05/2015 5:00,5996.14,20.26,TRADE
NSW1,5/05/2015 5:30,6247.29,25.36,TRADE
NSW1,5/05/2015 6:00,6588.71,25.37,TRADE
NSW1,5/05/2015 6:30,7260.53,26.75,TRADE
NSW1,5/05/2015 7:00,7751.91,31.04,TRADE
NSW1,5/05/2015 7:30,7996.69,33.74,TRADE
NSW1,5/05/2015 8:00,8168.4,35.32,TRADE
NSW1,5/05/2015 8:30,8148.75,34.72,TRADE
NSW1,5/05/2015 9:00,8055.09,33.44,TRADE
NSW1,5/05/2015 9:30,8088.81,31.26,TRADE
NSW1,5/05/2015 10:00,8123.37,31.71,TRADE
NSW1,5/05/2015 10:30,8126.89,30.47,TRADE
NSW1,5/05/2015 11:00,8054.04,28.19,TRADE
NSW1,5/05/2015 11:30,7967.34,27.99,TRADE
NSW1,5/05/2015 12:00,8033.25,28.16,TRADE
NSW1,5/05/2015 12:30,8070.31,29.83,TRADE
NSW1,5/05/2015 13:00,8072.62,30.22,TRADE
NSW1,5/05/2015 13:30,8099.45,33.29,TRADE
NSW1,5/05/2015 14:00,8110.86,33.57,TRADE
NSW1,5/05/2015 14:30,8120.88,34.42,TRADE
NSW1,5/05/2015 15:00,8178.49,34.26,TRADE
NSW1,5/05/2015 15:30,8184.24,32.56,TRADE
NSW1,5/05/2015 16:00,8297.07,33.21,TRADE
NSW1,5/05/2015 16:30,8372.04,31.12,TRADE
NSW1,5/05/2015 17:00,8483.15,33.42,TRADE
NSW1,5/05/2015 17:30,8734.97,36.18,TRADE
NSW1,5/05/2015 18:00,9174.81,39.89,TRADE
NSW1,5/05/2015 18:30,9156.82,39.93,TRADE
NSW1,5/05/2015 19:00,9002.45,35.24,TRADE
NSW1,5/05/2015 19:30,8667.44,31.7,TRADE
NSW1,5/05/2015 20:00,8468.43,34.66,TRADE
NSW1,5/05/2015 20:30,8271.12,33.35,TRADE
NSW1,5/05/2015 21:00,8118.54,34.95,TRADE
NSW1,5/05/2015 21:30,7912.21,32.46,TRADE
NSW1,5/05/2015 22:00,7695.49,28.95,TRADE
NSW1,5/05/2015 22:30,7763.71,31.25,TRADE
NSW1,5/05/2015 23:00,7565.74,25.59,TRADE
NSW1,5/05/2015 23:30,7507.19,26.52,TRADE
NSW1,6/05/2015 0:00,7400.8,25.82,TRADE
NSW1,6/05/2015 0:30,7244.11,25.52,TRADE
NSW1,6/05/2015 1:00,7036.3,23.47,TRADE
NSW1,6/05/2015 1:30,6902.21,19.74,TRADE
NSW1,6/05/2015 2:00,6709.42,18.82,TRADE
NSW1,6/05/2015 2:30,6359.95,18.78,TRADE
NSW1,6/05/2015 3:00,6106.19,18.96,TRADE
NSW1,6/05/2015 3:30,5960.93,17.74,TRADE
NSW1,6/05/2015 4:00,5844.75,17.5,TRADE
NSW1,6/05/2015 4:30,5891.02,21.46,TRADE
NSW1,6/05/2015 5:00,5983.63,22.51,TRADE
NSW1,6/05/2015 5:30,6256.66,23.01,TRADE
NSW1,6/05/2015 6:00,6604.59,25.01,TRADE
NSW1,6/05/2015 6:30,7284.65,29.11,TRADE
NSW1,6/05/2015 7:00,7848.35,33.83,TRADE
NSW1,6/05/2015 7:30,8113.61,32.48,TRADE
NSW1,6/05/2015 8:00,8315.46,33.59,TRADE
NSW1,6/05/2015 8:30,8337.87,34.22,TRADE
NSW1,6/05/2015 9:00,8160.76,30.8,TRADE
NSW1,6/05/2015 9:30,8079.27,25.8,TRADE
NSW1,6/05/2015 10:00,7973.02,24.69,TRADE
NSW1,6/05/2015 10:30,8013.64,25.59,TRADE
NSW1,6/05/2015 11:00,7907.38,27.06,TRADE
NSW1,6/05/2015 11:30,7831.31,26.15,TRADE
NSW1,6/05/2015 12:00,7841.51,27.32,TRADE
NSW1,6/05/2015 12:30,7833.66,27.76,TRADE
NSW1,6/05/2015 13:00,7826.02,27.62,TRADE
NSW1,6/05/2015 13:30,7772.19,27.94,TRADE
NSW1,6/05/2015 14:00,7809.6,28.0,TRADE
NSW1,6/05/2015 14:30,7876.58,28.16,TRADE
NSW1,6/05/2015 15:00,7881.65,28.2,TRADE
NSW1,6/05/2015 15:30,7962.04,28.52,TRADE
NSW1,6/05/2015 16:00,8071.62,34.36,TRADE
NSW1,6/05/2015 16:30,8178.05,34.82,TRADE
NSW1,6/05/2015 17:00,8349.44,31.35,TRADE
NSW1,6/05/2015 17:30,8840.0,34.92,TRADE
NSW1,6/05/2015 18:00,9374.78,41.98,TRADE
NSW1,6/05/2015 18:30,9456.9,41.02,TRADE
NSW1,6/05/2015 19:00,9330.24,39.65,TRADE
NSW1,6/05/2015 19:30,9077.42,34.71,TRADE
NSW1,6/05/2015 20:00,8866.09,37.08,TRADE
NSW1,6/05/2015 20:30,8708.11,35.2,TRADE
NSW1,6/05/2015 21:00,8517.88,35.38,TRADE
NSW1,6/05/2015 21:30,8313.83,33.79,TRADE
NSW1,6/05/2015 22:00,8107.91,32.87,TRADE
NSW1,6/05/2015 22:30,8098.72,34.64,TRADE
NSW1,6/05/2015 23:00,7807.98,30.37,TRADE
NSW1,6/05/2015 23:30,7711.63,31.52,TRADE
NSW1,7/05/2015 0:00,7654.78,32.0,TRADE
NSW1,7/05/2015 0:30,7471.14,28.02,TRADE
NSW1,7/05/2015 1:00,7229.1,27.64,TRADE
NSW1,7/05/2015 1:30,7037.68,25.92,TRADE
NSW1,7/05/2015 2:00,6792.69,23.49,TRADE
NSW1,7/05/2015 2:30,6496.17,22.09,TRADE
NSW1,7/05/2015 3:00,6262.63,21.79,TRADE
NSW1,7/05/2015 3:30,6083.4,23.01,TRADE
NSW1,7/05/2015 4:00,6005.41,23.01,TRADE
NSW1,7/05/2015 4:30,6001.87,24.9,TRADE
NSW1,7/05/2015 5:00,6143.5,23.65,TRADE
NSW1,7/05/2015 5:30,6368.3,23.31,TRADE
NSW1,7/05/2015 6:00,6817.46,28.59,TRADE
NSW1,7/05/2015 6:30,7538.42,34.8,TRADE
NSW1,7/05/2015 7:00,8185.5,41.51,TRADE
NSW1,7/05/2015 7:30,8521.72,39.38,TRADE
NSW1,7/05/2015 8:00,8694.51,40.16,TRADE
NSW1,7/05/2015 8:30,8646.98,35.46,TRADE
NSW1,7/05/2015 9:00,8456.08,34.91,TRADE
NSW1,7/05/2015 9:30,8441.91,34.68,TRADE
NSW1,7/05/2015 10:00,8325.08,33.86,TRADE
NSW1,7/05/2015 10:30,8236.29,32.66,TRADE
NSW1,7/05/2015 11:00,8141.34,30.38,TRADE
NSW1,7/05/2015 11:30,8047.45,28.48,TRADE
NSW1,7/05/2015 12:00,7984.53,31.28,TRADE
NSW1,7/05/2015 12:30,8002.04,32.38,TRADE
NSW1,7/05/2015 13:00,7950.14,31.23,TRADE
NSW1,7/05/2015 13:30,7944.55,30.9,TRADE
NSW1,7/05/2015 14:00,7958.01,33.51,TRADE
NSW1,7/05/2015 14:30,7967.94,38.13,TRADE
NSW1,7/05/2015 15:00,7971.04,35.39,TRADE
NSW1,7/05/2015 15:30,8032.74,34.95,TRADE
NSW1,7/05/2015 16:00,8113.32,32.76,TRADE
NSW1,7/05/2015 16:30,8291.44,28.55,TRADE
NSW1,7/05/2015 17:00,8597.18,31.22,TRADE
NSW1,7/05/2015 17:30,9060.24,35.48,TRADE
NSW1,7/05/2015 18:00,9679.62,40.83,TRADE
NSW1,7/05/2015 18:30,9705.84,39.82,TRADE
NSW1,7/05/2015 19:00,9638.55,39.33,TRADE
NSW1,7/05/2015 19:30,9421.84,36.09,TRADE
NSW1,7/05/2015 20:00,9205.4,39.16,TRADE
NSW1,7/05/2015 20:30,9081.53,40.02,TRADE
NSW1,7/05/2015 21:00,8946.14,38.26,TRADE
NSW1,7/05/2015 21:30,8695.49,36.24,TRADE
NSW1,7/05/2015 22:00,8399.37,34.37,TRADE
NSW1,7/05/2015 22:30,8421.97,35.51,TRADE
NSW1,7/05/2015 23:00,8180.85,33.66,TRADE
NSW1,7/05/2015 23:30,8038.83,33.47,TRADE
NSW1,8/05/2015 0:00,7945.32,34.04,TRADE
NSW1,8/05/2015 0:30,7722.36,30.69,TRADE
NSW1,8/05/2015 1:00,7526.39,28.26,TRADE
NSW1,8/05/2015 1:30,7333.98,28.51,TRADE
NSW1,8/05/2015 2:00,7076.82,25.8,TRADE
NSW1,8/05/2015 2:30,6692.33,22.77,TRADE
NSW1,8/05/2015 3:00,6458.58,22.9,TRADE
NSW1,8/05/2015 3:30,6279.62,23.01,TRADE
NSW1,8/05/2015 4:00,6162.74,23.01,TRADE
NSW1,8/05/2015 4:30,6146.2,23.96,TRADE
NSW1,8/05/2015 5:00,6265.01,23.97,TRADE
NSW1,8/05/2015 5:30,6631.3,26.19,TRADE
NSW1,8/05/2015 6:00,7052.94,27.47,TRADE
NSW1,8/05/2015 6:30,7829.1,33.59,TRADE
NSW1,8/05/2015 7:00,8415.01,39.3,TRADE
NSW1,8/05/2015 7:30,8764.56,38.94,TRADE
NSW1,8/05/2015 8:00,9036.26,41.23,TRADE
NSW1,8/05/2015 8:30,8955.66,38.69,TRADE
NSW1,8/05/2015 9:00,8862.21,36.61,TRADE
NSW1,8/05/2015 9:30,8673.91,34.91,TRADE
NSW1,8/05/2015 10:00,8575.95,36.18,TRADE
NSW1,8/05/2015 10:30,8430.72,34.94,TRADE
NSW1,8/05/2015 11:00,8259.67,34.09,TRADE
NSW1,8/05/2015 11:30,8169.1,32.73,TRADE
NSW1,8/05/2015 12:00,8081.07,29.91,TRADE
NSW1,8/05/2015 12:30,8008.21,32.89,TRADE
NSW1,8/05/2015 13:00,7877.67,30.57,TRADE
NSW1,8/05/2015 13:30,7835.29,30.88,TRADE
NSW1,8/05/2015 14:00,7767.4,30.59,TRADE
NSW1,8/05/2015 14:30,7820.39,31.7,TRADE
NSW1,8/05/2015 15:00,7786.91,30.74,TRADE
NSW1,8/05/2015 15:30,7771.86,28.1,TRADE
NSW1,8/05/2015 16:00,7995.64,28.93,TRADE
NSW1,8/05/2015 16:30,8158.09,30.45,TRADE
NSW1,8/05/2015 17:00,8403.1,34.3,TRADE
NSW1,8/05/2015 17:30,8810.85,36.24,TRADE
NSW1,8/05/2015 18:00,9334.85,38.13,TRADE
NSW1,8/05/2015 18:30,9316.82,34.98,TRADE
NSW1,8/05/2015 19:00,9249.0,34.95,TRADE
NSW1,8/05/2015 19:30,9010.73,34.19,TRADE
NSW1,8/05/2015 20:00,8894.13,38.42,TRADE
NSW1,8/05/2015 20:30,8739.49,35.1,TRADE
NSW1,8/05/2015 21:00,8557.86,35.23,TRADE
NSW1,8/05/2015 21:30,8366.12,30.73,TRADE
NSW1,8/05/2015 22:00,8143.92,31.07,TRADE
NSW1,8/05/2015 22:30,8254.88,35.85,TRADE
NSW1,8/05/2015 23:00,8015.98,30.73,TRADE
NSW1,8/05/2015 23:30,8028.7,35.62,TRADE
NSW1,9/05/2015 0:00,7893.67,39.29,TRADE
NSW1,9/05/2015 0:30,7689.89,30.62,TRADE
NSW1,9/05/2015 1:00,7422.05,29.53,TRADE
NSW1,9/05/2015 1:30,7202.1,27.59,TRADE
NSW1,9/05/2015 2:00,6944.79,26.55,TRADE
NSW1,9/05/2015 2:30,6607.27,24.3,TRADE
NSW1,9/05/2015 3:00,6348.16,25.43,TRADE
NSW1,9/05/2015 3:30,6075.11,24.31,TRADE
NSW1,9/05/2015 4:00,5974.07,25.27,TRADE
NSW1,9/05/2015 4:30,5895.6,23.97,TRADE
NSW1,9/05/2015 5:00,5949.22,23.96,TRADE
NSW1,9/05/2015 5:30,6098.1,24.74,TRADE
NSW1,9/05/2015 6:00,6248.2,25.61,TRADE
NSW1,9/05/2015 6:30,6486.77,25.51,TRADE
NSW1,9/05/2015 7:00,6782.8,27.08,TRADE
NSW1,9/05/2015 7:30,7175.91,30.57,TRADE
NSW1,9/05/2015 8:00,7543.7,36.23,TRADE
NSW1,9/05/2015 8:30,7822.52,36.31,TRADE
NSW1,9/05/2015 9:00,7900.96,37.82,TRADE
NSW1,9/05/2015 9:30,8008.52,36.77,TRADE
NSW1,9/05/2015 10:00,7859.72,35.16,TRADE
NSW1,9/05/2015 10:30,7721.83,34.91,TRADE
NSW1,9/05/2015 11:00,7443.63,29.02,TRADE
NSW1,9/05/2015 11:30,7327.01,27.97,TRADE
NSW1,9/05/2015 12:00,7262.58,25.67,TRADE
NSW1,9/05/2015 12:30,7141.26,26.22,TRADE
NSW1,9/05/2015 13:00,7114.32,27.15,TRADE
NSW1,9/05/2015 13:30,6991.14,25.6,TRADE
NSW1,9/05/2015 14:00,7010.37,25.93,TRADE
NSW1,9/05/2015 14:30,6951.13,25.87,TRADE
NSW1,9/05/2015 15:00,7028.92,26.03,TRADE
NSW1,9/05/2015 15:30,7107.3,26.16,TRADE
NSW1,9/05/2015 16:00,7285.43,27.96,TRADE
NSW1,9/05/2015 16:30,7449.32,28.27,TRADE
NSW1,9/05/2015 17:00,7740.4,35.28,TRADE
NSW1,9/05/2015 17:30,8161.24,39.67,TRADE
NSW1,9/05/2015 18:00,8702.92,41.43,TRADE
NSW1,9/05/2015 18:30,8705.76,40.93,TRADE
NSW1,9/05/2015 19:00,8574.39,38.57,TRADE
NSW1,9/05/2015 19:30,8357.35,36.02,TRADE
NSW1,9/05/2015 20:00,8175.9,37.88,TRADE
NSW1,9/05/2015 20:30,8072.44,33.45,TRADE
NSW1,9/05/2015 21:00,7942.09,33.09,TRADE
NSW1,9/05/2015 21:30,7803.4,32.55,TRADE
NSW1,9/05/2015 22:00,7666.4,33.76,TRADE
NSW1,9/05/2015 22:30,7607.18,32.83,TRADE
NSW1,9/05/2015 23:00,7475.15,31.11,TRADE
NSW1,9/05/2015 23:30,7424.77,33.36,TRADE
NSW1,10/05/2015 0:00,7324.1,31.69,TRADE
NSW1,10/05/2015 0:30,7099.34,29.48,TRADE
NSW1,10/05/2015 1:00,6821.67,27.17,TRADE
NSW1,10/05/2015 1:30,6593.68,25.47,TRADE
NSW1,10/05/2015 2:00,6443.43,25.2,TRADE
NSW1,10/05/2015 2:30,6179.55,23.19,TRADE
NSW1,10/05/2015 3:00,5983.41,21.82,TRADE
NSW1,10/05/2015 3:30,5842.43,22.88,TRADE
NSW1,10/05/2015 4:00,5732.52,23.96,TRADE
NSW1,10/05/2015 4:30,5710.09,24.22,TRADE
NSW1,10/05/2015 5:00,5726.46,24.3,TRADE
NSW1,10/05/2015 5:30,5836.94,25.0,TRADE
NSW1,10/05/2015 6:00,5947.8,25.1,TRADE
NSW1,10/05/2015 6:30,6109.72,24.87,TRADE
NSW1,10/05/2015 7:00,6318.59,25.74,TRADE
NSW1,10/05/2015 7:30,6728.94,26.9,TRADE
NSW1,10/05/2015 8:00,7111.62,33.07,TRADE
NSW1,10/05/2015 8:30,7496.71,38.87,TRADE
NSW1,10/05/2015 9:00,7644.54,37.3,TRADE
NSW1,10/05/2015 9:30,7760.12,36.65,TRADE
NSW1,10/05/2015 10:00,7705.98,35.04,TRADE
NSW1,10/05/2015 10:30,7643.11,34.88,TRADE
NSW1,10/05/2015 11:00,7543.78,34.54,TRADE
NSW1,10/05/2015 11:30,7467.5,33.31,TRADE
NSW1,10/05/2015 12:00,7473.5,29.19,TRADE
NSW1,10/05/2015 12:30,7389.42,28.2,TRADE
NSW1,10/05/2015 13:00,7276.81,28.29,TRADE
NSW1,10/05/2015 13:30,7178.04,28.03,TRADE
NSW1,10/05/2015 14:00,7136.32,27.62,TRADE
NSW1,10/05/2015 14:30,7104.28,27.54,TRADE
NSW1,10/05/2015 15:00,7136.65,27.73,TRADE
NSW1,10/05/2015 15:30,7122.47,26.1,TRADE
NSW1,10/05/2015 16:00,7361.38,28.28,TRADE
NSW1,10/05/2015 16:30,7580.66,28.14,TRADE
NSW1,10/05/2015 17:00,7789.78,30.64,TRADE
NSW1,10/05/2015 17:30,8140.95,37.33,TRADE
NSW1,10/05/2015 18:00,8603.87,39.18,TRADE
NSW1,10/05/2015 18:30,8702.92,40.2,TRADE
NSW1,10/05/2015 19:00,8620.44,39.57,TRADE
NSW1,10/05/2015 19:30,8452.25,35.88,TRADE
NSW1,10/05/2015 20:00,8286.86,38.84,TRADE
NSW1,10/05/2015 20:30,8160.78,36.54,TRADE
NSW1,10/05/2015 21:00,7986.36,34.77,TRADE
NSW1,10/05/2015 21:30,7764.84,31.04,TRADE
NSW1,10/05/2015 22:00,7596.72,28.23,TRADE
NSW1,10/05/2015 22:30,7539.63,28.89,TRADE
NSW1,10/05/2015 23:00,7317.81,28.51,TRADE
NSW1,10/05/2015 23:30,7214.52,28.55,TRADE
NSW1,11/05/2015 0:00,7038.5,27.37,TRADE
NSW1,11/05/2015 0:30,6830.29,27.19,TRADE
NSW1,11/05/2015 1:00,6696.26,25.79,TRADE
NSW1,11/05/2015 1:30,6532.32,24.06,TRADE
NSW1,11/05/2015 2:00,6401.79,22.71,TRADE
NSW1,11/05/2015 2:30,6154.23,23.18,TRADE
NSW1,11/05/2015 3:00,5950.54,22.2,TRADE
NSW1,11/05/2015 3:30,5862.43,23.96,TRADE
NSW1,11/05/2015 4:00,5837.11,23.96,TRADE
NSW1,11/05/2015 4:30,5845.95,24.22,TRADE
NSW1,11/05/2015 5:00,5995.86,23.96,TRADE
NSW1,11/05/2015 5:30,6298.06,24.83,TRADE
NSW1,11/05/2015 6:00,6627.77,26.31,TRADE
NSW1,11/05/2015 6:30,7359.18,28.65,TRADE
NSW1,11/05/2015 7:00,7961.23,37.12,TRADE
NSW1,11/05/2015 7:30,8300.02,35.67,TRADE
NSW1,11/05/2015 8:00,8533.48,37.95,TRADE
NSW1,11/05/2015 8:30,8558.4,35.86,TRADE
NSW1,11/05/2015 9:00,8457.25,33.75,TRADE
NSW1,11/05/2015 9:30,8384.19,34.03,TRADE
NSW1,11/05/2015 10:00,8371.07,34.19,TRADE
NSW1,11/05/2015 10:30,8285.55,34.35,TRADE
NSW1,11/05/2015 11:00,8226.48,34.68,TRADE
NSW1,11/05/2015 11:30,8159.06,32.85,TRADE
NSW1,11/05/2015 12:00,8113.67,31.36,TRADE
NSW1,11/05/2015 12:30,8100.41,31.34,TRADE
NSW1,11/05/2015 13:00,8060.07,31.78,TRADE
NSW1,11/05/2015 13:30,8040.74,33.48,TRADE
NSW1,11/05/2015 14:00,8010.78,33.99,TRADE
NSW1,11/05/2015 14:30,7993.85,34.12,TRADE
NSW1,11/05/2015 15:00,8039.24,33.72,TRADE
NSW1,11/05/2015 15:30,8030.6,30.96,TRADE
NSW1,11/05/2015 16:00,8228.61,31.68,TRADE
NSW1,11/05/2015 16:30,8391.21,33.48,TRADE
NSW1,11/05/2015 17:00,8651.12,35.36,TRADE
NSW1,11/05/2015 17:30,9090.08,39.47,TRADE
NSW1,11/05/2015 18:00,9646.57,50.94,TRADE
NSW1,11/05/2015 18:30,9603.74,40.73,TRADE
NSW1,11/05/2015 19:00,9492.9,40.23,TRADE
NSW1,11/05/2015 19:30,9156.72,35.88,TRADE
NSW1,11/05/2015 20:00,8941.13,39.18,TRADE
NSW1,11/05/2015 20:30,8710.57,38.45,TRADE
NSW1,11/05/2015 21:00,8545.08,35.52,TRADE
NSW1,11/05/2015 21:30,8247.67,33.46,TRADE
NSW1,11/05/2015 22:00,7991.12,30.79,TRADE
NSW1,11/05/2015 22:30,8009.02,34.35,TRADE
NSW1,11/05/2015 23:00,7758.48,29.48,TRADE
NSW1,11/05/2015 23:30,7724.74,33.21,TRADE
NSW1,12/05/2015 0:00,7645.4,32.51,TRADE
NSW1,12/05/2015 0:30,7472.69,30.33,TRADE
NSW1,12/05/2015 1:00,7293.97,27.76,TRADE
NSW1,12/05/2015 1:30,7110.32,26.69,TRADE
NSW1,12/05/2015 2:00,6882.47,24.22,TRADE
NSW1,12/05/2015 2:30,6537.34,24.4,TRADE
NSW1,12/05/2015 3:00,6340.79,24.31,TRADE
NSW1,12/05/2015 3:30,6144.97,24.49,TRADE
NSW1,12/05/2015 4:00,6108.45,24.34,TRADE
NSW1,12/05/2015 4:30,6072.79,23.56,TRADE
NSW1,12/05/2015 5:00,6177.41,24.23,TRADE
NSW1,12/05/2015 5:30,6473.06,25.01,TRADE
NSW1,12/05/2015 6:00,6860.17,24.84,TRADE
NSW1,12/05/2015 6:30,7585.12,31.08,TRADE
NSW1,12/05/2015 7:00,8212.06,39.4,TRADE
NSW1,12/05/2015 7:30,8541.23,34.73,TRADE
NSW1,12/05/2015 8:00,8792.21,36.69,TRADE
NSW1,12/05/2015 8:30,8720.96,35.93,TRADE
NSW1,12/05/2015 9:00,8573.7,34.92,TRADE
NSW1,12/05/2015 9:30,8540.66,34.36,TRADE
NSW1,12/05/2015 10:00,8445.0,31.97,TRADE
NSW1,12/05/2015 10:30,8346.3,31.03,TRADE
NSW1,12/05/2015 11:00,8239.86,32.0,TRADE
NSW1,12/05/2015 11:30,8172.18,32.16,TRADE
NSW1,12/05/2015 12:00,8127.45,33.2,TRADE
NSW1,12/05/2015 12:30,8069.65,34.45,TRADE
NSW1,12/05/2015 13:00,8108.62,34.16,TRADE
NSW1,12/05/2015 13:30,8060.95,32.07,TRADE
NSW1,12/05/2015 14:00,8040.15,32.73,TRADE
NSW1,12/05/2015 14:30,8047.23,32.39,TRADE
NSW1,12/05/2015 15:00,8073.33,32.22,TRADE
NSW1,12/05/2015 15:30,8089.74,31.44,TRADE
NSW1,12/05/2015 16:00,8253.17,32.13,TRADE
NSW1,12/05/2015 16:30,8375.69,33.15,TRADE
NSW1,12/05/2015 17:00,8635.32,31.86,TRADE
NSW1,12/05/2015 17:30,9070.23,37.35,TRADE
NSW1,12/05/2015 18:00,9626.15,42.31,TRADE
NSW1,12/05/2015 18:30,9617.85,40.56,TRADE
NSW1,12/05/2015 19:00,9430.15,39.52,TRADE
NSW1,12/05/2015 19:30,9222.56,35.12,TRADE
NSW1,12/05/2015 20:00,9037.67,36.77,TRADE
NSW1,12/05/2015 20:30,8799.63,34.91,TRADE
NSW1,12/05/2015 21:00,8639.2,33.77,TRADE
NSW1,12/05/2015 21:30,8387.24,30.94,TRADE
NSW1,12/05/2015 22:00,8134.94,27.66,TRADE
NSW1,12/05/2015 22:30,8112.73,31.19,TRADE
NSW1,12/05/2015 23:00,7901.09,30.19,TRADE
NSW1,12/05/2015 23:30,7805.55,34.93,TRADE
NSW1,13/05/2015 0:00,7783.86,34.73,TRADE
NSW1,13/05/2015 0:30,7591.35,33.35,TRADE
NSW1,13/05/2015 1:00,7435.78,31.67,TRADE
NSW1,13/05/2015 1:30,7219.81,28.0,TRADE
NSW1,13/05/2015 2:00,6956.29,27.43,TRADE
NSW1,13/05/2015 2:30,6620.9,25.36,TRADE
NSW1,13/05/2015 3:00,6388.29,25.07,TRADE
NSW1,13/05/2015 3:30,6197.46,23.97,TRADE
NSW1,13/05/2015 4:00,6122.36,23.59,TRADE
NSW1,13/05/2015 4:30,6093.1,23.96,TRADE
NSW1,13/05/2015 5:00,6264.54,25.4,TRADE
NSW1,13/05/2015 5:30,6562.07,27.74,TRADE
NSW1,13/05/2015 6:00,6918.62,27.85,TRADE
NSW1,13/05/2015 6:30,7677.05,35.76,TRADE
NSW1,13/05/2015 7:00,8291.81,44.24,TRADE
NSW1,13/05/2015 7:30,8610.26,35.81,TRADE
NSW1,13/05/2015 8:00,8898.7,37.28,TRADE
NSW1,13/05/2015 8:30,8876.18,35.04,TRADE
NSW1,13/05/2015 9:00,8668.87,34.78,TRADE
NSW1,13/05/2015 9:30,8562.59,34.48,TRADE
NSW1,13/05/2015 10:00,8537.22,35.04,TRADE
NSW1,13/05/2015 10:30,8566.35,35.01,TRADE
NSW1,13/05/2015 11:00,8446.31,34.82,TRADE
NSW1,13/05/2015 11:30,8390.34,34.95,TRADE
NSW1,13/05/2015 12:00,8326.65,35.02,TRADE
NSW1,13/05/2015 12:30,8325.89,35.01,TRADE
NSW1,13/05/2015 13:00,8274.79,35.02,TRADE
NSW1,13/05/2015 13:30,8301.5,35.03,TRADE
NSW1,13/05/2015 14:00,8357.08,35.08,TRADE
NSW1,13/05/2015 14:30,8369.79,35.05,TRADE
NSW1,13/05/2015 15:00,8389.05,35.07,TRADE
NSW1,13/05/2015 15:30,8461.72,35.4,TRADE
NSW1,13/05/2015 16:00,8768.28,36.77,TRADE
NSW1,13/05/2015 16:30,9070.07,37.74,TRADE
NSW1,13/05/2015 17:00,9523.52,40.79,TRADE
NSW1,13/05/2015 17:30,10028.75,43.31,TRADE
NSW1,13/05/2015 18:00,10627.02,52.01,TRADE
NSW1,13/05/2015 18:30,10624.58,50.58,TRADE
NSW1,13/05/2015 19:00,10543.94,45.13,TRADE
NSW1,13/05/2015 19:30,10288.72,41.07,TRADE
NSW1,13/05/2015 20:00,10038.46,42.52,TRADE
NSW1,13/05/2015 20:30,9796.73,44.67,TRADE
NSW1,13/05/2015 21:00,9552.26,38.7,TRADE
NSW1,13/05/2015 21:30,9279.22,35.08,TRADE
NSW1,13/05/2015 22:00,8939.32,34.57,TRADE
NSW1,13/05/2015 22:30,8835.99,36.13,TRADE
NSW1,13/05/2015 23:00,8501.26,34.56,TRADE
NSW1,13/05/2015 23:30,8406.3,35.08,TRADE
NSW1,14/05/2015 0:00,8211.61,35.22,TRADE
NSW1,14/05/2015 0:30,7991.88,34.83,TRADE
NSW1,14/05/2015 1:00,7779.88,34.45,TRADE
NSW1,14/05/2015 1:30,7560.86,31.52,TRADE
NSW1,14/05/2015 2:00,7297.87,27.85,TRADE
NSW1,14/05/2015 2:30,6951.42,26.22,TRADE
NSW1,14/05/2015 3:00,6715.03,25.34,TRADE
NSW1,14/05/2015 3:30,6538.93,25.69,TRADE
NSW1,14/05/2015 4:00,6435.44,24.23,TRADE
NSW1,14/05/2015 4:30,6479.52,26.66,TRADE
NSW1,14/05/2015 5:00,6564.22,26.87,TRADE
NSW1,14/05/2015 5:30,6914.53,31.33,TRADE
NSW1,14/05/2015 6:00,7370.11,33.07,TRADE
NSW1,14/05/2015 6:30,8192.52,99.63,TRADE
NSW1,14/05/2015 7:00,8975.95,159.2,TRADE
NSW1,14/05/2015 7:30,9444.81,47.04,TRADE
NSW1,14/05/2015 8:00,9692.36,54.52,TRADE
NSW1,14/05/2015 8:30,9599.52,46.59,TRADE
NSW1,14/05/2015 9:00,9350.08,41.71,TRADE
NSW1,14/05/2015 9:30,9119.77,37.15,TRADE
NSW1,14/05/2015 10:00,8906.98,36.07,TRADE
NSW1,14/05/2015 10:30,8829.41,35.74,TRADE
NSW1,14/05/2015 11:00,8698.34,33.55,TRADE
NSW1,14/05/2015 11:30,8518.31,34.64,TRADE
NSW1,14/05/2015 12:00,8390.65,34.92,TRADE
NSW1,14/05/2015 12:30,8234.14,34.95,TRADE
NSW1,14/05/2015 13:00,8206.13,35.06,TRADE
NSW1,14/05/2015 13:30,8218.91,35.03,TRADE
NSW1,14/05/2015 14:00,8208.07,35.03,TRADE
NSW1,14/05/2015 14:30,8261.17,35.02,TRADE
NSW1,14/05/2015 15:00,8307.4,35.01,TRADE
NSW1,14/05/2015 15:30,8305.38,35.26,TRADE
NSW1,14/05/2015 16:00,8545.72,35.96,TRADE
NSW1,14/05/2015 16:30,8748.52,37.05,TRADE
NSW1,14/05/2015 17:00,9129.66,40.17,TRADE
NSW1,14/05/2015 17:30,9802.46,43.63,TRADE
NSW1,14/05/2015 18:00,10471.99,93.07,TRADE
NSW1,14/05/2015 18:30,10517.3,57.47,TRADE
NSW1,14/05/2015 19:00,10509.61,56.97,TRADE
NSW1,14/05/2015 19:30,10294.85,55.03,TRADE
NSW1,14/05/2015 20:00,10106.61,59.59,TRADE
NSW1,14/05/2015 20:30,9934.54,56.36,TRADE
NSW1,14/05/2015 21:00,9763.42,53.01,TRADE
NSW1,14/05/2015 21:30,9435.55,41.85,TRADE
NSW1,14/05/2015 22:00,9087.51,37.08,TRADE
NSW1,14/05/2015 22:30,9040.53,41.86,TRADE
NSW1,14/05/2015 23:00,8640.59,38.36,TRADE
NSW1,14/05/2015 23:30,8521.94,37.06,TRADE
NSW1,15/05/2015 0:00,8381.43,35.81,TRADE
NSW1,15/05/2015 0:30,8174.69,35.98,TRADE
NSW1,15/05/2015 1:00,7966.51,39.74,TRADE
NSW1,15/05/2015 1:30,7777.33,34.39,TRADE
NSW1,15/05/2015 2:00,7560.06,34.37,TRADE
NSW1,15/05/2015 2:30,7164.97,30.47,TRADE
NSW1,15/05/2015 3:00,6918.1,28.39,TRADE
NSW1,15/05/2015 3:30,6678.28,28.75,TRADE
NSW1,15/05/2015 4:00,6576.09,28.14,TRADE
NSW1,15/05/2015 4:30,6544.65,28.25,TRADE
NSW1,15/05/2015 5:00,6631.39,29.28,TRADE
NSW1,15/05/2015 5:30,6961.9,34.88,TRADE
NSW1,15/05/2015 6:00,7369.97,33.68,TRADE
NSW1,15/05/2015 6:30,8147.18,39.4,TRADE
NSW1,15/05/2015 7:00,8843.82,44.77,TRADE
NSW1,15/05/2015 7:30,9221.28,43.83,TRADE
NSW1,15/05/2015 8:00,9464.54,47.44,TRADE
NSW1,15/05/2015 8:30,9402.29,44.37,TRADE
NSW1,15/05/2015 9:00,9217.27,39.88,TRADE
NSW1,15/05/2015 9:30,9103.71,37.11,TRADE
NSW1,15/05/2015 10:00,8935.31,35.72,TRADE
NSW1,15/05/2015 10:30,8781.5,35.88,TRADE
NSW1,15/05/2015 11:00,8667.37,36.0,TRADE
NSW1,15/05/2015 11:30,8531.38,35.63,TRADE
NSW1,15/05/2015 12:00,8376.77,35.94,TRADE
NSW1,15/05/2015 12:30,8310.11,35.93,TRADE
NSW1,15/05/2015 13:00,8285.47,36.04,TRADE
NSW1,15/05/2015 13:30,8279.27,35.99,TRADE
NSW1,15/05/2015 14:00,8259.11,35.99,TRADE
NSW1,15/05/2015 14:30,8259.44,35.99,TRADE
NSW1,15/05/2015 15:00,8257.28,36.07,TRADE
NSW1,15/05/2015 15:30,8273.94,36.17,TRADE
NSW1,15/05/2015 16:00,8405.4,37.87,TRADE
NSW1,15/05/2015 16:30,8546.12,37.72,TRADE
NSW1,15/05/2015 17:00,8933.97,39.37,TRADE
NSW1,15/05/2015 17:30,9388.18,42.28,TRADE
NSW1,15/05/2015 18:00,9822.28,43.72,TRADE
NSW1,15/05/2015 18:30,9760.55,41.63,TRADE
NSW1,15/05/2015 19:00,9563.8,40.95,TRADE
NSW1,15/05/2015 19:30,9322.29,37.23,TRADE
NSW1,15/05/2015 20:00,9096.07,40.98,TRADE
NSW1,15/05/2015 20:30,8988.78,40.83,TRADE
NSW1,15/05/2015 21:00,8794.61,36.33,TRADE
NSW1,15/05/2015 21:30,8611.07,35.57,TRADE
NSW1,15/05/2015 22:00,8422.05,35.7,TRADE
NSW1,15/05/2015 22:30,8454.26,39.82,TRADE
NSW1,15/05/2015 23:00,8259.74,35.52,TRADE
NSW1,15/05/2015 23:30,8265.01,35.91,TRADE
NSW1,16/05/2015 0:00,8129.44,36.02,TRADE
NSW1,16/05/2015 0:30,7947.31,36.3,TRADE
NSW1,16/05/2015 1:00,7723.82,35.96,TRADE
NSW1,16/05/2015 1:30,7503.66,34.82,TRADE
NSW1,16/05/2015 2:00,7236.6,32.48,TRADE
NSW1,16/05/2015 2:30,6912.14,30.84,TRADE
NSW1,16/05/2015 3:00,6628.64,30.85,TRADE
NSW1,16/05/2015 3:30,6396.35,30.38,TRADE
NSW1,16/05/2015 4:00,6259.05,29.22,TRADE
NSW1,16/05/2015 4:30,6209.55,29.14,TRADE
NSW1,16/05/2015 5:00,6252.45,29.39,TRADE
NSW1,16/05/2015 5:30,6353.26,31.36,TRADE
NSW1,16/05/2015 6:00,6482.09,29.8,TRADE
NSW1,16/05/2015 6:30,6779.81,31.18,TRADE
NSW1,16/05/2015 7:00,7090.43,41.68,TRADE
NSW1,16/05/2015 7:30,7409.14,36.88,TRADE
NSW1,16/05/2015 8:00,7787.86,41.98,TRADE
NSW1,16/05/2015 8:30,8035.11,41.98,TRADE
NSW1,16/05/2015 9:00,8156.83,42.0,TRADE
NSW1,16/05/2015 9:30,8214.59,42.36,TRADE
NSW1,16/05/2015 10:00,8116.21,41.65,TRADE
NSW1,16/05/2015 10:30,8079.71,39.81,TRADE
NSW1,16/05/2015 11:00,7904.51,36.15,TRADE
NSW1,16/05/2015 11:30,7771.48,35.53,TRADE
NSW1,16/05/2015 12:00,7674.05,35.34,TRADE
NSW1,16/05/2015 12:30,7602.58,35.18,TRADE
NSW1,16/05/2015 13:00,7517.44,34.64,TRADE
NSW1,16/05/2015 13:30,7497.68,35.47,TRADE
NSW1,16/05/2015 14:00,7422.96,35.83,TRADE
NSW1,16/05/2015 14:30,7406.98,36.39,TRADE
NSW1,16/05/2015 15:00,7416.09,36.02,TRADE
NSW1,16/05/2015 15:30,7478.38,36.0,TRADE
NSW1,16/05/2015 16:00,7651.14,40.79,TRADE
NSW1,16/05/2015 16:30,7855.23,41.34,TRADE
NSW1,16/05/2015 17:00,8142.13,42.19,TRADE
NSW1,16/05/2015 17:30,8573.67,43.79,TRADE
NSW1,16/05/2015 18:00,9059.4,51.69,TRADE
NSW1,16/05/2015 18:30,9048.79,50.49,TRADE
NSW1,16/05/2015 19:00,8927.2,42.29,TRADE
NSW1,16/05/2015 19:30,8649.94,41.53,TRADE
NSW1,16/05/2015 20:00,8479.19,41.46,TRADE
NSW1,16/05/2015 20:30,8353.88,40.64,TRADE
NSW1,16/05/2015 21:00,8226.88,35.26,TRADE
NSW1,16/05/2015 21:30,8070.63,35.45,TRADE
NSW1,16/05/2015 22:00,7946.26,35.08,TRADE
NSW1,16/05/2015 22:30,7871.34,35.33,TRADE
NSW1,16/05/2015 23:00,7715.78,35.02,TRADE
NSW1,16/05/2015 23:30,7650.0,35.04,TRADE
NSW1,17/05/2015 0:00,7561.39,35.39,TRADE
NSW1,17/05/2015 0:30,7350.21,35.13,TRADE
NSW1,17/05/2015 1:00,7196.8,35.36,TRADE
NSW1,17/05/2015 1:30,6944.31,34.25,TRADE
NSW1,17/05/2015 2:00,6755.73,32.84,TRADE
NSW1,17/05/2015 2:30,6448.91,28.57,TRADE
NSW1,17/05/2015 3:00,6257.79,26.89,TRADE
NSW1,17/05/2015 3:30,6097.73,26.0,TRADE
NSW1,17/05/2015 4:00,6048.36,25.48,TRADE
NSW1,17/05/2015 4:30,6010.63,24.22,TRADE
NSW1,17/05/2015 5:00,6070.44,26.17,TRADE
NSW1,17/05/2015 5:30,6097.15,24.75,TRADE
NSW1,17/05/2015 6:00,6222.38,23.96,TRADE
NSW1,17/05/2015 6:30,6464.96,23.96,TRADE
NSW1,17/05/2015 7:00,6660.2,25.36,TRADE
NSW1,17/05/2015 7:30,6948.76,25.85,TRADE
NSW1,17/05/2015 8:00,7333.2,30.22,TRADE
NSW1,17/05/2015 8:30,7621.2,32.51,TRADE
NSW1,17/05/2015 9:00,7811.85,31.69,TRADE
NSW1,17/05/2015 9:30,7919.1,30.61,TRADE
NSW1,17/05/2015 10:00,7903.78,35.6,TRADE
NSW1,17/05/2015 10:30,7880.11,33.74,TRADE
NSW1,17/05/2015 11:00,7711.7,29.15,TRADE
NSW1,17/05/2015 11:30,7584.92,28.01,TRADE
NSW1,17/05/2015 12:00,7487.7,26.89,TRADE
NSW1,17/05/2015 12:30,7417.41,25.15,TRADE
NSW1,17/05/2015 13:00,7412.02,27.55,TRADE
NSW1,17/05/2015 13:30,7381.94,27.96,TRADE
NSW1,17/05/2015 14:00,7302.76,27.99,TRADE
NSW1,17/05/2015 14:30,7338.83,27.44,TRADE
NSW1,17/05/2015 15:00,7402.1,28.3,TRADE
NSW1,17/05/2015 15:30,7454.62,29.38,TRADE
NSW1,17/05/2015 16:00,7635.42,31.89,TRADE
NSW1,17/05/2015 16:30,7849.43,34.01,TRADE
NSW1,17/05/2015 17:00,8192.74,39.53,TRADE
NSW1,17/05/2015 17:30,8667.44,41.77,TRADE
NSW1,17/05/2015 18:00,9192.91,47.35,TRADE
NSW1,17/05/2015 18:30,9278.38,47.71,TRADE
NSW1,17/05/2015 19:00,9195.64,42.12,TRADE
NSW1,17/05/2015 19:30,8969.66,41.03,TRADE
NSW1,17/05/2015 20:00,8790.28,37.9,TRADE
NSW1,17/05/2015 20:30,8629.31,38.59,TRADE
NSW1,17/05/2015 21:00,8451.85,36.19,TRADE
NSW1,17/05/2015 21:30,8270.69,35.53,TRADE
NSW1,17/05/2015 22:00,8043.96,35.06,TRADE
NSW1,17/05/2015 22:30,7962.82,35.64,TRADE
NSW1,17/05/2015 23:00,7696.28,35.45,TRADE
NSW1,17/05/2015 23:30,7626.18,35.45,TRADE
NSW1,18/05/2015 0:00,7466.05,35.08,TRADE
NSW1,18/05/2015 0:30,7255.56,34.7,TRADE
NSW1,18/05/2015 1:00,7079.73,33.65,TRADE
NSW1,18/05/2015 1:30,6878.04,28.62,TRADE
NSW1,18/05/2015 2:00,6704.96,26.75,TRADE
NSW1,18/05/2015 2:30,6430.88,25.01,TRADE
NSW1,18/05/2015 3:00,6261.45,25.15,TRADE
NSW1,18/05/2015 3:30,6140.85,24.22,TRADE
NSW1,18/05/2015 4:00,6066.1,22.92,TRADE
NSW1,18/05/2015 4:30,6181.36,25.74,TRADE
NSW1,18/05/2015 5:00,6320.32,26.74,TRADE
NSW1,18/05/2015 5:30,6621.08,29.88,TRADE
NSW1,18/05/2015 6:00,7010.47,29.51,TRADE
NSW1,18/05/2015 6:30,7798.27,31.92,TRADE
NSW1,18/05/2015 7:00,8467.03,42.32,TRADE
NSW1,18/05/2015 7:30,8934.38,49.63,TRADE
NSW1,18/05/2015 8:00,9206.89,67.03,TRADE
NSW1,18/05/2015 8:30,9318.89,49.41,TRADE
NSW1,18/05/2015 9:00,9198.79,48.12,TRADE
NSW1,18/05/2015 9:30,9148.4,47.2,TRADE
NSW1,18/05/2015 10:00,9053.39,43.65,TRADE
NSW1,18/05/2015 10:30,9022.6,43.71,TRADE
NSW1,18/05/2015 11:00,8973.26,42.28,TRADE
NSW1,18/05/2015 11:30,8785.0,42.9,TRADE
NSW1,18/05/2015 12:00,8663.02,41.11,TRADE
NSW1,18/05/2015 12:30,8579.79,40.22,TRADE
NSW1,18/05/2015 13:00,8542.83,40.08,TRADE
NSW1,18/05/2015 13:30,8529.59,42.18,TRADE
NSW1,18/05/2015 14:00,8495.67,43.2,TRADE
NSW1,18/05/2015 14:30,8487.33,43.16,TRADE
NSW1,18/05/2015 15:00,8451.22,41.1,TRADE
NSW1,18/05/2015 15:30,8478.67,35.7,TRADE
NSW1,18/05/2015 16:00,8645.34,36.44,TRADE
NSW1,18/05/2015 16:30,8874.72,40.17,TRADE
NSW1,18/05/2015 17:00,9137.44,56.29,TRADE
NSW1,18/05/2015 17:30,9681.88,62.86,TRADE
NSW1,18/05/2015 18:00,10185.62,66.91,TRADE
NSW1,18/05/2015 18:30,10113.34,53.16,TRADE
NSW1,18/05/2015 19:00,9923.85,41.16,TRADE
NSW1,18/05/2015 19:30,9693.17,37.96,TRADE
NSW1,18/05/2015 20:00,9361.12,40.1,TRADE
NSW1,18/05/2015 20:30,9271.94,40.46,TRADE
NSW1,18/05/2015 21:00,9048.28,37.72,TRADE
NSW1,18/05/2015 21:30,8797.43,36.13,TRADE
NSW1,18/05/2015 22:00,8519.61,34.63,TRADE
NSW1,18/05/2015 22:30,8508.17,36.62,TRADE
NSW1,18/05/2015 23:00,8169.64,34.69,TRADE
NSW1,18/05/2015 23:30,8100.16,35.56,TRADE
NSW1,19/05/2015 0:00,7977.33,34.94,TRADE
NSW1,19/05/2015 0:30,7787.35,33.68,TRADE
NSW1,19/05/2015 1:00,7581.72,31.69,TRADE
NSW1,19/05/2015 1:30,7337.86,27.83,TRADE
NSW1,19/05/2015 2:00,7136.67,28.71,TRADE
NSW1,19/05/2015 2:30,6771.31,24.4,TRADE
NSW1,19/05/2015 3:00,6537.44,24.8,TRADE
NSW1,19/05/2015 3:30,6324.32,22.74,TRADE
NSW1,19/05/2015 4:00,6230.05,19.42,TRADE
NSW1,19/05/2015 4:30,6244.54,20.44,TRADE
NSW1,19/05/2015 5:00,6314.3,25.22,TRADE
NSW1,19/05/2015 5:30,6678.92,28.0,TRADE
NSW1,19/05/2015 6:00,7017.38,26.68,TRADE
NSW1,19/05/2015 6:30,7631.84,27.62,TRADE
NSW1,19/05/2015 7:00,8299.16,37.35,TRADE
NSW1,19/05/2015 7:30,8652.44,38.32,TRADE
NSW1,19/05/2015 8:00,9045.27,41.87,TRADE
NSW1,19/05/2015 8:30,9101.9,42.18,TRADE
NSW1,19/05/2015 9:00,8997.67,41.23,TRADE
NSW1,19/05/2015 9:30,8993.86,40.69,TRADE
NSW1,19/05/2015 10:00,9030.99,39.69,TRADE
NSW1,19/05/2015 10:30,8996.64,40.22,TRADE
NSW1,19/05/2015 11:00,8990.02,43.69,TRADE
NSW1,19/05/2015 11:30,8845.39,40.49,TRADE
NSW1,19/05/2015 12:00,8836.48,41.81,TRADE
NSW1,19/05/2015 12:30,8703.28,36.3,TRADE
NSW1,19/05/2015 13:00,8719.81,35.98,TRADE
NSW1,19/05/2015 13:30,8601.97,36.68,TRADE
NSW1,19/05/2015 14:00,8555.43,35.98,TRADE
NSW1,19/05/2015 14:30,8616.6,35.92,TRADE
NSW1,19/05/2015 15:00,8559.96,35.94,TRADE
NSW1,19/05/2015 15:30,8546.43,35.25,TRADE
NSW1,19/05/2015 16:00,8749.23,35.66,TRADE
NSW1,19/05/2015 16:30,8962.35,36.35,TRADE
NSW1,19/05/2015 17:00,9245.75,38.18,TRADE
NSW1,19/05/2015 17:30,9651.17,40.53,TRADE
NSW1,19/05/2015 18:00,9912.22,43.45,TRADE
NSW1,19/05/2015 18:30,9780.55,41.83,TRADE
NSW1,19/05/2015 19:00,9630.44,37.89,TRADE
NSW1,19/05/2015 19:30,9343.07,35.35,TRADE
NSW1,19/05/2015 20:00,9165.29,36.81,TRADE
NSW1,19/05/2015 20:30,8963.16,36.08,TRADE
NSW1,19/05/2015 21:00,8692.89,34.98,TRADE
NSW1,19/05/2015 21:30,8430.07,33.18,TRADE
NSW1,19/05/2015 22:00,8108.48,27.26,TRADE
NSW1,19/05/2015 22:30,8082.5,30.51,TRADE
NSW1,19/05/2015 23:00,7864.7,30.12,TRADE
NSW1,19/05/2015 23:30,7834.89,30.98,TRADE
NSW1,20/05/2015 0:00,7798.24,33.6,TRADE
NSW1,20/05/2015 0:30,7586.56,30.62,TRADE
NSW1,20/05/2015 1:00,7422.86,29.01,TRADE
NSW1,20/05/2015 1:30,7201.59,26.88,TRADE
NSW1,20/05/2015 2:00,6951.11,25.53,TRADE
NSW1,20/05/2015 2:30,6598.93,23.33,TRADE
NSW1,20/05/2015 3:00,6333.63,23.62,TRADE
NSW1,20/05/2015 3:30,6121.28,23.72,TRADE
NSW1,20/05/2015 4:00,6070.16,23.7,TRADE
NSW1,20/05/2015 4:30,6060.17,23.96,TRADE
NSW1,20/05/2015 5:00,6149.1,24.22,TRADE
NSW1,20/05/2015 5:30,6484.22,27.41,TRADE
NSW1,20/05/2015 6:00,6797.07,27.39,TRADE
NSW1,20/05/2015 6:30,7501.59,33.21,TRADE
NSW1,20/05/2015 7:00,8140.93,38.17,TRADE
NSW1,20/05/2015 7:30,8486.09,37.04,TRADE
NSW1,20/05/2015 8:00,8783.99,37.8,TRADE
NSW1,20/05/2015 8:30,8818.06,36.25,TRADE
NSW1,20/05/2015 9:00,8688.95,35.82,TRADE
NSW1,20/05/2015 9:30,8636.78,35.5,TRADE
NSW1,20/05/2015 10:00,8601.28,34.83,TRADE
NSW1,20/05/2015 10:30,8505.11,30.99,TRADE
NSW1,20/05/2015 11:00,8423.49,29.47,TRADE
NSW1,20/05/2015 11:30,8304.81,29.54,TRADE
NSW1,20/05/2015 12:00,8276.1,31.8,TRADE
NSW1,20/05/2015 12:30,8288.95,31.97,TRADE
NSW1,20/05/2015 13:00,8266.85,31.14,TRADE
NSW1,20/05/2015 13:30,8161.58,31.79,TRADE
NSW1,20/05/2015 14:00,8217.44,34.8,TRADE
NSW1,20/05/2015 14:30,8240.95,35.44,TRADE
NSW1,20/05/2015 15:00,8237.67,34.06,TRADE
NSW1,20/05/2015 15:30,8302.53,31.77,TRADE
NSW1,20/05/2015 16:00,8427.91,33.32,TRADE
NSW1,20/05/2015 16:30,8550.33,34.81,TRADE
NSW1,20/05/2015 17:00,8814.04,35.57,TRADE
NSW1,20/05/2015 17:30,9235.63,40.7,TRADE
NSW1,20/05/2015 18:00,9555.85,44.06,TRADE
NSW1,20/05/2015 18:30,9423.78,41.08,TRADE
NSW1,20/05/2015 19:00,9274.8,39.41,TRADE
NSW1,20/05/2015 19:30,8981.3,35.12,TRADE
NSW1,20/05/2015 20:00,8779.32,37.9,TRADE
NSW1,20/05/2015 20:30,8613.18,38.06,TRADE
NSW1,20/05/2015 21:00,8408.01,35.26,TRADE
NSW1,20/05/2015 21:30,8260.94,35.44,TRADE
NSW1,20/05/2015 22:00,8072.19,34.76,TRADE
NSW1,20/05/2015 22:30,8063.45,38.07,TRADE
NSW1,20/05/2015 23:00,7851.32,34.88,TRADE
NSW1,20/05/2015 23:30,7815.02,33.81,TRADE
NSW1,21/05/2015 0:00,7768.95,35.0,TRADE
NSW1,21/05/2015 0:30,7613.76,34.46,TRADE
NSW1,21/05/2015 1:00,7428.37,33.77,TRADE
NSW1,21/05/2015 1:30,7230.88,32.24,TRADE
NSW1,21/05/2015 2:00,7001.1,29.05,TRADE
NSW1,21/05/2015 2:30,6663.08,24.67,TRADE
NSW1,21/05/2015 3:00,6473.01,27.79,TRADE
NSW1,21/05/2015 3:30,6294.98,26.15,TRADE
NSW1,21/05/2015 4:00,6216.69,27.3,TRADE
NSW1,21/05/2015 4:30,6218.11,27.77,TRADE
NSW1,21/05/2015 5:00,6306.57,28.63,TRADE
NSW1,21/05/2015 5:30,6618.24,32.41,TRADE
NSW1,21/05/2015 6:00,6978.19,31.23,TRADE
NSW1,21/05/2015 6:30,7642.28,32.74,TRADE
NSW1,21/05/2015 7:00,8251.46,37.69,TRADE
NSW1,21/05/2015 7:30,8553.72,35.96,TRADE
NSW1,21/05/2015 8:00,8749.59,35.65,TRADE
NSW1,21/05/2015 8:30,8757.34,35.52,TRADE
NSW1,21/05/2015 9:00,8609.78,33.36,TRADE
NSW1,21/05/2015 9:30,8613.03,33.62,TRADE
NSW1,21/05/2015 10:00,8577.37,36.15,TRADE
NSW1,21/05/2015 10:30,8575.46,34.66,TRADE
NSW1,21/05/2015 11:00,8554.04,30.91,TRADE
NSW1,21/05/2015 11:30,8387.4,29.49,TRADE
NSW1,21/05/2015 12:00,8372.65,31.05,TRADE
NSW1,21/05/2015 12:30,8355.58,33.85,TRADE
NSW1,21/05/2015 13:00,8351.84,35.77,TRADE
NSW1,21/05/2015 13:30,8361.78,36.42,TRADE
NSW1,21/05/2015 14:00,8361.24,36.09,TRADE
NSW1,21/05/2015 14:30,8397.82,36.11,TRADE
NSW1,21/05/2015 15:00,8355.6,35.96,TRADE
NSW1,21/05/2015 15:30,8330.62,35.96,TRADE
NSW1,21/05/2015 16:00,8490.11,36.41,TRADE
NSW1,21/05/2015 16:30,8609.84,35.53,TRADE
NSW1,21/05/2015 17:00,8909.29,36.82,TRADE
NSW1,21/05/2015 17:30,9375.9,41.29,TRADE
NSW1,21/05/2015 18:00,9758.05,42.91,TRADE
NSW1,21/05/2015 18:30,9691.76,41.26,TRADE
NSW1,21/05/2015 19:00,9583.71,38.38,TRADE
NSW1,21/05/2015 19:30,9360.75,35.02,TRADE
NSW1,21/05/2015 20:00,9132.34,39.9,TRADE
NSW1,21/05/2015 20:30,9010.72,37.3,TRADE
NSW1,21/05/2015 21:00,8857.22,35.99,TRADE
NSW1,21/05/2015 21:30,8588.94,35.16,TRADE
NSW1,21/05/2015 22:00,8306.75,33.39,TRADE
NSW1,21/05/2015 22:30,8296.17,35.62,TRADE
NSW1,21/05/2015 23:00,8092.06,33.42,TRADE
NSW1,21/05/2015 23:30,7999.23,34.61,TRADE
NSW1,22/05/2015 0:00,7862.99,36.35,TRADE
NSW1,22/05/2015 0:30,7691.5,35.92,TRADE
NSW1,22/05/2015 1:00,7510.05,35.54,TRADE
NSW1,22/05/2015 1:30,7336.53,32.92,TRADE
NSW1,22/05/2015 2:00,7126.53,31.46,TRADE
NSW1,22/05/2015 2:30,6744.8,26.26,TRADE
NSW1,22/05/2015 3:00,6480.32,25.38,TRADE
NSW1,22/05/2015 3:30,6283.03,25.17,TRADE
NSW1,22/05/2015 4:00,6183.74,25.23,TRADE
NSW1,22/05/2015 4:30,6137.1,23.18,TRADE
NSW1,22/05/2015 5:00,6266.37,25.55,TRADE
NSW1,22/05/2015 5:30,6593.05,26.99,TRADE
NSW1,22/05/2015 6:00,6975.87,28.71,TRADE
NSW1,22/05/2015 6:30,7653.4,28.72,TRADE
NSW1,22/05/2015 7:00,8325.64,35.45,TRADE
NSW1,22/05/2015 7:30,8723.27,38.5,TRADE
NSW1,22/05/2015 8:00,9048.43,38.05,TRADE
NSW1,22/05/2015 8:30,9134.23,35.97,TRADE
NSW1,22/05/2015 9:00,9072.77,35.98,TRADE
NSW1,22/05/2015 9:30,9112.59,36.31,TRADE
NSW1,22/05/2015 10:00,9174.31,35.87,TRADE
NSW1,22/05/2015 10:30,9249.49,39.74,TRADE
NSW1,22/05/2015 11:00,9246.45,44.3,TRADE
NSW1,22/05/2015 11:30,9174.8,40.62,TRADE
NSW1,22/05/2015 12:00,9182.79,43.63,TRADE
NSW1,22/05/2015 12:30,9093.17,41.63,TRADE
NSW1,22/05/2015 13:00,8949.91,37.86,TRADE
NSW1,22/05/2015 13:30,8856.8,35.9,TRADE
NSW1,22/05/2015 14:00,8740.67,35.81,TRADE
NSW1,22/05/2015 14:30,8706.98,36.23,TRADE
NSW1,22/05/2015 15:00,8636.68,35.97,TRADE
NSW1,22/05/2015 15:30,8653.06,36.25,TRADE
NSW1,22/05/2015 16:00,8831.69,36.06,TRADE
NSW1,22/05/2015 16:30,9053.61,35.62,TRADE
NSW1,22/05/2015 17:00,9396.58,35.92,TRADE
NSW1,22/05/2015 17:30,9796.04,38.0,TRADE
NSW1,22/05/2015 18:00,10168.37,44.95,TRADE
NSW1,22/05/2015 18:30,10071.68,43.3,TRADE
NSW1,22/05/2015 19:00,9904.79,40.42,TRADE
NSW1,22/05/2015 19:30,9629.55,35.56,TRADE
NSW1,22/05/2015 20:00,9391.33,37.48,TRADE
NSW1,22/05/2015 20:30,9206.96,37.15,TRADE
NSW1,22/05/2015 21:00,9044.53,36.11,TRADE
NSW1,22/05/2015 21:30,8806.68,35.84,TRADE
NSW1,22/05/2015 22:00,8590.8,34.78,TRADE
NSW1,22/05/2015 22:30,8578.15,40.06,TRADE
NSW1,22/05/2015 23:00,8379.82,35.9,TRADE
NSW1,22/05/2015 23:30,8404.53,35.69,TRADE
NSW1,23/05/2015 0:00,8271.69,35.28,TRADE
NSW1,23/05/2015 0:30,8073.04,35.66,TRADE
NSW1,23/05/2015 1:00,7851.13,35.07,TRADE
NSW1,23/05/2015 1:30,7590.03,31.13,TRADE
NSW1,23/05/2015 2:00,7303.04,32.4,TRADE
NSW1,23/05/2015 2:30,6974.91,25.25,TRADE
NSW1,23/05/2015 3:00,6684.37,25.51,TRADE
NSW1,23/05/2015 3:30,6411.35,25.49,TRADE
NSW1,23/05/2015 4:00,6279.61,25.48,TRADE
NSW1,23/05/2015 4:30,6250.89,25.96,TRADE
NSW1,23/05/2015 5:00,6247.62,27.56,TRADE
NSW1,23/05/2015 5:30,6377.47,28.16,TRADE
NSW1,23/05/2015 6:00,6524.46,27.94,TRADE
NSW1,23/05/2015 6:30,6869.09,26.24,TRADE
NSW1,23/05/2015 7:00,7166.7,30.32,TRADE
NSW1,23/05/2015 7:30,7533.3,30.9,TRADE
NSW1,23/05/2015 8:00,7963.48,36.49,TRADE
NSW1,23/05/2015 8:30,8287.25,36.66,TRADE
NSW1,23/05/2015 9:00,8449.3,36.1,TRADE
NSW1,23/05/2015 9:30,8515.1,35.88,TRADE
NSW1,23/05/2015 10:00,8359.2,35.8,TRADE
NSW1,23/05/2015 10:30,8269.57,37.02,TRADE
NSW1,23/05/2015 11:00,8104.7,35.98,TRADE
NSW1,23/05/2015 11:30,7911.98,35.38,TRADE
NSW1,23/05/2015 12:00,7766.57,33.74,TRADE
NSW1,23/05/2015 12:30,7685.98,36.32,TRADE
NSW1,23/05/2015 13:00,7588.21,30.58,TRADE
NSW1,23/05/2015 13:30,7523.78,28.31,TRADE
NSW1,23/05/2015 14:00,7467.94,27.85,TRADE
NSW1,23/05/2015 14:30,7454.07,28.16,TRADE
NSW1,23/05/2015 15:00,7481.01,29.98,TRADE
NSW1,23/05/2015 15:30,7615.94,34.37,TRADE
NSW1,23/05/2015 16:00,7754.08,36.41,TRADE
NSW1,23/05/2015 16:30,7944.82,36.42,TRADE
NSW1,23/05/2015 17:00,8390.13,40.6,TRADE
NSW1,23/05/2015 17:30,8972.44,49.17,TRADE
NSW1,23/05/2015 18:00,9447.19,63.5,TRADE
NSW1,23/05/2015 18:30,9443.24,48.12,TRADE
NSW1,23/05/2015 19:00,9282.07,41.45,TRADE
NSW1,23/05/2015 19:30,9095.76,40.34,TRADE
NSW1,23/05/2015 20:00,8893.07,39.99,TRADE
NSW1,23/05/2015 20:30,8780.19,41.56,TRADE
NSW1,23/05/2015 21:00,8667.14,39.94,TRADE
NSW1,23/05/2015 21:30,8479.21,35.96,TRADE
NSW1,23/05/2015 22:00,8322.82,34.8,TRADE
NSW1,23/05/2015 22:30,8329.8,35.02,TRADE
NSW1,23/05/2015 23:00,8168.66,35.16,TRADE
NSW1,23/05/2015 23:30,8143.72,36.12,TRADE
NSW1,24/05/2015 0:00,7951.82,36.45,TRADE
NSW1,24/05/2015 0:30,7709.39,35.3,TRADE
NSW1,24/05/2015 1:00,7470.02,35.73,TRADE
NSW1,24/05/2015 1:30,7227.99,32.91,TRADE
NSW1,24/05/2015 2:00,7014.89,34.63,TRADE
NSW1,24/05/2015 2:30,6723.05,30.33,TRADE
NSW1,24/05/2015 3:00,6498.75,25.92,TRADE
NSW1,24/05/2015 3:30,6346.53,26.37,TRADE
NSW1,24/05/2015 4:00,6260.2,24.52,TRADE
NSW1,24/05/2015 4:30,6263.55,25.4,TRADE
NSW1,24/05/2015 5:00,6282.59,26.27,TRADE
NSW1,24/05/2015 5:30,6370.1,28.66,TRADE
NSW1,24/05/2015 6:00,6490.64,27.26,TRADE
NSW1,24/05/2015 6:30,6722.59,24.81,TRADE
NSW1,24/05/2015 7:00,6932.71,26.33,TRADE
NSW1,24/05/2015 7:30,7291.6,29.76,TRADE
NSW1,24/05/2015 8:00,7692.6,37.6,TRADE
NSW1,24/05/2015 8:30,8047.81,41.34,TRADE
NSW1,24/05/2015 9:00,8229.5,45.71,TRADE
NSW1,24/05/2015 9:30,8336.54,39.67,TRADE
NSW1,24/05/2015 10:00,8333.66,36.23,TRADE
NSW1,24/05/2015 10:30,8181.34,36.63,TRADE
NSW1,24/05/2015 11:00,8075.8,35.93,TRADE
NSW1,24/05/2015 11:30,7876.18,33.29,TRADE
NSW1,24/05/2015 12:00,7666.66,28.83,TRADE
NSW1,24/05/2015 12:30,7554.96,29.58,TRADE
NSW1,24/05/2015 13:00,7466.28,29.22,TRADE
NSW1,24/05/2015 13:30,7387.0,29.65,TRADE
NSW1,24/05/2015 14:00,7341.09,30.46,TRADE
NSW1,24/05/2015 14:30,7354.41,30.47,TRADE
NSW1,24/05/2015 15:00,7409.09,33.6,TRADE
NSW1,24/05/2015 15:30,7524.15,35.73,TRADE
NSW1,24/05/2015 16:00,7804.91,37.8,TRADE
NSW1,24/05/2015 16:30,8099.63,34.89,TRADE
NSW1,24/05/2015 17:00,8615.57,37.98,TRADE
NSW1,24/05/2015 17:30,9332.17,41.66,TRADE
NSW1,24/05/2015 18:00,9828.45,58.8,TRADE
NSW1,24/05/2015 18:30,9862.62,43.29,TRADE
NSW1,24/05/2015 19:00,9695.81,39.68,TRADE
NSW1,24/05/2015 19:30,9577.85,40.54,TRADE
NSW1,24/05/2015 20:00,9343.97,41.62,TRADE
NSW1,24/05/2015 20:30,9213.2,42.03,TRADE
NSW1,24/05/2015 21:00,9014.56,41.0,TRADE
NSW1,24/05/2015 21:30,8797.27,36.27,TRADE
NSW1,24/05/2015 22:00,8516.24,35.76,TRADE
NSW1,24/05/2015 22:30,8348.52,35.44,TRADE
NSW1,24/05/2015 23:00,8092.59,33.67,TRADE
NSW1,24/05/2015 23:30,7998.58,34.37,TRADE
NSW1,25/05/2015 0:00,7841.08,30.83,TRADE
NSW1,25/05/2015 0:30,7557.36,28.79,TRADE
NSW1,25/05/2015 1:00,7328.13,29.81,TRADE
NSW1,25/05/2015 1:30,7177.97,27.99,TRADE
NSW1,25/05/2015 2:00,6978.03,27.69,TRADE
NSW1,25/05/2015 2:30,6746.25,26.81,TRADE
NSW1,25/05/2015 3:00,6532.11,24.43,TRADE
NSW1,25/05/2015 3:30,6435.02,24.35,TRADE
NSW1,25/05/2015 4:00,6382.84,20.81,TRADE
NSW1,25/05/2015 4:30,6423.14,22.42,TRADE
NSW1,25/05/2015 5:00,6544.9,25.47,TRADE
NSW1,25/05/2015 5:30,6880.73,28.87,TRADE
NSW1,25/05/2015 6:00,7363.81,32.94,TRADE
NSW1,25/05/2015 6:30,8133.22,36.18,TRADE
NSW1,25/05/2015 7:00,8932.37,35.8,TRADE
NSW1,25/05/2015 7:30,9433.94,40.96,TRADE
NSW1,25/05/2015 8:00,9721.11,44.75,TRADE
NSW1,25/05/2015 8:30,9816.74,37.77,TRADE
NSW1,25/05/2015 9:00,9672.68,35.99,TRADE
NSW1,25/05/2015 9:30,9516.93,35.44,TRADE
NSW1,25/05/2015 10:00,9429.01,35.81,TRADE
NSW1,25/05/2015 10:30,9274.54,35.99,TRADE
NSW1,25/05/2015 11:00,9171.71,35.48,TRADE
NSW1,25/05/2015 11:30,8961.3,32.55,TRADE
NSW1,25/05/2015 12:00,8844.3,32.85,TRADE
NSW1,25/05/2015 12:30,8835.31,33.48,TRADE
NSW1,25/05/2015 13:00,8791.66,33.66,TRADE
NSW1,25/05/2015 13:30,8655.83,31.66,TRADE
NSW1,25/05/2015 14:00,8639.32,33.5,TRADE
NSW1,25/05/2015 14:30,8684.44,35.92,TRADE
NSW1,25/05/2015 15:00,8576.4,34.78,TRADE
NSW1,25/05/2015 15:30,8621.67,35.99,TRADE
NSW1,25/05/2015 16:00,8786.45,37.37,TRADE
NSW1,25/05/2015 16:30,9131.2,40.81,TRADE
NSW1,25/05/2015 17:00,9612.64,88.45,TRADE
NSW1,25/05/2015 17:30,10293.32,165.51,TRADE
NSW1,25/05/2015 18:00,10759.5,252.51,TRADE
NSW1,25/05/2015 18:30,10759.81,80.01,TRADE
NSW1,25/05/2015 19:00,10651.48,97.17,TRADE
NSW1,25/05/2015 19:30,10413.41,74.15,TRADE
NSW1,25/05/2015 20:00,10202.23,108.13,TRADE
NSW1,25/05/2015 20:30,9959.19,140.48,TRADE
NSW1,25/05/2015 21:00,9716.25,50.5,TRADE
NSW1,25/05/2015 21:30,9418.0,46.33,TRADE
NSW1,25/05/2015 22:00,9197.05,47.96,TRADE
NSW1,25/05/2015 22:30,9128.65,63.07,TRADE
NSW1,25/05/2015 23:00,8780.07,42.36,TRADE
NSW1,25/05/2015 23:30,8659.96,39.43,TRADE
NSW1,26/05/2015 0:00,8539.98,37.63,TRADE
NSW1,26/05/2015 0:30,8244.43,35.71,TRADE
NSW1,26/05/2015 1:00,8093.95,35.96,TRADE
NSW1,26/05/2015 1:30,7888.33,34.86,TRADE
NSW1,26/05/2015 2:00,7665.81,35.82,TRADE
NSW1,26/05/2015 2:30,7324.17,33.41,TRADE
NSW1,26/05/2015 3:00,7058.8,29.02,TRADE
NSW1,26/05/2015 3:30,6897.46,28.24,TRADE
NSW1,26/05/2015 4:00,6732.35,26.79,TRADE
NSW1,26/05/2015 4:30,6689.04,26.51,TRADE
NSW1,26/05/2015 5:00,6793.46,28.33,TRADE
NSW1,26/05/2015 5:30,7172.97,36.34,TRADE
NSW1,26/05/2015 6:00,7641.52,42.82,TRADE
NSW1,26/05/2015 6:30,8455.75,53.19,TRADE
NSW1,26/05/2015 7:00,9239.56,172.09,TRADE
NSW1,26/05/2015 7:30,9725.63,86.06,TRADE
NSW1,26/05/2015 8:00,10069.78,113.27,TRADE
NSW1,26/05/2015 8:30,10010.02,44.02,TRADE
NSW1,26/05/2015 9:00,9777.98,38.61,TRADE
NSW1,26/05/2015 9:30,9609.26,37.69,TRADE
NSW1,26/05/2015 10:00,9370.77,36.02,TRADE
NSW1,26/05/2015 10:30,9225.48,36.37,TRADE
NSW1,26/05/2015 11:00,9070.73,78.11,TRADE
NSW1,26/05/2015 11:30,8907.35,35.83,TRADE
NSW1,26/05/2015 12:00,8804.77,36.01,TRADE
NSW1,26/05/2015 12:30,8726.47,36.01,TRADE
NSW1,26/05/2015 13:00,8672.08,36.03,TRADE
NSW1,26/05/2015 13:30,8652.87,37.14,TRADE
NSW1,26/05/2015 14:00,8647.0,36.6,TRADE
NSW1,26/05/2015 14:30,8653.86,36.02,TRADE
NSW1,26/05/2015 15:00,8731.76,34.93,TRADE
NSW1,26/05/2015 15:30,8756.69,33.84,TRADE
NSW1,26/05/2015 16:00,8951.3,40.09,TRADE
NSW1,26/05/2015 16:30,9251.91,40.54,TRADE
NSW1,26/05/2015 17:00,9626.07,52.22,TRADE
NSW1,26/05/2015 17:30,10310.04,42.45,TRADE
NSW1,26/05/2015 18:00,10778.44,43.68,TRADE
NSW1,26/05/2015 18:30,10788.09,42.58,TRADE
NSW1,26/05/2015 19:00,10674.17,39.12,TRADE
NSW1,26/05/2015 19:30,10405.78,36.27,TRADE
NSW1,26/05/2015 20:00,10205.96,44.47,TRADE
NSW1,26/05/2015 20:30,9996.3,40.42,TRADE
NSW1,26/05/2015 21:00,9706.42,37.46,TRADE
NSW1,26/05/2015 21:30,9409.81,38.44,TRADE
NSW1,26/05/2015 22:00,9193.85,34.78,TRADE
NSW1,26/05/2015 22:30,9048.83,36.17,TRADE
NSW1,26/05/2015 23:00,8730.27,33.34,TRADE
NSW1,26/05/2015 23:30,8544.84,33.4,TRADE
NSW1,27/05/2015 0:00,8464.35,36.56,TRADE
NSW1,27/05/2015 0:30,8201.41,35.86,TRADE
NSW1,27/05/2015 1:00,8016.81,36.01,TRADE
NSW1,27/05/2015 1:30,7743.8,35.58,TRADE
NSW1,27/05/2015 2:00,7471.91,35.01,TRADE
NSW1,27/05/2015 2:30,7117.77,30.16,TRADE
NSW1,27/05/2015 3:00,6872.37,27.63,TRADE
NSW1,27/05/2015 3:30,6641.48,25.9,TRADE
NSW1,27/05/2015 4:00,6514.34,25.46,TRADE
NSW1,27/05/2015 4:30,6509.57,25.47,TRADE
NSW1,27/05/2015 5:00,6630.6,26.21,TRADE
NSW1,27/05/2015 5:30,6968.35,28.09,TRADE
NSW1,27/05/2015 6:00,7387.36,30.7,TRADE
NSW1,27/05/2015 6:30,8146.18,35.33,TRADE
NSW1,27/05/2015 7:00,8824.82,41.29,TRADE
NSW1,27/05/2015 7:30,9244.73,40.64,TRADE
NSW1,27/05/2015 8:00,9526.69,41.99,TRADE
NSW1,27/05/2015 8:30,9469.87,38.78,TRADE
NSW1,27/05/2015 9:00,9258.29,36.0,TRADE
NSW1,27/05/2015 9:30,9165.75,36.03,TRADE
NSW1,27/05/2015 10:00,9065.88,36.72,TRADE
NSW1,27/05/2015 10:30,8906.63,34.93,TRADE
NSW1,27/05/2015 11:00,8812.52,33.7,TRADE
NSW1,27/05/2015 11:30,8570.37,31.09,TRADE
NSW1,27/05/2015 12:00,8486.44,33.67,TRADE
NSW1,27/05/2015 12:30,8388.56,31.58,TRADE
NSW1,27/05/2015 13:00,8338.1,29.0,TRADE
NSW1,27/05/2015 13:30,8363.64,31.65,TRADE
NSW1,27/05/2015 14:00,8325.52,31.12,TRADE
NSW1,27/05/2015 14:30,8320.57,29.35,TRADE
NSW1,27/05/2015 15:00,8370.2,28.76,TRADE
NSW1,27/05/2015 15:30,8431.08,32.12,TRADE
NSW1,27/05/2015 16:00,8605.09,35.26,TRADE
NSW1,27/05/2015 16:30,8812.92,36.02,TRADE
NSW1,27/05/2015 17:00,9228.38,37.9,TRADE
NSW1,27/05/2015 17:30,9816.03,39.96,TRADE
NSW1,27/05/2015 18:00,10280.13,44.97,TRADE
NSW1,27/05/2015 18:30,10252.7,40.7,TRADE
NSW1,27/05/2015 19:00,10157.07,40.54,TRADE
NSW1,27/05/2015 19:30,9926.51,36.87,TRADE
NSW1,27/05/2015 20:00,9756.26,36.77,TRADE
NSW1,27/05/2015 20:30,9538.78,36.06,TRADE
NSW1,27/05/2015 21:00,9272.79,35.95,TRADE
NSW1,27/05/2015 21:30,9057.33,35.98,TRADE
NSW1,27/05/2015 22:00,8766.31,36.01,TRADE
NSW1,27/05/2015 22:30,8768.79,42.96,TRADE
NSW1,27/05/2015 23:00,8471.97,35.29,TRADE
NSW1,27/05/2015 23:30,8309.56,35.45,TRADE
NSW1,28/05/2015 0:00,8196.37,36.72,TRADE
NSW1,28/05/2015 0:30,7961.12,35.08,TRADE
NSW1,28/05/2015 1:00,7756.22,35.0,TRADE
NSW1,28/05/2015 1:30,7531.55,32.06,TRADE
NSW1,28/05/2015 2:00,7325.65,35.96,TRADE
NSW1,28/05/2015 2:30,6940.88,28.68,TRADE
NSW1,28/05/2015 3:00,6730.21,27.59,TRADE
NSW1,28/05/2015 3:30,6498.1,25.85,TRADE
NSW1,28/05/2015 4:00,6368.37,25.46,TRADE
NSW1,28/05/2015 4:30,6367.82,26.75,TRADE
NSW1,28/05/2015 5:00,6439.49,27.86,TRADE
NSW1,28/05/2015 5:30,6773.16,35.12,TRADE
NSW1,28/05/2015 6:00,7198.01,29.46,TRADE
NSW1,28/05/2015 6:30,7976.61,35.55,TRADE
NSW1,28/05/2015 7:00,8729.63,41.66,TRADE
NSW1,28/05/2015 7:30,9140.05,41.3,TRADE
NSW1,28/05/2015 8:00,9417.72,41.63,TRADE
NSW1,28/05/2015 8:30,9381.33,37.43,TRADE
NSW1,28/05/2015 9:00,9162.23,35.5,TRADE
NSW1,28/05/2015 9:30,9017.11,35.55,TRADE
NSW1,28/05/2015 10:00,8909.7,35.81,TRADE
NSW1,28/05/2015 10:30,8856.23,35.93,TRADE
NSW1,28/05/2015 11:00,8771.22,32.97,TRADE
NSW1,28/05/2015 11:30,8681.3,32.58,TRADE
NSW1,28/05/2015 12:00,8583.91,30.76,TRADE
NSW1,28/05/2015 12:30,8486.78,29.17,TRADE
NSW1,28/05/2015 13:00,8440.49,31.22,TRADE
NSW1,28/05/2015 13:30,8486.46,30.92,TRADE
NSW1,28/05/2015 14:00,8485.82,33.33,TRADE
NSW1,28/05/2015 14:30,8506.07,31.84,TRADE
NSW1,28/05/2015 15:00,8511.33,34.99,TRADE
NSW1,28/05/2015 15:30,8470.91,34.77,TRADE
NSW1,28/05/2015 16:00,8586.28,35.47,TRADE
NSW1,28/05/2015 16:30,8734.13,37.47,TRADE
NSW1,28/05/2015 17:00,9027.44,36.88,TRADE
NSW1,28/05/2015 17:30,9631.09,41.9,TRADE
NSW1,28/05/2015 18:00,10068.78,41.5,TRADE
NSW1,28/05/2015 18:30,10007.66,37.34,TRADE
NSW1,28/05/2015 19:00,9917.11,36.06,TRADE
NSW1,28/05/2015 19:30,9664.16,36.11,TRADE
NSW1,28/05/2015 20:00,9491.24,35.95,TRADE
NSW1,28/05/2015 20:30,9289.25,35.69,TRADE
NSW1,28/05/2015 21:00,9056.89,35.09,TRADE
NSW1,28/05/2015 21:30,8729.38,33.57,TRADE
NSW1,28/05/2015 22:00,8425.85,31.23,TRADE
NSW1,28/05/2015 22:30,8414.32,36.95,TRADE
NSW1,28/05/2015 23:00,8146.2,32.88,TRADE
NSW1,28/05/2015 23:30,8058.23,32.8,TRADE
NSW1,29/05/2015 0:00,7952.41,33.63,TRADE
NSW1,29/05/2015 0:30,7739.19,36.23,TRADE
NSW1,29/05/2015 1:00,7565.76,34.07,TRADE
NSW1,29/05/2015 1:30,7379.0,32.88,TRADE
NSW1,29/05/2015 2:00,7134.86,32.82,TRADE
NSW1,29/05/2015 2:30,6772.69,29.28,TRADE
NSW1,29/05/2015 3:00,6512.31,27.44,TRADE
NSW1,29/05/2015 3:30,6338.12,26.21,TRADE
NSW1,29/05/2015 4:00,6192.92,25.23,TRADE
NSW1,29/05/2015 4:30,6154.37,25.45,TRADE
NSW1,29/05/2015 5:00,6291.3,26.38,TRADE
NSW1,29/05/2015 5:30,6569.51,30.08,TRADE
NSW1,29/05/2015 6:00,6932.94,30.63,TRADE
NSW1,29/05/2015 6:30,7614.37,33.35,TRADE
NSW1,29/05/2015 7:00,8300.4,37.29,TRADE
NSW1,29/05/2015 7:30,8637.83,36.59,TRADE
NSW1,29/05/2015 8:00,8969.26,36.64,TRADE
NSW1,29/05/2015 8:30,9076.01,40.26,TRADE
NSW1,29/05/2015 9:00,8985.61,36.98,TRADE
NSW1,29/05/2015 9:30,8954.68,36.0,TRADE
NSW1,29/05/2015 10:00,8937.77,36.07,TRADE
NSW1,29/05/2015 10:30,8893.65,36.01,TRADE
NSW1,29/05/2015 11:00,8847.01,35.99,TRADE
NSW1,29/05/2015 11:30,8723.07,35.31,TRADE
NSW1,29/05/2015 12:00,8644.71,34.97,TRADE
NSW1,29/05/2015 12:30,8587.18,32.73,TRADE
NSW1,29/05/2015 13:00,8487.4,31.87,TRADE
NSW1,29/05/2015 13:30,8416.21,31.8,TRADE
NSW1,29/05/2015 14:00,8356.45,31.74,TRADE
NSW1,29/05/2015 14:30,8362.63,32.65,TRADE
NSW1,29/05/2015 15:00,8353.02,33.42,TRADE
NSW1,29/05/2015 15:30,8345.67,33.08,TRADE
NSW1,29/05/2015 16:00,8473.54,35.96,TRADE
NSW1,29/05/2015 16:30,8585.68,36.2,TRADE
NSW1,29/05/2015 17:00,8877.36,36.73,TRADE
NSW1,29/05/2015 17:30,9402.17,38.28,TRADE
NSW1,29/05/2015 18:00,9758.49,43.51,TRADE
NSW1,29/05/2015 18:30,9658.23,40.85,TRADE
NSW1,29/05/2015 19:00,9527.76,37.38,TRADE
NSW1,29/05/2015 19:30,9368.04,36.01,TRADE
NSW1,29/05/2015 20:00,9117.71,36.01,TRADE
NSW1,29/05/2015 20:30,9020.72,37.01,TRADE
NSW1,29/05/2015 21:00,8830.27,35.92,TRADE
NSW1,29/05/2015 21:30,8719.81,36.22,TRADE
NSW1,29/05/2015 22:00,8544.44,35.69,TRADE
NSW1,29/05/2015 22:30,8579.2,40.21,TRADE
NSW1,29/05/2015 23:00,8354.29,36.32,TRADE
NSW1,29/05/2015 23:30,8310.78,36.22,TRADE
NSW1,30/05/2015 0:00,8182.91,36.51,TRADE
NSW1,30/05/2015 0:30,8030.26,36.33,TRADE
NSW1,30/05/2015 1:00,7815.65,36.24,TRADE
NSW1,30/05/2015 1:30,7556.08,37.17,TRADE
NSW1,30/05/2015 2:00,7278.53,35.55,TRADE
NSW1,30/05/2015 2:30,6907.68,31.17,TRADE
NSW1,30/05/2015 3:00,6601.08,28.58,TRADE
NSW1,30/05/2015 3:30,6390.97,25.18,TRADE
NSW1,30/05/2015 4:00,6260.32,25.43,TRADE
NSW1,30/05/2015 4:30,6231.26,25.44,TRADE
NSW1,30/05/2015 5:00,6256.17,25.46,TRADE
NSW1,30/05/2015 5:30,6336.36,25.91,TRADE
NSW1,30/05/2015 6:00,6460.29,24.22,TRADE
NSW1,30/05/2015 6:30,6775.37,25.47,TRADE
NSW1,30/05/2015 7:00,7084.61,28.49,TRADE
NSW1,30/05/2015 7:30,7440.19,30.4,TRADE
NSW1,30/05/2015 8:00,7849.13,33.48,TRADE
NSW1,30/05/2015 8:30,8247.25,34.93,TRADE
NSW1,30/05/2015 9:00,8362.1,35.98,TRADE
NSW1,30/05/2015 9:30,8526.18,36.0,TRADE
NSW1,30/05/2015 10:00,8454.3,35.96,TRADE
NSW1,30/05/2015 10:30,8305.06,35.03,TRADE
NSW1,30/05/2015 11:00,8111.31,31.05,TRADE
NSW1,30/05/2015 11:30,7910.03,31.66,TRADE
NSW1,30/05/2015 12:00,7860.79,31.08,TRADE
NSW1,30/05/2015 12:30,7802.73,29.36,TRADE
NSW1,30/05/2015 13:00,7752.23,28.02,TRADE
NSW1,30/05/2015 13:30,7692.65,28.63,TRADE
NSW1,30/05/2015 14:00,7625.84,27.27,TRADE
NSW1,30/05/2015 14:30,7668.96,27.77,TRADE
NSW1,30/05/2015 15:00,7753.1,32.52,TRADE
NSW1,30/05/2015 15:30,7915.02,32.41,TRADE
NSW1,30/05/2015 16:00,8084.53,33.54,TRADE
NSW1,30/05/2015 16:30,8338.35,35.44,TRADE
NSW1,30/05/2015 17:00,8732.64,36.4,TRADE
NSW1,30/05/2015 17:30,9183.45,37.06,TRADE
NSW1,30/05/2015 18:00,9378.07,36.85,TRADE
NSW1,30/05/2015 18:30,9310.79,36.03,TRADE
NSW1,30/05/2015 19:00,9129.98,35.98,TRADE
NSW1,30/05/2015 19:30,8868.08,35.25,TRADE
NSW1,30/05/2015 20:00,8635.19,33.86,TRADE
NSW1,30/05/2015 20:30,8525.19,35.01,TRADE
NSW1,30/05/2015 21:00,8334.67,34.9,TRADE
NSW1,30/05/2015 21:30,8219.59,33.98,TRADE
NSW1,30/05/2015 22:00,8049.55,31.77,TRADE
NSW1,30/05/2015 22:30,8042.41,32.81,TRADE
NSW1,30/05/2015 23:00,7950.92,31.76,TRADE
NSW1,30/05/2015 23:30,7798.83,30.92,TRADE
NSW1,31/05/2015 0:00,7572.83,31.11,TRADE
NSW1,31/05/2015 0:30,7326.38,32.01,TRADE
NSW1,31/05/2015 1:00,7100.03,31.97,TRADE
NSW1,31/05/2015 1:30,6836.58,30.41,TRADE
NSW1,31/05/2015 2:00,6625.78,29.72,TRADE
NSW1,31/05/2015 2:30,6334.81,25.88,TRADE
NSW1,31/05/2015 3:00,6134.36,25.09,TRADE
NSW1,31/05/2015 3:30,5998.82,24.89,TRADE
NSW1,31/05/2015 4:00,5931.75,22.27,TRADE
NSW1,31/05/2015 4:30,5852.76,23.41,TRADE
NSW1,31/05/2015 5:00,5880.31,23.17,TRADE
NSW1,31/05/2015 5:30,5950.74,24.35,TRADE
NSW1,31/05/2015 6:00,6009.3,19.72,TRADE
NSW1,31/05/2015 6:30,6212.52,18.96,TRADE
NSW1,31/05/2015 7:00,6427.35,24.86,TRADE
NSW1,31/05/2015 7:30,6751.91,25.46,TRADE
NSW1,31/05/2015 8:00,7146.29,29.67,TRADE
NSW1,31/05/2015 8:30,7626.89,32.76,TRADE
NSW1,31/05/2015 9:00,8041.66,33.85,TRADE
NSW1,31/05/2015 9:30,8278.59,34.94,TRADE
NSW1,31/05/2015 10:00,8398.26,34.37,TRADE
NSW1,31/05/2015 10:30,8403.88,34.55,TRADE
NSW1,31/05/2015 11:00,8313.13,33.45,TRADE
NSW1,31/05/2015 11:30,8251.73,33.85,TRADE
NSW1,31/05/2015 12:00,8142.53,32.66,TRADE
NSW1,31/05/2015 12:30,8118.73,34.56,TRADE
NSW1,31/05/2015 13:00,8088.02,32.29,TRADE
NSW1,31/05/2015 13:30,8049.19,31.77,TRADE
NSW1,31/05/2015 14:00,8046.54,32.81,TRADE
NSW1,31/05/2015 14:30,8097.12,34.9,TRADE
NSW1,31/05/2015 15:00,8204.35,35.95,TRADE
NSW1,31/05/2015 15:30,8319.83,36.62,TRADE
NSW1,31/05/2015 16:00,8527.92,36.86,TRADE
NSW1,31/05/2015 16:30,8933.31,37.38,TRADE
NSW1,31/05/2015 17:00,9208.15,36.01,TRADE
NSW1,31/05/2015 17:30,9560.07,40.96,TRADE
NSW1,31/05/2015 18:00,9897.35,41.86,TRADE
NSW1,31/05/2015 18:30,9899.19,41.8,TRADE
NSW1,31/05/2015 19:00,9766.57,37.35,TRADE
NSW1,31/05/2015 19:30,9608.06,37.02,TRADE
NSW1,31/05/2015 20:00,9366.09,36.03,TRADE
NSW1,31/05/2015 20:30,9229.14,35.98,TRADE
NSW1,31/05/2015 21:00,9021.44,35.82,TRADE
NSW1,31/05/2015 21:30,8725.64,34.96,TRADE
NSW1,31/05/2015 22:00,8466.82,31.41,TRADE
NSW1,31/05/2015 22:30,8286.04,32.82,TRADE
NSW1,31/05/2015 23:00,7936.52,29.82,TRADE
NSW1,31/05/2015 23:30,7781.13,29.1,TRADE
NSW1,1/06/2015 0:00,7583.92,29.15,TRADE
NSW1,1/06/2015 0:30,7319.65,29.65,TRADE
NSW1,1/06/2015 1:00,7152.13,30.52,TRADE
NSW1,1/06/2015 1:30,6921.01,26.16,TRADE
NSW1,1/06/2015 2:00,6731.63,25.6,TRADE
NSW1,1/06/2015 2:30,6461.75,22.52,TRADE
NSW1,1/06/2015 3:00,6302.66,20.78,TRADE
NSW1,1/06/2015 3:30,6197.72,17.97,TRADE
NSW1,1/06/2015 4:00,6181.71,19.73,TRADE
NSW1,1/06/2015 4:30,6193.82,16.64,TRADE
NSW1,1/06/2015 5:00,6282.79,24.37,TRADE
NSW1,1/06/2015 5:30,6696.15,25.46,TRADE
NSW1,1/06/2015 6:00,7177.84,26.29,TRADE
NSW1,1/06/2015 6:30,7998.48,27.4,TRADE
NSW1,1/06/2015 7:00,8761.44,33.96,TRADE
NSW1,1/06/2015 7:30,9357.89,37.47,TRADE
NSW1,1/06/2015 8:00,9780.4,39.96,TRADE
NSW1,1/06/2015 8:30,9881.75,42.4,TRADE
NSW1,1/06/2015 9:00,9618.0,37.57,TRADE
NSW1,1/06/2015 9:30,9481.23,39.22,TRADE
NSW1,1/06/2015 10:00,9375.05,41.16,TRADE
NSW1,1/06/2015 10:30,9255.04,38.97,TRADE
NSW1,1/06/2015 11:00,9128.57,39.25,TRADE
NSW1,1/06/2015 11:30,8955.87,36.02,TRADE
NSW1,1/06/2015 12:00,8827.63,35.99,TRADE
NSW1,1/06/2015 12:30,8723.31,35.93,TRADE
NSW1,1/06/2015 13:00,8672.19,35.94,TRADE
NSW1,1/06/2015 13:30,8627.87,35.95,TRADE
NSW1,1/06/2015 14:00,8596.52,35.92,TRADE
NSW1,1/06/2015 14:30,8604.56,35.98,TRADE
NSW1,1/06/2015 15:00,8685.34,36.02,TRADE
NSW1,1/06/2015 15:30,8756.84,38.45,TRADE
NSW1,1/06/2015 16:00,8993.96,39.71,TRADE
NSW1,1/06/2015 16:30,9348.31,41.79,TRADE
NSW1,1/06/2015 17:00,9908.45,47.91,TRADE
NSW1,1/06/2015 17:30,10761.28,54.99,TRADE
NSW1,1/06/2015 18:00,11413.59,92.77,TRADE
NSW1,1/06/2015 18:30,11462.1,90.57,TRADE
NSW1,1/06/2015 19:00,11390.35,73.56,TRADE
NSW1,1/06/2015 19:30,11167.12,52.15,TRADE
NSW1,1/06/2015 20:00,10912.28,58.58,TRADE
NSW1,1/06/2015 20:30,10692.84,53.9,TRADE
NSW1,1/06/2015 21:00,10435.09,40.08,TRADE
NSW1,1/06/2015 21:30,10085.1,40.4,TRADE
NSW1,1/06/2015 22:00,9693.86,39.19,TRADE
NSW1,1/06/2015 22:30,9492.37,43.29,TRADE
NSW1,1/06/2015 23:00,9120.36,38.05,TRADE
NSW1,1/06/2015 23:30,8917.89,37.83,TRADE
NSW1,2/06/2015 0:00,8735.57,40.99,TRADE
NSW1,2/06/2015 0:30,8537.64,36.6,TRADE
NSW1,2/06/2015 1:00,8386.89,35.99,TRADE
NSW1,2/06/2015 1:30,8111.84,35.92,TRADE
NSW1,2/06/2015 2:00,7894.42,36.52,TRADE
NSW1,2/06/2015 2:30,7510.59,35.3,TRADE
NSW1,2/06/2015 3:00,7217.87,34.84,TRADE
NSW1,2/06/2015 3:30,7041.16,35.61,TRADE
NSW1,2/06/2015 4:00,6977.23,35.95,TRADE
NSW1,2/06/2015 4:30,6925.23,35.8,TRADE
NSW1,2/06/2015 5:00,7052.61,36.87,TRADE
NSW1,2/06/2015 5:30,7467.11,41.04,TRADE
NSW1,2/06/2015 6:00,7945.75,39.62,TRADE
NSW1,2/06/2015 6:30,8844.9,54.98,TRADE
NSW1,2/06/2015 7:00,9694.32,195.43,TRADE
NSW1,2/06/2015 7:30,10296.67,123.36,TRADE
NSW1,2/06/2015 8:00,10634.99,95.58,TRADE
NSW1,2/06/2015 8:30,10593.69,89.48,TRADE
NSW1,2/06/2015 9:00,10300.81,48.1,TRADE
NSW1,2/06/2015 9:30,10128.02,44.58,TRADE
NSW1,2/06/2015 10:00,9928.57,49.0,TRADE
NSW1,2/06/2015 10:30,9708.63,47.24,TRADE
NSW1,2/06/2015 11:00,9549.15,79.83,TRADE
NSW1,2/06/2015 11:30,9290.63,43.03,TRADE
NSW1,2/06/2015 12:00,9124.7,43.46,TRADE
NSW1,2/06/2015 12:30,9041.96,44.68,TRADE
NSW1,2/06/2015 13:00,8966.32,40.58,TRADE
NSW1,2/06/2015 13:30,8883.58,41.43,TRADE
NSW1,2/06/2015 14:00,8847.94,41.34,TRADE
NSW1,2/06/2015 14:30,8836.19,41.9,TRADE
NSW1,2/06/2015 15:00,8820.95,41.01,TRADE
NSW1,2/06/2015 15:30,8914.82,44.16,TRADE
NSW1,2/06/2015 16:00,9118.85,50.61,TRADE
NSW1,2/06/2015 16:30,9575.72,59.5,TRADE
NSW1,2/06/2015 17:00,10186.15,72.5,TRADE
NSW1,2/06/2015 17:30,10987.73,86.99,TRADE
NSW1,2/06/2015 18:00,11617.88,128.19,TRADE
NSW1,2/06/2015 18:30,11625.47,99.6,TRADE
NSW1,2/06/2015 19:00,11596.46,86.92,TRADE
NSW1,2/06/2015 19:30,11369.49,58.13,TRADE
NSW1,2/06/2015 20:00,11143.39,82.19,TRADE
NSW1,2/06/2015 20:30,10948.21,116.2,TRADE
NSW1,2/06/2015 21:00,10656.8,56.98,TRADE
NSW1,2/06/2015 21:30,10423.19,62.96,TRADE
NSW1,2/06/2015 22:00,9996.01,45.55,TRADE
NSW1,2/06/2015 22:30,9775.24,49.24,TRADE
NSW1,2/06/2015 23:00,9292.55,39.99,TRADE
NSW1,2/06/2015 23:30,9108.95,40.24,TRADE
NSW1,3/06/2015 0:00,8931.01,41.45,TRADE
NSW1,3/06/2015 0:30,8687.79,42.6,TRADE
NSW1,3/06/2015 1:00,8427.77,39.79,TRADE
NSW1,3/06/2015 1:30,8223.39,41.03,TRADE
NSW1,3/06/2015 2:00,7996.96,39.26,TRADE
NSW1,3/06/2015 2:30,7595.12,37.25,TRADE
NSW1,3/06/2015 3:00,7318.5,35.91,TRADE
NSW1,3/06/2015 3:30,7121.82,34.88,TRADE
NSW1,3/06/2015 4:00,7005.78,35.07,TRADE
NSW1,3/06/2015 4:30,7038.46,35.97,TRADE
NSW1,3/06/2015 5:00,7126.69,37.72,TRADE
NSW1,3/06/2015 5:30,7488.69,38.71,TRADE
NSW1,3/06/2015 6:00,8005.33,34.54,TRADE
NSW1,3/06/2015 6:30,8906.82,83.07,TRADE
NSW1,3/06/2015 7:00,9764.29,212.35,TRADE
NSW1,3/06/2015 7:30,10323.83,78.91,TRADE
NSW1,3/06/2015 8:00,10740.44,112.23,TRADE
NSW1,3/06/2015 8:30,10681.42,66.47,TRADE
NSW1,3/06/2015 9:00,10391.07,46.29,TRADE
NSW1,3/06/2015 9:30,10222.27,49.67,TRADE
NSW1,3/06/2015 10:00,9951.4,44.43,TRADE
NSW1,3/06/2015 10:30,9684.09,42.88,TRADE
NSW1,3/06/2015 11:00,9512.41,44.25,TRADE
NSW1,3/06/2015 11:30,9252.57,44.53,TRADE
NSW1,3/06/2015 12:00,9078.06,42.69,TRADE
NSW1,3/06/2015 12:30,8967.49,41.71,TRADE
NSW1,3/06/2015 13:00,8881.12,41.33,TRADE
NSW1,3/06/2015 13:30,8888.59,40.78,TRADE
NSW1,3/06/2015 14:00,8864.08,41.05,TRADE
NSW1,3/06/2015 14:30,8877.65,43.99,TRADE
NSW1,3/06/2015 15:00,8882.43,44.13,TRADE
NSW1,3/06/2015 15:30,8928.91,42.18,TRADE
NSW1,3/06/2015 16:00,9160.97,46.88,TRADE
NSW1,3/06/2015 16:30,9488.5,54.13,TRADE
NSW1,3/06/2015 17:00,10089.46,53.58,TRADE
NSW1,3/06/2015 17:30,10818.69,85.62,TRADE
NSW1,3/06/2015 18:00,11359.55,94.91,TRADE
NSW1,3/06/2015 18:30,11410.1,61.26,TRADE
NSW1,3/06/2015 19:00,11344.64,55.76,TRADE
NSW1,3/06/2015 19:30,11124.38,54.17,TRADE
NSW1,3/06/2015 20:00,10940.59,73.92,TRADE
NSW1,3/06/2015 20:30,10746.61,69.0,TRADE
NSW1,3/06/2015 21:00,10506.14,54.46,TRADE
NSW1,3/06/2015 21:30,10225.37,50.26,TRADE
NSW1,3/06/2015 22:00,9875.73,39.55,TRADE
NSW1,3/06/2015 22:30,9660.63,37.94,TRADE
NSW1,3/06/2015 23:00,9215.27,33.53,TRADE
NSW1,3/06/2015 23:30,9026.78,31.76,TRADE
NSW1,4/06/2015 0:00,8856.2,31.51,TRADE
NSW1,4/06/2015 0:30,8602.07,31.32,TRADE
NSW1,4/06/2015 1:00,8374.8,31.78,TRADE
NSW1,4/06/2015 1:30,8173.61,31.39,TRADE
NSW1,4/06/2015 2:00,7915.99,30.62,TRADE
NSW1,4/06/2015 2:30,7590.44,27.23,TRADE
NSW1,4/06/2015 3:00,7302.91,27.95,TRADE
NSW1,4/06/2015 3:30,7100.74,26.52,TRADE
NSW1,4/06/2015 4:00,6953.18,26.3,TRADE
NSW1,4/06/2015 4:30,6975.49,29.96,TRADE
NSW1,4/06/2015 5:00,7107.58,30.36,TRADE
NSW1,4/06/2015 5:30,7478.35,29.96,TRADE
NSW1,4/06/2015 6:00,7949.25,29.14,TRADE
NSW1,4/06/2015 6:30,8834.48,32.6,TRADE
NSW1,4/06/2015 7:00,9744.97,48.77,TRADE
NSW1,4/06/2015 7:30,10282.74,43.4,TRADE
NSW1,4/06/2015 8:00,10662.86,45.75,TRADE
NSW1,4/06/2015 8:30,10653.55,48.88,TRADE
NSW1,4/06/2015 9:00,10387.91,39.62,TRADE
NSW1,4/06/2015 9:30,10201.31,36.06,TRADE
NSW1,4/06/2015 10:00,9946.6,35.75,TRADE
NSW1,4/06/2015 10:30,9676.8,35.96,TRADE
NSW1,4/06/2015 11:00,9483.95,36.0,TRADE
NSW1,4/06/2015 11:30,9226.16,35.78,TRADE
NSW1,4/06/2015 12:00,8980.49,33.2,TRADE
NSW1,4/06/2015 12:30,8845.51,31.42,TRADE
NSW1,4/06/2015 13:00,8768.02,31.84,TRADE
NSW1,4/06/2015 13:30,8667.82,32.03,TRADE
NSW1,4/06/2015 14:00,8624.0,34.26,TRADE
NSW1,4/06/2015 14:30,8600.87,34.44,TRADE
NSW1,4/06/2015 15:00,8654.2,35.87,TRADE
NSW1,4/06/2015 15:30,8665.32,35.97,TRADE
NSW1,4/06/2015 16:00,8916.64,36.09,TRADE
NSW1,4/06/2015 16:30,9253.15,37.93,TRADE
NSW1,4/06/2015 17:00,9782.95,38.78,TRADE
NSW1,4/06/2015 17:30,10560.47,40.75,TRADE
NSW1,4/06/2015 18:00,11195.53,43.07,TRADE
NSW1,4/06/2015 18:30,11258.43,39.87,TRADE
NSW1,4/06/2015 19:00,11226.42,37.78,TRADE
NSW1,4/06/2015 19:30,11021.6,36.76,TRADE
NSW1,4/06/2015 20:00,10819.54,36.31,TRADE
NSW1,4/06/2015 20:30,10715.95,39.73,TRADE
NSW1,4/06/2015 21:00,10449.0,40.75,TRADE
NSW1,4/06/2015 21:30,10122.19,37.95,TRADE
NSW1,4/06/2015 22:00,9720.12,34.7,TRADE
NSW1,4/06/2015 22:30,9560.48,35.73,TRADE
NSW1,4/06/2015 23:00,9131.06,32.05,TRADE
NSW1,4/06/2015 23:30,8910.77,32.3,TRADE
NSW1,5/06/2015 0:00,8834.52,32.96,TRADE
NSW1,5/06/2015 0:30,8530.5,31.77,TRADE
NSW1,5/06/2015 1:00,8282.21,31.72,TRADE
NSW1,5/06/2015 1:30,8066.43,30.83,TRADE
NSW1,5/06/2015 2:00,7837.82,30.56,TRADE
NSW1,5/06/2015 2:30,7494.06,30.69,TRADE
NSW1,5/06/2015 3:00,7219.98,27.84,TRADE
NSW1,5/06/2015 3:30,7001.95,26.8,TRADE
NSW1,5/06/2015 4:00,6873.36,26.3,TRADE
NSW1,5/06/2015 4:30,6880.71,26.6,TRADE
NSW1,5/06/2015 5:00,6986.36,28.47,TRADE
NSW1,5/06/2015 5:30,7306.37,31.78,TRADE
NSW1,5/06/2015 6:00,7778.17,31.74,TRADE
NSW1,5/06/2015 6:30,8611.24,35.77,TRADE
NSW1,5/06/2015 7:00,9416.35,40.02,TRADE
NSW1,5/06/2015 7:30,9976.6,44.15,TRADE
NSW1,5/06/2015 8:00,10511.31,77.01,TRADE
NSW1,5/06/2015 8:30,10595.51,59.1,TRADE
NSW1,5/06/2015 9:00,10424.89,53.51,TRADE
NSW1,5/06/2015 9:30,10383.92,46.65,TRADE
NSW1,5/06/2015 10:00,10165.69,39.58,TRADE
NSW1,5/06/2015 10:30,9930.08,40.06,TRADE
NSW1,5/06/2015 11:00,9687.01,40.11,TRADE
NSW1,5/06/2015 11:30,9471.96,40.06,TRADE
NSW1,5/06/2015 12:00,9398.98,39.46,TRADE
NSW1,5/06/2015 12:30,9308.5,37.06,TRADE
NSW1,5/06/2015 13:00,9136.2,35.94,TRADE
NSW1,5/06/2015 13:30,9045.49,36.02,TRADE
NSW1,5/06/2015 14:00,9010.97,36.18,TRADE
NSW1,5/06/2015 14:30,8961.62,36.58,TRADE
NSW1,5/06/2015 15:00,8945.63,36.02,TRADE
NSW1,5/06/2015 15:30,8980.37,37.5,TRADE
NSW1,5/06/2015 16:00,9191.96,38.13,TRADE
NSW1,5/06/2015 16:30,9513.83,37.49,TRADE
NSW1,5/06/2015 17:00,9946.11,38.71,TRADE
NSW1,5/06/2015 17:30,10645.83,39.81,TRADE
NSW1,5/06/2015 18:00,11092.6,49.04,TRADE
NSW1,5/06/2015 18:30,11005.28,42.61,TRADE
NSW1,5/06/2015 19:00,10831.73,38.61,TRADE
NSW1,5/06/2015 19:30,10548.93,37.49,TRADE
NSW1,5/06/2015 20:00,10333.6,39.34,TRADE
NSW1,5/06/2015 20:30,10238.46,37.89,TRADE
NSW1,5/06/2015 21:00,10003.12,38.48,TRADE
NSW1,5/06/2015 21:30,9784.18,38.34,TRADE
NSW1,5/06/2015 22:00,9512.39,36.26,TRADE
NSW1,5/06/2015 22:30,9508.18,38.95,TRADE
NSW1,5/06/2015 23:00,9246.28,38.69,TRADE
NSW1,5/06/2015 23:30,9061.9,37.15,TRADE
NSW1,6/06/2015 0:00,8900.09,37.84,TRADE
NSW1,6/06/2015 0:30,8618.72,36.76,TRADE
NSW1,6/06/2015 1:00,8345.1,35.8,TRADE
NSW1,6/06/2015 1:30,8065.75,34.03,TRADE
NSW1,6/06/2015 2:00,7814.59,32.8,TRADE
NSW1,6/06/2015 2:30,7452.17,32.94,TRADE
NSW1,6/06/2015 3:00,7102.69,34.18,TRADE
NSW1,6/06/2015 3:30,6826.76,33.82,TRADE
NSW1,6/06/2015 4:00,6691.88,29.2,TRADE
NSW1,6/06/2015 4:30,6614.29,29.05,TRADE
NSW1,6/06/2015 5:00,6600.99,29.96,TRADE
NSW1,6/06/2015 5:30,6703.01,31.16,TRADE
NSW1,6/06/2015 6:00,6869.26,30.41,TRADE
NSW1,6/06/2015 6:30,7224.78,31.77,TRADE
NSW1,6/06/2015 7:00,7488.17,32.57,TRADE
NSW1,6/06/2015 7:30,7901.3,34.88,TRADE
NSW1,6/06/2015 8:00,8447.04,35.97,TRADE
NSW1,6/06/2015 8:30,8820.6,38.74,TRADE
NSW1,6/06/2015 9:00,8981.9,36.82,TRADE
NSW1,6/06/2015 9:30,9057.81,38.52,TRADE
NSW1,6/06/2015 10:00,8865.3,36.01,TRADE
NSW1,6/06/2015 10:30,8654.5,35.65,TRADE
NSW1,6/06/2015 11:00,8399.43,34.84,TRADE
NSW1,6/06/2015 11:30,8179.31,33.28,TRADE
NSW1,6/06/2015 12:00,7983.31,30.6,TRADE
NSW1,6/06/2015 12:30,7806.79,29.02,TRADE
NSW1,6/06/2015 13:00,7633.42,26.88,TRADE
NSW1,6/06/2015 13:30,7544.67,26.86,TRADE
NSW1,6/06/2015 14:00,7522.71,26.97,TRADE
NSW1,6/06/2015 14:30,7488.94,26.61,TRADE
NSW1,6/06/2015 15:00,7473.56,26.43,TRADE
NSW1,6/06/2015 15:30,7576.15,31.29,TRADE
NSW1,6/06/2015 16:00,7774.22,32.03,TRADE
NSW1,6/06/2015 16:30,8018.44,32.67,TRADE
NSW1,6/06/2015 17:00,8510.92,35.59,TRADE
NSW1,6/06/2015 17:30,9083.94,36.41,TRADE
NSW1,6/06/2015 18:00,9585.37,40.62,TRADE
NSW1,6/06/2015 18:30,9570.22,37.11,TRADE
NSW1,6/06/2015 19:00,9432.02,36.03,TRADE
NSW1,6/06/2015 19:30,9217.01,36.0,TRADE
NSW1,6/06/2015 20:00,9026.93,36.0,TRADE
NSW1,6/06/2015 20:30,8940.07,36.22,TRADE
NSW1,6/06/2015 21:00,8843.76,36.01,TRADE
NSW1,6/06/2015 21:30,8680.0,36.02,TRADE
NSW1,6/06/2015 22:00,8528.69,35.98,TRADE
NSW1,6/06/2015 22:30,8484.99,37.03,TRADE
NSW1,6/06/2015 23:00,8279.45,37.16,TRADE
NSW1,6/06/2015 23:30,8197.16,35.99,TRADE
NSW1,7/06/2015 0:00,8010.76,35.94,TRADE
NSW1,7/06/2015 0:30,7764.13,34.83,TRADE
NSW1,7/06/2015 1:00,7511.78,31.94,TRADE
NSW1,7/06/2015 1:30,7267.37,31.77,TRADE
NSW1,7/06/2015 2:00,7040.96,30.99,TRADE
NSW1,7/06/2015 2:30,6769.23,26.51,TRADE
NSW1,7/06/2015 3:00,6595.3,22.45,TRADE
NSW1,7/06/2015 3:30,6289.53,20.04,TRADE
NSW1,7/06/2015 4:00,6220.08,18.76,TRADE
NSW1,7/06/2015 4:30,6188.72,20.97,TRADE
NSW1,7/06/2015 5:00,6222.9,18.96,TRADE
NSW1,7/06/2015 5:30,6326.6,18.96,TRADE
NSW1,7/06/2015 6:00,6444.11,25.45,TRADE
NSW1,7/06/2015 6:30,6691.9,25.46,TRADE
NSW1,7/06/2015 7:00,6935.6,25.46,TRADE
NSW1,7/06/2015 7:30,7289.83,25.67,TRADE
NSW1,7/06/2015 8:00,7778.65,29.41,TRADE
NSW1,7/06/2015 8:30,8159.07,33.02,TRADE
NSW1,7/06/2015 9:00,8355.4,32.25,TRADE
NSW1,7/06/2015 9:30,8382.67,33.4,TRADE
NSW1,7/06/2015 10:00,8326.01,31.56,TRADE
NSW1,7/06/2015 10:30,8126.42,29.93,TRADE
NSW1,7/06/2015 11:00,7873.37,28.3,TRADE
NSW1,7/06/2015 11:30,7685.89,28.1,TRADE
NSW1,7/06/2015 12:00,7492.14,29.85,TRADE
NSW1,7/06/2015 12:30,7351.29,27.85,TRADE
NSW1,7/06/2015 13:00,7234.2,27.2,TRADE
NSW1,7/06/2015 13:30,7164.51,27.15,TRADE
NSW1,7/06/2015 14:00,7079.76,26.37,TRADE
NSW1,7/06/2015 14:30,7012.26,25.99,TRADE
NSW1,7/06/2015 15:00,7038.61,26.82,TRADE
NSW1,7/06/2015 15:30,7126.97,29.37,TRADE
NSW1,7/06/2015 16:00,7347.36,32.32,TRADE
NSW1,7/06/2015 16:30,7642.28,32.03,TRADE
NSW1,7/06/2015 17:00,8050.96,32.67,TRADE
NSW1,7/06/2015 17:30,8715.0,36.16,TRADE
NSW1,7/06/2015 18:00,9072.2,36.04,TRADE
NSW1,7/06/2015 18:30,9134.77,35.84,TRADE
NSW1,7/06/2015 19:00,9061.67,34.91,TRADE
NSW1,7/06/2015 19:30,8864.21,33.87,TRADE
NSW1,7/06/2015 20:00,8676.0,32.83,TRADE
NSW1,7/06/2015 20:30,8610.01,35.99,TRADE
NSW1,7/06/2015 21:00,8508.96,36.01,TRADE
NSW1,7/06/2015 21:30,8316.32,36.02,TRADE
NSW1,7/06/2015 22:00,8194.1,36.08,TRADE
NSW1,7/06/2015 22:30,8132.76,36.0,TRADE
NSW1,7/06/2015 23:00,7895.48,35.65,TRADE
NSW1,7/06/2015 23:30,7800.0,35.84,TRADE
NSW1,8/06/2015 0:00,7609.13,35.8,TRADE
NSW1,8/06/2015 0:30,7306.57,32.97,TRADE
NSW1,8/06/2015 1:00,7109.0,31.49,TRADE
NSW1,8/06/2015 1:30,6889.77,29.09,TRADE
NSW1,8/06/2015 2:00,6678.38,22.32,TRADE
NSW1,8/06/2015 2:30,6351.1,20.39,TRADE
NSW1,8/06/2015 3:00,6194.96,18.9,TRADE
NSW1,8/06/2015 3:30,6065.02,20.97,TRADE
NSW1,8/06/2015 4:00,5985.63,18.22,TRADE
NSW1,8/06/2015 4:30,5957.37,18.37,TRADE
NSW1,8/06/2015 5:00,6019.38,20.86,TRADE
NSW1,8/06/2015 5:30,6104.39,17.39,TRADE
NSW1,8/06/2015 6:00,6246.61,23.74,TRADE
NSW1,8/06/2015 6:30,6571.1,26.03,TRADE
NSW1,8/06/2015 7:00,6719.52,25.38,TRADE
NSW1,8/06/2015 7:30,6940.94,27.55,TRADE
NSW1,8/06/2015 8:00,7279.83,29.3,TRADE
NSW1,8/06/2015 8:30,7635.44,32.26,TRADE
NSW1,8/06/2015 9:00,7775.1,31.82,TRADE
NSW1,8/06/2015 9:30,7881.61,33.01,TRADE
NSW1,8/06/2015 10:00,7824.0,32.42,TRADE
NSW1,8/06/2015 10:30,7808.54,31.89,TRADE
NSW1,8/06/2015 11:00,7580.21,29.09,TRADE
NSW1,8/06/2015 11:30,7468.71,27.77,TRADE
NSW1,8/06/2015 12:00,7332.7,31.16,TRADE
NSW1,8/06/2015 12:30,7233.43,28.2,TRADE
NSW1,8/06/2015 13:00,7164.82,28.72,TRADE
NSW1,8/06/2015 13:30,7062.87,26.76,TRADE
NSW1,8/06/2015 14:00,7060.01,26.03,TRADE
NSW1,8/06/2015 14:30,7020.14,28.33,TRADE
NSW1,8/06/2015 15:00,7103.43,30.7,TRADE
NSW1,8/06/2015 15:30,7206.99,31.75,TRADE
NSW1,8/06/2015 16:00,7357.43,31.81,TRADE
NSW1,8/06/2015 16:30,7646.88,31.64,TRADE
NSW1,8/06/2015 17:00,8084.89,34.61,TRADE
NSW1,8/06/2015 17:30,8819.43,41.39,TRADE
NSW1,8/06/2015 18:00,9316.46,43.08,TRADE
NSW1,8/06/2015 18:30,9335.91,40.94,TRADE
NSW1,8/06/2015 19:00,9147.96,35.72,TRADE
NSW1,8/06/2015 19:30,8894.85,34.71,TRADE
NSW1,8/06/2015 20:00,8718.83,33.13,TRADE
NSW1,8/06/2015 20:30,8626.61,34.92,TRADE
NSW1,8/06/2015 21:00,8429.58,33.13,TRADE
NSW1,8/06/2015 21:30,8245.16,31.55,TRADE
NSW1,8/06/2015 22:00,8044.62,29.23,TRADE
NSW1,8/06/2015 22:30,7983.78,31.61,TRADE
NSW1,8/06/2015 23:00,7824.79,31.23,TRADE
NSW1,8/06/2015 23:30,7754.93,31.64,TRADE
NSW1,9/06/2015 0:00,7670.76,30.83,TRADE
NSW1,9/06/2015 0:30,7512.5,28.41,TRADE
NSW1,9/06/2015 1:00,7383.03,27.25,TRADE
NSW1,9/06/2015 1:30,7266.45,26.48,TRADE
NSW1,9/06/2015 2:00,7025.99,21.13,TRADE
NSW1,9/06/2015 2:30,6676.15,18.8,TRADE
NSW1,9/06/2015 3:00,6413.84,18.19,TRADE
NSW1,9/06/2015 3:30,6264.04,18.08,TRADE
NSW1,9/06/2015 4:00,6170.66,17.47,TRADE
NSW1,9/06/2015 4:30,6165.01,21.12,TRADE
NSW1,9/06/2015 5:00,6240.34,20.16,TRADE
NSW1,9/06/2015 5:30,6559.57,28.14,TRADE
NSW1,9/06/2015 6:00,7012.89,22.97,TRADE
NSW1,9/06/2015 6:30,7775.63,29.85,TRADE
NSW1,9/06/2015 7:00,8504.9,41.01,TRADE
NSW1,9/06/2015 7:30,8969.92,36.03,TRADE
NSW1,9/06/2015 8:00,9198.28,36.81,TRADE
NSW1,9/06/2015 8:30,9030.73,36.2,TRADE
NSW1,9/06/2015 9:00,8823.19,35.97,TRADE
NSW1,9/06/2015 9:30,8702.31,35.8,TRADE
NSW1,9/06/2015 10:00,8509.65,35.98,TRADE
NSW1,9/06/2015 10:30,8721.33,36.16,TRADE
NSW1,9/06/2015 11:00,8656.46,36.06,TRADE
NSW1,9/06/2015 11:30,8536.85,35.98,TRADE
NSW1,9/06/2015 12:00,8437.63,35.65,TRADE
NSW1,9/06/2015 12:30,8362.23,34.6,TRADE
NSW1,9/06/2015 13:00,8330.1,32.93,TRADE
NSW1,9/06/2015 13:30,8306.16,33.33,TRADE
NSW1,9/06/2015 14:00,8288.49,34.87,TRADE
NSW1,9/06/2015 14:30,8275.0,33.5,TRADE
NSW1,9/06/2015 15:00,8302.23,31.79,TRADE
NSW1,9/06/2015 15:30,8318.8,34.34,TRADE
NSW1,9/06/2015 16:00,8474.42,36.21,TRADE
NSW1,9/06/2015 16:30,8644.17,37.49,TRADE
NSW1,9/06/2015 17:00,9035.84,67.81,TRADE
NSW1,9/06/2015 17:30,9656.79,62.84,TRADE
NSW1,9/06/2015 18:00,10245.71,221.35,TRADE
NSW1,9/06/2015 18:30,10172.57,44.49,TRADE
NSW1,9/06/2015 19:00,10093.46,42.51,TRADE
NSW1,9/06/2015 19:30,9898.74,39.95,TRADE
NSW1,9/06/2015 20:00,9727.84,38.84,TRADE
NSW1,9/06/2015 20:30,9545.96,41.44,TRADE
NSW1,9/06/2015 21:00,9322.95,37.07,TRADE
NSW1,9/06/2015 21:30,9024.71,35.96,TRADE
NSW1,9/06/2015 22:00,8775.94,33.76,TRADE
NSW1,9/06/2015 22:30,8685.36,34.86,TRADE
NSW1,9/06/2015 23:00,8448.42,33.49,TRADE
NSW1,9/06/2015 23:30,8337.85,31.86,TRADE
NSW1,10/06/2015 0:00,8261.83,32.3,TRADE
NSW1,10/06/2015 0:30,8123.11,31.91,TRADE
NSW1,10/06/2015 1:00,7964.25,33.63,TRADE
NSW1,10/06/2015 1:30,7761.44,31.42,TRADE
NSW1,10/06/2015 2:00,7564.29,31.44,TRADE
NSW1,10/06/2015 2:30,7182.91,29.96,TRADE
NSW1,10/06/2015 3:00,6926.47,28.82,TRADE
NSW1,10/06/2015 3:30,6707.03,26.29,TRADE
NSW1,10/06/2015 4:00,6603.73,26.05,TRADE
NSW1,10/06/2015 4:30,6638.97,26.8,TRADE
NSW1,10/06/2015 5:00,6727.34,27.95,TRADE
NSW1,10/06/2015 5:30,7132.77,31.63,TRADE
NSW1,10/06/2015 6:00,7510.67,29.92,TRADE
NSW1,10/06/2015 6:30,8339.47,34.73,TRADE
NSW1,10/06/2015 7:00,9083.96,130.75,TRADE
NSW1,10/06/2015 7:30,9531.08,46.28,TRADE
NSW1,10/06/2015 8:00,9896.8,48.38,TRADE
NSW1,10/06/2015 8:30,9986.05,52.85,TRADE
NSW1,10/06/2015 9:00,9803.55,46.59,TRADE
NSW1,10/06/2015 9:30,9750.16,44.91,TRADE
NSW1,10/06/2015 10:00,9668.48,43.94,TRADE
NSW1,10/06/2015 10:30,9608.92,43.91,TRADE
NSW1,10/06/2015 11:00,9512.93,42.44,TRADE
NSW1,10/06/2015 11:30,9367.82,40.3,TRADE
NSW1,10/06/2015 12:00,9293.41,40.78,TRADE
NSW1,10/06/2015 12:30,9288.73,39.96,TRADE
NSW1,10/06/2015 13:00,9198.82,40.96,TRADE
NSW1,10/06/2015 13:30,9188.07,41.57,TRADE
NSW1,10/06/2015 14:00,9173.34,40.76,TRADE
NSW1,10/06/2015 14:30,9131.1,35.29,TRADE
NSW1,10/06/2015 15:00,9125.53,39.71,TRADE
NSW1,10/06/2015 15:30,9139.52,35.95,TRADE
NSW1,10/06/2015 16:00,9426.94,41.96,TRADE
NSW1,10/06/2015 16:30,9659.93,42.05,TRADE
NSW1,10/06/2015 17:00,10092.9,46.0,TRADE
NSW1,10/06/2015 17:30,10687.55,45.66,TRADE
NSW1,10/06/2015 18:00,11118.81,78.27,TRADE
NSW1,10/06/2015 18:30,11112.42,53.38,TRADE
NSW1,10/06/2015 19:00,10946.35,43.32,TRADE
NSW1,10/06/2015 19:30,10698.79,41.42,TRADE
NSW1,10/06/2015 20:00,10472.99,41.9,TRADE
NSW1,10/06/2015 20:30,10210.52,42.52,TRADE
NSW1,10/06/2015 21:00,9914.64,41.9,TRADE
NSW1,10/06/2015 21:30,9632.18,40.84,TRADE
NSW1,10/06/2015 22:00,9301.39,37.8,TRADE
NSW1,10/06/2015 22:30,9143.93,39.63,TRADE
NSW1,10/06/2015 23:00,8779.63,36.07,TRADE
NSW1,10/06/2015 23:30,8636.41,35.92,TRADE
NSW1,11/06/2015 0:00,8523.68,36.67,TRADE
NSW1,11/06/2015 0:30,8290.25,35.84,TRADE
NSW1,11/06/2015 1:00,8058.66,35.45,TRADE
NSW1,11/06/2015 1:30,7872.57,33.51,TRADE
NSW1,11/06/2015 2:00,7629.69,31.98,TRADE
NSW1,11/06/2015 2:30,7263.44,30.49,TRADE
NSW1,11/06/2015 3:00,6947.82,28.56,TRADE
NSW1,11/06/2015 3:30,6749.63,26.47,TRADE
NSW1,11/06/2015 4:00,6629.3,26.23,TRADE
NSW1,11/06/2015 4:30,6639.18,29.43,TRADE
NSW1,11/06/2015 5:00,6731.65,30.2,TRADE
NSW1,11/06/2015 5:30,7067.36,32.66,TRADE
NSW1,11/06/2015 6:00,7503.34,31.47,TRADE
NSW1,11/06/2015 6:30,8280.57,32.43,TRADE
NSW1,11/06/2015 7:00,9009.97,41.76,TRADE
NSW1,11/06/2015 7:30,9478.3,42.22,TRADE
NSW1,11/06/2015 8:00,9806.66,45.7,TRADE
NSW1,11/06/2015 8:30,9863.53,40.78,TRADE
NSW1,11/06/2015 9:00,9650.66,39.94,TRADE
NSW1,11/06/2015 9:30,9524.87,40.53,TRADE
NSW1,11/06/2015 10:00,9378.67,37.14,TRADE
NSW1,11/06/2015 10:30,9256.41,37.23,TRADE
NSW1,11/06/2015 11:00,9104.28,36.05,TRADE
NSW1,11/06/2015 11:30,8946.83,35.96,TRADE
NSW1,11/06/2015 12:00,8827.78,35.5,TRADE
NSW1,11/06/2015 12:30,8776.26,35.15,TRADE
NSW1,11/06/2015 13:00,8726.8,33.59,TRADE
NSW1,11/06/2015 13:30,8687.55,33.67,TRADE
NSW1,11/06/2015 14:00,8651.56,33.08,TRADE
NSW1,11/06/2015 14:30,8675.16,33.71,TRADE
NSW1,11/06/2015 15:00,8652.42,33.7,TRADE
NSW1,11/06/2015 15:30,8643.88,35.18,TRADE
NSW1,11/06/2015 16:00,8832.97,36.4,TRADE
NSW1,11/06/2015 16:30,9088.97,38.78,TRADE
NSW1,11/06/2015 17:00,9537.37,42.41,TRADE
NSW1,11/06/2015 17:30,10185.5,41.09,TRADE
NSW1,11/06/2015 18:00,10614.28,48.42,TRADE
NSW1,11/06/2015 18:30,10652.46,44.98,TRADE
NSW1,11/06/2015 19:00,10553.36,41.81,TRADE
NSW1,11/06/2015 19:30,10327.28,41.79,TRADE
NSW1,11/06/2015 20:00,10151.81,42.41,TRADE
NSW1,11/06/2015 20:30,9972.49,42.0,TRADE
NSW1,11/06/2015 21:00,9758.19,41.97,TRADE
NSW1,11/06/2015 21:30,9440.13,41.66,TRADE
NSW1,11/06/2015 22:00,9138.32,38.2,TRADE
NSW1,11/06/2015 22:30,9056.61,40.45,TRADE
NSW1,11/06/2015 23:00,8713.53,35.93,TRADE
NSW1,11/06/2015 23:30,8590.93,35.9,TRADE
NSW1,12/06/2015 0:00,8498.9,36.44,TRADE
NSW1,12/06/2015 0:30,8235.02,34.88,TRADE
NSW1,12/06/2015 1:00,8013.39,34.19,TRADE
NSW1,12/06/2015 1:30,7837.91,33.14,TRADE
NSW1,12/06/2015 2:00,7583.14,31.64,TRADE
NSW1,12/06/2015 2:30,7244.92,30.39,TRADE
NSW1,12/06/2015 3:00,6929.56,27.54,TRADE
NSW1,12/06/2015 3:30,6725.58,19.88,TRADE
NSW1,12/06/2015 4:00,6619.23,23.19,TRADE
NSW1,12/06/2015 4:30,6643.68,25.91,TRADE
NSW1,12/06/2015 5:00,6713.33,25.64,TRADE
NSW1,12/06/2015 5:30,7024.81,31.0,TRADE
NSW1,12/06/2015 6:00,7460.28,30.73,TRADE
NSW1,12/06/2015 6:30,8164.86,33.98,TRADE
NSW1,12/06/2015 7:00,8935.09,44.26,TRADE
NSW1,12/06/2015 7:30,9313.81,42.19,TRADE
NSW1,12/06/2015 8:00,9716.52,43.73,TRADE
NSW1,12/06/2015 8:30,9736.63,39.77,TRADE
NSW1,12/06/2015 9:00,9563.75,49.97,TRADE
NSW1,12/06/2015 9:30,9484.45,41.37,TRADE
NSW1,12/06/2015 10:00,9364.67,40.45,TRADE
NSW1,12/06/2015 10:30,9267.25,39.22,TRADE
NSW1,12/06/2015 11:00,9127.7,38.55,TRADE
NSW1,12/06/2015 11:30,8960.89,38.53,TRADE
NSW1,12/06/2015 12:00,8861.3,40.47,TRADE
NSW1,12/06/2015 12:30,8755.66,36.86,TRADE
NSW1,12/06/2015 13:00,8668.13,37.3,TRADE
NSW1,12/06/2015 13:30,8614.48,36.14,TRADE
NSW1,12/06/2015 14:00,8631.04,36.03,TRADE
NSW1,12/06/2015 14:30,8560.03,36.05,TRADE
NSW1,12/06/2015 15:00,8567.5,36.19,TRADE
NSW1,12/06/2015 15:30,8588.26,36.57,TRADE
NSW1,12/06/2015 16:00,8788.31,36.02,TRADE
NSW1,12/06/2015 16:30,9041.13,36.52,TRADE
NSW1,12/06/2015 17:00,9449.34,41.17,TRADE
NSW1,12/06/2015 17:30,10034.18,40.22,TRADE
NSW1,12/06/2015 18:00,10291.69,41.85,TRADE
NSW1,12/06/2015 18:30,10155.84,41.98,TRADE
NSW1,12/06/2015 19:00,9979.7,41.18,TRADE
NSW1,12/06/2015 19:30,9798.94,37.6,TRADE
NSW1,12/06/2015 20:00,9626.84,36.02,TRADE
NSW1,12/06/2015 20:30,9465.24,38.54,TRADE
NSW1,12/06/2015 21:00,9257.58,35.81,TRADE
NSW1,12/06/2015 21:30,9088.43,35.54,TRADE
NSW1,12/06/2015 22:00,8879.03,34.76,TRADE
NSW1,12/06/2015 22:30,8909.69,38.55,TRADE
NSW1,12/06/2015 23:00,8616.6,34.96,TRADE
NSW1,12/06/2015 23:30,8545.47,34.91,TRADE
NSW1,13/06/2015 0:00,8409.99,35.12,TRADE
NSW1,13/06/2015 0:30,8226.7,35.39,TRADE
NSW1,13/06/2015 1:00,7973.72,35.88,TRADE
NSW1,13/06/2015 1:30,7800.17,35.04,TRADE
NSW1,13/06/2015 2:00,7496.53,33.2,TRADE
NSW1,13/06/2015 2:30,7101.86,30.8,TRADE
NSW1,13/06/2015 3:00,6797.42,27.8,TRADE
NSW1,13/06/2015 3:30,6566.6,23.29,TRADE
NSW1,13/06/2015 4:00,6435.9,24.37,TRADE
NSW1,13/06/2015 4:30,6367.73,23.29,TRADE
NSW1,13/06/2015 5:00,6392.33,23.37,TRADE
NSW1,13/06/2015 5:30,6540.84,26.17,TRADE
NSW1,13/06/2015 6:00,6647.38,20.0,TRADE
NSW1,13/06/2015 6:30,7000.11,24.38,TRADE
NSW1,13/06/2015 7:00,7258.46,25.46,TRADE
NSW1,13/06/2015 7:30,7604.11,27.46,TRADE
NSW1,13/06/2015 8:00,8115.8,30.19,TRADE
NSW1,13/06/2015 8:30,8437.28,31.78,TRADE
NSW1,13/06/2015 9:00,8647.88,34.33,TRADE
NSW1,13/06/2015 9:30,8746.82,34.9,TRADE
NSW1,13/06/2015 10:00,8571.76,32.47,TRADE
NSW1,13/06/2015 10:30,8413.56,31.77,TRADE
NSW1,13/06/2015 11:00,8215.81,31.3,TRADE
NSW1,13/06/2015 11:30,7971.89,30.33,TRADE
NSW1,13/06/2015 12:00,7856.38,28.97,TRADE
NSW1,13/06/2015 12:30,7723.02,28.3,TRADE
NSW1,13/06/2015 13:00,7700.07,28.31,TRADE
NSW1,13/06/2015 13:30,7599.22,28.51,TRADE
NSW1,13/06/2015 14:00,7537.62,28.05,TRADE
NSW1,13/06/2015 14:30,7450.02,27.65,TRADE
NSW1,13/06/2015 15:00,7454.08,28.47,TRADE
NSW1,13/06/2015 15:30,7559.05,30.61,TRADE
NSW1,13/06/2015 16:00,7707.66,31.99,TRADE
NSW1,13/06/2015 16:30,8011.54,34.66,TRADE
NSW1,13/06/2015 17:00,8481.35,37.88,TRADE
NSW1,13/06/2015 17:30,9117.38,40.54,TRADE
NSW1,13/06/2015 18:00,9514.25,42.65,TRADE
NSW1,13/06/2015 18:30,9480.87,40.64,TRADE
NSW1,13/06/2015 19:00,9335.79,37.86,TRADE
NSW1,13/06/2015 19:30,9171.35,36.03,TRADE
NSW1,13/06/2015 20:00,8960.85,36.02,TRADE
NSW1,13/06/2015 20:30,8827.54,36.25,TRADE
NSW1,13/06/2015 21:00,8705.26,36.0,TRADE
NSW1,13/06/2015 21:30,8451.86,35.18,TRADE
NSW1,13/06/2015 22:00,8356.35,33.92,TRADE
NSW1,13/06/2015 22:30,8284.12,34.21,TRADE
NSW1,13/06/2015 23:00,8200.28,32.83,TRADE
NSW1,13/06/2015 23:30,8115.12,32.39,TRADE
NSW1,14/06/2015 0:00,8012.28,33.42,TRADE
NSW1,14/06/2015 0:30,7682.48,31.72,TRADE
NSW1,14/06/2015 1:00,7420.33,31.84,TRADE
NSW1,14/06/2015 1:30,7154.12,29.96,TRADE
NSW1,14/06/2015 2:00,6943.29,29.89,TRADE
NSW1,14/06/2015 2:30,6719.11,29.73,TRADE
NSW1,14/06/2015 3:00,6489.55,30.09,TRADE
NSW1,14/06/2015 3:30,6325.89,27.49,TRADE
NSW1,14/06/2015 4:00,6290.01,24.76,TRADE
NSW1,14/06/2015 4:30,6244.8,25.02,TRADE
NSW1,14/06/2015 5:00,6254.12,23.29,TRADE
NSW1,14/06/2015 5:30,6316.72,24.73,TRADE
NSW1,14/06/2015 6:00,6450.08,22.21,TRADE
NSW1,14/06/2015 6:30,6692.89,23.38,TRADE
NSW1,14/06/2015 7:00,6976.65,26.29,TRADE
NSW1,14/06/2015 7:30,7305.19,27.06,TRADE
NSW1,14/06/2015 8:00,7740.42,29.58,TRADE
NSW1,14/06/2015 8:30,8105.16,33.29,TRADE
NSW1,14/06/2015 9:00,8308.14,34.79,TRADE
NSW1,14/06/2015 9:30,8430.08,35.06,TRADE
NSW1,14/06/2015 10:00,8476.68,35.79,TRADE
NSW1,14/06/2015 10:30,8366.73,34.59,TRADE
NSW1,14/06/2015 11:00,8229.55,32.43,TRADE
NSW1,14/06/2015 11:30,7999.27,31.78,TRADE
NSW1,14/06/2015 12:00,7868.47,31.73,TRADE
NSW1,14/06/2015 12:30,7726.49,31.78,TRADE
NSW1,14/06/2015 13:00,7562.29,31.47,TRADE
NSW1,14/06/2015 13:30,7433.38,31.55,TRADE
NSW1,14/06/2015 14:00,7358.46,31.76,TRADE
NSW1,14/06/2015 14:30,7374.3,30.34,TRADE
NSW1,14/06/2015 15:00,7455.65,31.16,TRADE
NSW1,14/06/2015 15:30,7567.12,31.61,TRADE
NSW1,14/06/2015 16:00,7808.5,31.78,TRADE
NSW1,14/06/2015 16:30,8051.03,33.5,TRADE
NSW1,14/06/2015 17:00,8564.06,36.54,TRADE
NSW1,14/06/2015 17:30,9302.91,42.55,TRADE
NSW1,14/06/2015 18:00,9752.91,43.67,TRADE
NSW1,14/06/2015 18:30,9777.43,42.52,TRADE
NSW1,14/06/2015 19:00,9782.36,41.64,TRADE
NSW1,14/06/2015 19:30,9527.81,39.17,TRADE
NSW1,14/06/2015 20:00,9292.51,36.61,TRADE
NSW1,14/06/2015 20:30,9203.51,37.7,TRADE
NSW1,14/06/2015 21:00,8960.7,36.35,TRADE
NSW1,14/06/2015 21:30,8785.95,35.81,TRADE
NSW1,14/06/2015 22:00,8469.01,34.67,TRADE
NSW1,14/06/2015 22:30,8326.86,32.52,TRADE
NSW1,14/06/2015 23:00,8014.9,30.72,TRADE
NSW1,14/06/2015 23:30,7855.55,29.68,TRADE
NSW1,15/06/2015 0:00,7691.99,29.92,TRADE
NSW1,15/06/2015 0:30,7482.64,29.22,TRADE
NSW1,15/06/2015 1:00,7269.73,30.93,TRADE
NSW1,15/06/2015 1:30,7022.46,29.56,TRADE
NSW1,15/06/2015 2:00,6853.14,29.1,TRADE
NSW1,15/06/2015 2:30,6578.48,21.48,TRADE
NSW1,15/06/2015 3:00,6396.54,22.81,TRADE
NSW1,15/06/2015 3:30,6257.64,18.96,TRADE
NSW1,15/06/2015 4:00,6182.76,18.8,TRADE
NSW1,15/06/2015 4:30,6219.44,18.96,TRADE
NSW1,15/06/2015 5:00,6330.1,21.31,TRADE
NSW1,15/06/2015 5:30,6640.07,29.79,TRADE
NSW1,15/06/2015 6:00,7035.64,23.82,TRADE
NSW1,15/06/2015 6:30,7850.79,30.05,TRADE
NSW1,15/06/2015 7:00,8626.43,35.56,TRADE
NSW1,15/06/2015 7:30,9130.8,38.03,TRADE
NSW1,15/06/2015 8:00,9471.6,42.23,TRADE
NSW1,15/06/2015 8:30,9549.29,42.17,TRADE
NSW1,15/06/2015 9:00,9356.78,39.51,TRADE
NSW1,15/06/2015 9:30,9331.4,40.38,TRADE
NSW1,15/06/2015 10:00,9298.18,39.07,TRADE
NSW1,15/06/2015 10:30,9320.77,37.58,TRADE
NSW1,15/06/2015 11:00,9180.3,36.02,TRADE
NSW1,15/06/2015 11:30,9019.4,36.02,TRADE
NSW1,15/06/2015 12:00,8922.93,36.17,TRADE
NSW1,15/06/2015 12:30,8899.79,34.3,TRADE
NSW1,15/06/2015 13:00,8913.01,36.05,TRADE
NSW1,15/06/2015 13:30,8947.31,35.75,TRADE
NSW1,15/06/2015 14:00,8952.29,35.83,TRADE
NSW1,15/06/2015 14:30,8926.47,32.48,TRADE
NSW1,15/06/2015 15:00,8932.92,35.73,TRADE
NSW1,15/06/2015 15:30,8932.16,34.97,TRADE
NSW1,15/06/2015 16:00,9254.41,35.9,TRADE
NSW1,15/06/2015 16:30,9486.32,36.64,TRADE
NSW1,15/06/2015 17:00,9939.66,38.44,TRADE
NSW1,15/06/2015 17:30,10517.44,37.82,TRADE
NSW1,15/06/2015 18:00,10744.71,40.57,TRADE
NSW1,15/06/2015 18:30,10624.77,37.92,TRADE
NSW1,15/06/2015 19:00,10434.11,35.98,TRADE
NSW1,15/06/2015 19:30,10150.52,35.98,TRADE
NSW1,15/06/2015 20:00,9874.48,35.98,TRADE
NSW1,15/06/2015 20:30,9631.59,35.78,TRADE
NSW1,15/06/2015 21:00,9431.31,36.36,TRADE
NSW1,15/06/2015 21:30,9186.18,35.81,TRADE
NSW1,15/06/2015 22:00,8843.64,35.43,TRADE
NSW1,15/06/2015 22:30,8739.95,35.83,TRADE
NSW1,15/06/2015 23:00,8391.25,35.22,TRADE
NSW1,15/06/2015 23:30,8267.57,33.22,TRADE
NSW1,16/06/2015 0:00,8160.44,32.22,TRADE
NSW1,16/06/2015 0:30,8014.94,32.58,TRADE
NSW1,16/06/2015 1:00,7825.68,33.08,TRADE
NSW1,16/06/2015 1:30,7635.11,32.52,TRADE
NSW1,16/06/2015 2:00,7419.74,31.73,TRADE
NSW1,16/06/2015 2:30,7095.1,29.99,TRADE
NSW1,16/06/2015 3:00,6829.09,26.78,TRADE
NSW1,16/06/2015 3:30,6525.34,23.14,TRADE
NSW1,16/06/2015 4:00,6463.38,22.78,TRADE
NSW1,16/06/2015 4:30,6401.15,23.46,TRADE
NSW1,16/06/2015 5:00,6454.05,26.7,TRADE
NSW1,16/06/2015 5:30,6785.41,29.91,TRADE
NSW1,16/06/2015 6:00,7170.27,29.73,TRADE
NSW1,16/06/2015 6:30,7908.72,32.39,TRADE
NSW1,16/06/2015 7:00,8558.11,33.03,TRADE
NSW1,16/06/2015 7:30,8973.81,36.15,TRADE
NSW1,16/06/2015 8:00,9240.98,38.75,TRADE
NSW1,16/06/2015 8:30,9384.39,39.64,TRADE
NSW1,16/06/2015 9:00,9299.53,37.76,TRADE
NSW1,16/06/2015 9:30,9295.35,38.1,TRADE
NSW1,16/06/2015 10:00,9332.83,39.4,TRADE
NSW1,16/06/2015 10:30,9343.24,38.95,TRADE
NSW1,16/06/2015 11:00,9317.33,38.82,TRADE
NSW1,16/06/2015 11:30,9287.03,38.98,TRADE
NSW1,16/06/2015 12:00,9310.25,39.62,TRADE
NSW1,16/06/2015 12:30,9347.96,39.22,TRADE
NSW1,16/06/2015 13:00,9321.02,39.33,TRADE
NSW1,16/06/2015 13:30,9322.57,39.43,TRADE
NSW1,16/06/2015 14:00,9282.67,39.55,TRADE
NSW1,16/06/2015 14:30,9266.58,39.43,TRADE
NSW1,16/06/2015 15:00,9209.35,39.53,TRADE
NSW1,16/06/2015 15:30,9230.2,38.98,TRADE
NSW1,16/06/2015 16:00,9404.39,40.28,TRADE
NSW1,16/06/2015 16:30,9483.13,35.58,TRADE
NSW1,16/06/2015 17:00,9928.45,36.07,TRADE
NSW1,16/06/2015 17:30,10473.53,41.43,TRADE
NSW1,16/06/2015 18:00,10711.44,38.44,TRADE
NSW1,16/06/2015 18:30,10611.84,37.04,TRADE
NSW1,16/06/2015 19:00,10441.47,35.82,TRADE
NSW1,16/06/2015 19:30,10093.99,35.96,TRADE
NSW1,16/06/2015 20:00,9858.89,36.51,TRADE
NSW1,16/06/2015 20:30,9631.87,36.15,TRADE
NSW1,16/06/2015 21:00,9386.5,36.63,TRADE
NSW1,16/06/2015 21:30,9125.06,36.18,TRADE
NSW1,16/06/2015 22:00,8835.49,35.45,TRADE
NSW1,16/06/2015 22:30,8764.7,35.98,TRADE
NSW1,16/06/2015 23:00,8463.48,35.8,TRADE
NSW1,16/06/2015 23:30,8369.21,37.14,TRADE
NSW1,17/06/2015 0:00,8262.3,36.6,TRADE
NSW1,17/06/2015 0:30,8079.36,36.02,TRADE
NSW1,17/06/2015 1:00,7847.78,40.23,TRADE
NSW1,17/06/2015 1:30,7627.59,36.01,TRADE
NSW1,17/06/2015 2:00,7426.61,35.9,TRADE
NSW1,17/06/2015 2:30,7044.03,31.97,TRADE
NSW1,17/06/2015 3:00,6725.79,31.09,TRADE
NSW1,17/06/2015 3:30,6539.49,29.18,TRADE
NSW1,17/06/2015 4:00,6383.53,25.45,TRADE
NSW1,17/06/2015 4:30,6400.48,28.57,TRADE
NSW1,17/06/2015 5:00,6521.75,30.51,TRADE
NSW1,17/06/2015 5:30,6816.95,31.22,TRADE
NSW1,17/06/2015 6:00,7165.33,30.64,TRADE
NSW1,17/06/2015 6:30,7885.51,32.46,TRADE
NSW1,17/06/2015 7:00,8569.57,36.93,TRADE
NSW1,17/06/2015 7:30,8999.96,37.37,TRADE
NSW1,17/06/2015 8:00,9355.14,40.07,TRADE
NSW1,17/06/2015 8:30,9493.13,37.16,TRADE
NSW1,17/06/2015 9:00,9414.53,36.01,TRADE
NSW1,17/06/2015 9:30,9451.79,36.62,TRADE
NSW1,17/06/2015 10:00,9515.39,36.71,TRADE
NSW1,17/06/2015 10:30,9494.75,37.71,TRADE
NSW1,17/06/2015 11:00,9412.73,39.84,TRADE
NSW1,17/06/2015 11:30,9279.09,39.54,TRADE
NSW1,17/06/2015 12:00,9204.62,37.88,TRADE
NSW1,17/06/2015 12:30,9293.84,40.15,TRADE
NSW1,17/06/2015 13:00,9290.07,36.02,TRADE
NSW1,17/06/2015 13:30,9187.95,36.32,TRADE
NSW1,17/06/2015 14:00,9210.16,37.42,TRADE
NSW1,17/06/2015 14:30,9141.62,37.16,TRADE
NSW1,17/06/2015 15:00,9113.55,40.43,TRADE
NSW1,17/06/2015 15:30,9120.9,36.58,TRADE
NSW1,17/06/2015 16:00,9300.06,36.35,TRADE
NSW1,17/06/2015 16:30,9495.48,35.65,TRADE
NSW1,17/06/2015 17:00,9802.63,36.86,TRADE
NSW1,17/06/2015 17:30,10267.58,39.1,TRADE
NSW1,17/06/2015 18:00,10539.62,38.67,TRADE
NSW1,17/06/2015 18:30,10456.41,36.05,TRADE
NSW1,17/06/2015 19:00,10374.67,35.91,TRADE
NSW1,17/06/2015 19:30,10057.59,35.61,TRADE
NSW1,17/06/2015 20:00,9877.97,42.72,TRADE
NSW1,17/06/2015 20:30,9680.8,41.72,TRADE
NSW1,17/06/2015 21:00,9452.45,39.47,TRADE
NSW1,17/06/2015 21:30,9325.36,36.21,TRADE
NSW1,17/06/2015 22:00,8961.2,34.24,TRADE
NSW1,17/06/2015 22:30,8949.34,35.05,TRADE
NSW1,17/06/2015 23:00,8686.7,34.36,TRADE
NSW1,17/06/2015 23:30,8513.59,33.76,TRADE
NSW1,18/06/2015 0:00,8350.53,34.46,TRADE
NSW1,18/06/2015 0:30,8106.07,35.45,TRADE
NSW1,18/06/2015 1:00,7921.62,32.05,TRADE
NSW1,18/06/2015 1:30,7741.48,32.62,TRADE
NSW1,18/06/2015 2:00,7509.58,32.86,TRADE
NSW1,18/06/2015 2:30,7118.26,28.28,TRADE
NSW1,18/06/2015 3:00,6845.08,29.21,TRADE
NSW1,18/06/2015 3:30,6665.57,22.42,TRADE
NSW1,18/06/2015 4:00,6566.42,22.27,TRADE
NSW1,18/06/2015 4:30,6573.23,22.5,TRADE
NSW1,18/06/2015 5:00,6714.66,28.35,TRADE
NSW1,18/06/2015 5:30,7030.29,27.87,TRADE
NSW1,18/06/2015 6:00,7426.73,29.69,TRADE
NSW1,18/06/2015 6:30,8181.48,32.04,TRADE
NSW1,18/06/2015 7:00,8872.94,34.49,TRADE
NSW1,18/06/2015 7:30,9360.83,36.34,TRADE
NSW1,18/06/2015 8:00,9733.79,36.95,TRADE
NSW1,18/06/2015 8:30,9740.52,36.31,TRADE
NSW1,18/06/2015 9:00,9556.87,35.96,TRADE
NSW1,18/06/2015 9:30,9418.43,35.95,TRADE
NSW1,18/06/2015 10:00,9335.42,36.01,TRADE
NSW1,18/06/2015 10:30,9279.72,36.01,TRADE
NSW1,18/06/2015 11:00,9199.92,35.26,TRADE
NSW1,18/06/2015 11:30,9051.66,35.74,TRADE
NSW1,18/06/2015 12:00,8974.7,34.73,TRADE
NSW1,18/06/2015 12:30,8888.14,32.79,TRADE
NSW1,18/06/2015 13:00,8869.48,35.31,TRADE
NSW1,18/06/2015 13:30,8915.85,36.01,TRADE
NSW1,18/06/2015 14:00,8904.05,35.43,TRADE
NSW1,18/06/2015 14:30,8869.72,35.96,TRADE
NSW1,18/06/2015 15:00,8886.37,34.86,TRADE
NSW1,18/06/2015 15:30,8939.29,35.24,TRADE
NSW1,18/06/2015 16:00,9224.98,36.27,TRADE
NSW1,18/06/2015 16:30,9535.18,37.99,TRADE
NSW1,18/06/2015 17:00,9987.53,38.08,TRADE
NSW1,18/06/2015 17:30,10533.42,36.56,TRADE
NSW1,18/06/2015 18:00,10811.17,38.72,TRADE
NSW1,18/06/2015 18:30,10829.81,37.98,TRADE
NSW1,18/06/2015 19:00,10726.29,37.92,TRADE
NSW1,18/06/2015 19:30,10489.66,37.11,TRADE
NSW1,18/06/2015 20:00,10266.35,36.24,TRADE
NSW1,18/06/2015 20:30,10169.15,36.34,TRADE
NSW1,18/06/2015 21:00,9949.94,35.95,TRADE
NSW1,18/06/2015 21:30,9631.45,35.17,TRADE
NSW1,18/06/2015 22:00,9341.91,33.69,TRADE
NSW1,18/06/2015 22:30,9241.02,34.57,TRADE
NSW1,18/06/2015 23:00,8959.32,33.56,TRADE
NSW1,18/06/2015 23:30,8763.55,34.13,TRADE
NSW1,19/06/2015 0:00,8619.73,34.26,TRADE
NSW1,19/06/2015 0:30,8424.27,34.21,TRADE
NSW1,19/06/2015 1:00,8204.68,31.82,TRADE
NSW1,19/06/2015 1:30,7993.89,32.27,TRADE
NSW1,19/06/2015 2:00,7714.48,34.96,TRADE
NSW1,19/06/2015 2:30,7397.95,31.83,TRADE
NSW1,19/06/2015 3:00,7107.22,29.85,TRADE
NSW1,19/06/2015 3:30,6877.33,27.71,TRADE
NSW1,19/06/2015 4:00,6700.61,27.56,TRADE
NSW1,19/06/2015 4:30,6715.18,25.68,TRADE
NSW1,19/06/2015 5:00,6832.99,29.97,TRADE
NSW1,19/06/2015 5:30,7146.25,29.22,TRADE
NSW1,19/06/2015 6:00,7530.95,29.16,TRADE
NSW1,19/06/2015 6:30,8283.02,31.09,TRADE
NSW1,19/06/2015 7:00,9049.35,33.97,TRADE
NSW1,19/06/2015 7:30,9628.29,36.97,TRADE
NSW1,19/06/2015 8:00,10113.18,39.6,TRADE
NSW1,19/06/2015 8:30,10234.76,38.43,TRADE
NSW1,19/06/2015 9:00,10110.34,36.14,TRADE
NSW1,19/06/2015 9:30,10074.64,37.4,TRADE
NSW1,19/06/2015 10:00,9943.68,36.02,TRADE
NSW1,19/06/2015 10:30,9825.01,36.03,TRADE
NSW1,19/06/2015 11:00,9697.32,36.02,TRADE
NSW1,19/06/2015 11:30,9483.74,35.69,TRADE
NSW1,19/06/2015 12:00,9471.03,35.73,TRADE
NSW1,19/06/2015 12:30,9292.98,35.65,TRADE
NSW1,19/06/2015 13:00,9232.38,35.71,TRADE
NSW1,19/06/2015 13:30,9204.82,35.96,TRADE
NSW1,19/06/2015 14:00,9171.35,36.22,TRADE
NSW1,19/06/2015 14:30,9145.97,36.03,TRADE
NSW1,19/06/2015 15:00,9140.05,36.02,TRADE
NSW1,19/06/2015 15:30,9226.28,36.08,TRADE
NSW1,19/06/2015 16:00,9488.88,36.6,TRADE
NSW1,19/06/2015 16:30,9736.72,36.53,TRADE
NSW1,19/06/2015 17:00,10183.53,38.45,TRADE
NSW1,19/06/2015 17:30,10743.6,44.87,TRADE
NSW1,19/06/2015 18:00,11106.14,51.11,TRADE
NSW1,19/06/2015 18:30,11025.78,46.23,TRADE
NSW1,19/06/2015 19:00,10861.42,40.12,TRADE
NSW1,19/06/2015 19:30,10639.18,38.37,TRADE
NSW1,19/06/2015 20:00,10392.92,40.09,TRADE
NSW1,19/06/2015 20:30,10245.24,40.67,TRADE
NSW1,19/06/2015 21:00,10158.76,40.72,TRADE
NSW1,19/06/2015 21:30,9914.75,39.53,TRADE
NSW1,19/06/2015 22:00,9605.22,37.95,TRADE
NSW1,19/06/2015 22:30,9575.49,39.94,TRADE
NSW1,19/06/2015 23:00,9259.7,37.16,TRADE
NSW1,19/06/2015 23:30,9055.67,36.15,TRADE
NSW1,20/06/2015 0:00,8896.8,36.65,TRADE
NSW1,20/06/2015 0:30,8634.87,35.99,TRADE
NSW1,20/06/2015 1:00,8376.2,35.69,TRADE
NSW1,20/06/2015 1:30,8091.62,36.3,TRADE
NSW1,20/06/2015 2:00,7808.98,35.79,TRADE
NSW1,20/06/2015 2:30,7416.3,33.43,TRADE
NSW1,20/06/2015 3:00,7092.75,32.38,TRADE
NSW1,20/06/2015 3:30,6916.6,33.25,TRADE
NSW1,20/06/2015 4:00,6748.68,31.19,TRADE
NSW1,20/06/2015 4:30,6663.23,31.24,TRADE
NSW1,20/06/2015 5:00,6696.52,31.86,TRADE
NSW1,20/06/2015 5:30,6878.51,31.6,TRADE
NSW1,20/06/2015 6:00,7006.53,29.17,TRADE
NSW1,20/06/2015 6:30,7313.58,27.63,TRADE
NSW1,20/06/2015 7:00,7659.66,30.83,TRADE
NSW1,20/06/2015 7:30,8089.36,34.86,TRADE
NSW1,20/06/2015 8:00,8655.0,40.02,TRADE
NSW1,20/06/2015 8:30,9104.51,44.91,TRADE
NSW1,20/06/2015 9:00,9295.1,56.61,TRADE
NSW1,20/06/2015 9:30,9390.33,51.74,TRADE
NSW1,20/06/2015 10:00,9284.04,41.11,TRADE
NSW1,20/06/2015 10:30,9176.05,40.88,TRADE
NSW1,20/06/2015 11:00,8936.89,36.07,TRADE
NSW1,20/06/2015 11:30,8665.48,35.97,TRADE
NSW1,20/06/2015 12:00,8415.54,38.01,TRADE
NSW1,20/06/2015 12:30,8239.49,36.45,TRADE
NSW1,20/06/2015 13:00,8064.97,36.93,TRADE
NSW1,20/06/2015 13:30,7864.21,34.54,TRADE
NSW1,20/06/2015 14:00,7870.17,35.05,TRADE
NSW1,20/06/2015 14:30,7877.91,35.0,TRADE
NSW1,20/06/2015 15:00,7895.42,35.02,TRADE
NSW1,20/06/2015 15:30,8042.16,35.43,TRADE
NSW1,20/06/2015 16:00,8283.48,38.89,TRADE
NSW1,20/06/2015 16:30,8726.0,44.22,TRADE
NSW1,20/06/2015 17:00,9288.92,49.42,TRADE
NSW1,20/06/2015 17:30,9911.43,48.4,TRADE
NSW1,20/06/2015 18:00,10460.63,115.8,TRADE
NSW1,20/06/2015 18:30,10457.04,97.84,TRADE
NSW1,20/06/2015 19:00,10295.18,54.54,TRADE
NSW1,20/06/2015 19:30,10048.85,44.43,TRADE
NSW1,20/06/2015 20:00,9855.82,44.29,TRADE
NSW1,20/06/2015 20:30,9729.76,46.28,TRADE
NSW1,20/06/2015 21:00,9576.37,43.9,TRADE
NSW1,20/06/2015 21:30,9393.32,42.94,TRADE
NSW1,20/06/2015 22:00,9168.92,42.25,TRADE
NSW1,20/06/2015 22:30,9113.13,42.13,TRADE
NSW1,20/06/2015 23:00,8855.34,36.76,TRADE
NSW1,20/06/2015 23:30,8675.0,35.84,TRADE
NSW1,21/06/2015 0:00,8474.92,36.01,TRADE
NSW1,21/06/2015 0:30,8182.92,35.77,TRADE
NSW1,21/06/2015 1:00,7850.62,36.34,TRADE
NSW1,21/06/2015 1:30,7606.64,35.65,TRADE
NSW1,21/06/2015 2:00,7391.42,38.0,TRADE
NSW1,21/06/2015 2:30,7069.11,33.22,TRADE
NSW1,21/06/2015 3:00,6818.13,31.48,TRADE
NSW1,21/06/2015 3:30,6601.44,30.26,TRADE
NSW1,21/06/2015 4:00,6487.66,26.49,TRADE
NSW1,21/06/2015 4:30,6467.32,29.15,TRADE
NSW1,21/06/2015 5:00,6511.63,29.96,TRADE
NSW1,21/06/2015 5:30,6618.38,28.37,TRADE
NSW1,21/06/2015 6:00,6733.33,24.23,TRADE
NSW1,21/06/2015 6:30,6959.72,25.46,TRADE
NSW1,21/06/2015 7:00,7217.53,25.5,TRADE
NSW1,21/06/2015 7:30,7626.06,31.28,TRADE
NSW1,21/06/2015 8:00,8142.16,36.69,TRADE
NSW1,21/06/2015 8:30,8549.78,35.96,TRADE
NSW1,21/06/2015 9:00,8858.0,40.25,TRADE
NSW1,21/06/2015 9:30,9003.54,42.07,TRADE
NSW1,21/06/2015 10:00,8946.65,41.98,TRADE
NSW1,21/06/2015 10:30,8913.1,41.3,TRADE
NSW1,21/06/2015 11:00,8673.22,35.56,TRADE
NSW1,21/06/2015 11:30,8607.73,41.98,TRADE
NSW1,21/06/2015 12:00,8472.45,35.42,TRADE
NSW1,21/06/2015 12:30,8383.74,32.39,TRADE
NSW1,21/06/2015 13:00,8319.15,29.57,TRADE
NSW1,21/06/2015 13:30,8227.59,30.68,TRADE
NSW1,21/06/2015 14:00,8169.17,31.81,TRADE
NSW1,21/06/2015 14:30,8192.35,31.46,TRADE
NSW1,21/06/2015 15:00,8221.9,31.72,TRADE
NSW1,21/06/2015 15:30,8335.54,32.65,TRADE
NSW1,21/06/2015 16:00,8554.1,35.88,TRADE
NSW1,21/06/2015 16:30,8928.44,38.83,TRADE
NSW1,21/06/2015 17:00,9491.62,44.18,TRADE
NSW1,21/06/2015 17:30,10096.59,63.11,TRADE
NSW1,21/06/2015 18:00,10609.27,52.66,TRADE
NSW1,21/06/2015 18:30,10637.66,48.95,TRADE
NSW1,21/06/2015 19:00,10532.99,45.7,TRADE
NSW1,21/06/2015 19:30,10309.05,44.09,TRADE
NSW1,21/06/2015 20:00,10123.25,40.92,TRADE
NSW1,21/06/2015 20:30,9929.48,38.1,TRADE
NSW1,21/06/2015 21:00,9691.09,35.15,TRADE
NSW1,21/06/2015 21:30,9455.29,33.23,TRADE
NSW1,21/06/2015 22:00,9117.87,32.74,TRADE
NSW1,21/06/2015 22:30,8897.59,32.13,TRADE
NSW1,21/06/2015 23:00,8485.54,29.61,TRADE
NSW1,21/06/2015 23:30,8310.94,28.66,TRADE
NSW1,22/06/2015 0:00,8061.18,28.1,TRADE
NSW1,22/06/2015 0:30,7798.1,26.25,TRADE
NSW1,22/06/2015 1:00,7612.53,26.56,TRADE
NSW1,22/06/2015 1:30,7435.27,29.96,TRADE
NSW1,22/06/2015 2:00,7246.84,29.06,TRADE
NSW1,22/06/2015 2:30,6954.37,22.63,TRADE
NSW1,22/06/2015 3:00,6743.56,18.96,TRADE
NSW1,22/06/2015 3:30,6643.13,18.96,TRADE
NSW1,22/06/2015 4:00,6629.3,21.36,TRADE
NSW1,22/06/2015 4:30,6677.1,27.41,TRADE
NSW1,22/06/2015 5:00,6792.4,28.79,TRADE
NSW1,22/06/2015 5:30,7149.92,29.47,TRADE
NSW1,22/06/2015 6:00,7593.67,27.64,TRADE
NSW1,22/06/2015 6:30,8471.52,28.44,TRADE
NSW1,22/06/2015 7:00,9307.87,33.28,TRADE
NSW1,22/06/2015 7:30,9886.05,35.67,TRADE
NSW1,22/06/2015 8:00,10312.46,40.55,TRADE
NSW1,22/06/2015 8:30,10363.56,41.03,TRADE
NSW1,22/06/2015 9:00,10178.68,37.89,TRADE
NSW1,22/06/2015 9:30,9997.27,35.97,TRADE
NSW1,22/06/2015 10:00,9851.93,35.82,TRADE
NSW1,22/06/2015 10:30,9564.15,34.93,TRADE
NSW1,22/06/2015 11:00,9339.92,35.46,TRADE
NSW1,22/06/2015 11:30,9096.18,35.3,TRADE
NSW1,22/06/2015 12:00,8873.76,33.91,TRADE
NSW1,22/06/2015 12:30,8773.5,32.03,TRADE
NSW1,22/06/2015 13:00,8612.16,32.2,TRADE
NSW1,22/06/2015 13:30,8522.81,31.96,TRADE
NSW1,22/06/2015 14:00,8589.43,32.25,TRADE
NSW1,22/06/2015 14:30,8615.46,33.22,TRADE
NSW1,22/06/2015 15:00,8671.23,35.09,TRADE
NSW1,22/06/2015 15:30,8743.29,34.37,TRADE
NSW1,22/06/2015 16:00,8947.34,31.72,TRADE
NSW1,22/06/2015 16:30,9252.32,32.98,TRADE
NSW1,22/06/2015 17:00,9866.42,36.13,TRADE
NSW1,22/06/2015 17:30,10652.74,39.35,TRADE
NSW1,22/06/2015 18:00,11270.11,42.52,TRADE
NSW1,22/06/2015 18:30,11278.45,40.52,TRADE
NSW1,22/06/2015 19:00,11131.73,36.86,TRADE
NSW1,22/06/2015 19:30,10903.09,36.05,TRADE
NSW1,22/06/2015 20:00,10647.06,36.51,TRADE
NSW1,22/06/2015 20:30,10432.73,36.01,TRADE
NSW1,22/06/2015 21:00,10157.23,35.48,TRADE
NSW1,22/06/2015 21:30,9897.05,33.55,TRADE
NSW1,22/06/2015 22:00,9454.8,31.98,TRADE
NSW1,22/06/2015 22:30,9304.61,34.89,TRADE
NSW1,22/06/2015 23:00,8870.26,31.98,TRADE
NSW1,22/06/2015 23:30,8714.79,32.35,TRADE
NSW1,23/06/2015 0:00,8570.71,31.69,TRADE
NSW1,23/06/2015 0:30,8333.84,31.67,TRADE
NSW1,23/06/2015 1:00,8123.86,31.1,TRADE
NSW1,23/06/2015 1:30,7961.62,32.25,TRADE
NSW1,23/06/2015 2:00,7734.81,32.71,TRADE
NSW1,23/06/2015 2:30,7366.1,29.89,TRADE
NSW1,23/06/2015 3:00,7030.33,21.49,TRADE
NSW1,23/06/2015 3:30,6821.5,19.31,TRADE
NSW1,23/06/2015 4:00,6767.73,19.06,TRADE
NSW1,23/06/2015 4:30,6734.21,18.97,TRADE
NSW1,23/06/2015 5:00,6865.04,25.39,TRADE
NSW1,23/06/2015 5:30,7208.3,29.25,TRADE
NSW1,23/06/2015 6:00,7675.84,28.35,TRADE
NSW1,23/06/2015 6:30,8487.22,28.45,TRADE
NSW1,23/06/2015 7:00,9298.98,33.34,TRADE
NSW1,23/06/2015 7:30,9909.6,39.61,TRADE
NSW1,23/06/2015 8:00,10279.13,39.38,TRADE
NSW1,23/06/2015 8:30,10286.9,38.38,TRADE
NSW1,23/06/2015 9:00,10040.79,35.85,TRADE
NSW1,23/06/2015 9:30,9746.12,36.0,TRADE
NSW1,23/06/2015 10:00,9527.6,36.18,TRADE
NSW1,23/06/2015 10:30,9315.73,35.09,TRADE
NSW1,23/06/2015 11:00,9157.18,33.85,TRADE
NSW1,23/06/2015 11:30,8943.89,32.42,TRADE
NSW1,23/06/2015 12:00,8761.73,31.81,TRADE
NSW1,23/06/2015 12:30,8666.99,31.79,TRADE
NSW1,23/06/2015 13:00,8557.44,31.77,TRADE
NSW1,23/06/2015 13:30,8494.3,31.78,TRADE
NSW1,23/06/2015 14:00,8503.05,32.07,TRADE
NSW1,23/06/2015 14:30,8436.4,33.53,TRADE
NSW1,23/06/2015 15:00,8444.91,32.45,TRADE
NSW1,23/06/2015 15:30,8511.73,34.95,TRADE
NSW1,23/06/2015 16:00,8745.17,33.29,TRADE
NSW1,23/06/2015 16:30,9076.15,35.63,TRADE
NSW1,23/06/2015 17:00,9541.52,37.99,TRADE
NSW1,23/06/2015 17:30,10252.96,40.49,TRADE
NSW1,23/06/2015 18:00,10835.18,44.19,TRADE
NSW1,23/06/2015 18:30,10841.32,41.96,TRADE
NSW1,23/06/2015 19:00,10756.96,38.74,TRADE
NSW1,23/06/2015 19:30,10499.89,36.01,TRADE
NSW1,23/06/2015 20:00,10300.92,36.02,TRADE
NSW1,23/06/2015 20:30,10097.56,37.96,TRADE
NSW1,23/06/2015 21:00,9795.57,35.71,TRADE
NSW1,23/06/2015 21:30,9539.28,35.44,TRADE
NSW1,23/06/2015 22:00,9144.07,34.06,TRADE
NSW1,23/06/2015 22:30,9045.43,35.23,TRADE
NSW1,23/06/2015 23:00,8668.09,33.56,TRADE
NSW1,23/06/2015 23:30,8535.01,32.87,TRADE
NSW1,24/06/2015 0:00,8399.18,34.05,TRADE
NSW1,24/06/2015 0:30,8158.07,32.31,TRADE
NSW1,24/06/2015 1:00,7974.82,31.48,TRADE
NSW1,24/06/2015 1:30,7805.21,33.77,TRADE
NSW1,24/06/2015 2:00,7526.25,30.88,TRADE
NSW1,24/06/2015 2:30,7186.94,28.93,TRADE
NSW1,24/06/2015 3:00,6847.74,24.83,TRADE
NSW1,24/06/2015 3:30,6590.73,19.69,TRADE
NSW1,24/06/2015 4:00,6499.66,18.96,TRADE
NSW1,24/06/2015 4:30,6494.36,18.96,TRADE
NSW1,24/06/2015 5:00,6619.83,23.68,TRADE
NSW1,24/06/2015 5:30,6983.2,27.51,TRADE
NSW1,24/06/2015 6:00,7413.07,23.62,TRADE
NSW1,24/06/2015 6:30,8191.17,29.25,TRADE
NSW1,24/06/2015 7:00,8914.62,35.17,TRADE
NSW1,24/06/2015 7:30,9356.82,35.91,TRADE
NSW1,24/06/2015 8:00,9723.44,36.28,TRADE
NSW1,24/06/2015 8:30,9763.3,37.32,TRADE
NSW1,24/06/2015 9:00,9535.9,36.0,TRADE
NSW1,24/06/2015 9:30,9339.17,35.94,TRADE
NSW1,24/06/2015 10:00,9284.26,35.97,TRADE
NSW1,24/06/2015 10:30,9173.64,35.51,TRADE
NSW1,24/06/2015 11:00,8987.53,34.8,TRADE
NSW1,24/06/2015 11:30,8812.82,32.5,TRADE
NSW1,24/06/2015 12:00,8742.36,32.37,TRADE
NSW1,24/06/2015 12:30,8683.95,32.24,TRADE
NSW1,24/06/2015 13:00,8619.14,33.93,TRADE
NSW1,24/06/2015 13:30,8525.9,31.92,TRADE
NSW1,24/06/2015 14:00,8470.26,31.89,TRADE
NSW1,24/06/2015 14:30,8465.17,31.67,TRADE
NSW1,24/06/2015 15:00,8489.62,31.75,TRADE
NSW1,24/06/2015 15:30,8543.98,32.12,TRADE
NSW1,24/06/2015 16:00,8737.9,31.8,TRADE
NSW1,24/06/2015 16:30,8984.41,32.83,TRADE
NSW1,24/06/2015 17:00,9414.95,35.57,TRADE
NSW1,24/06/2015 17:30,10004.84,35.94,TRADE
NSW1,24/06/2015 18:00,10446.67,37.24,TRADE
NSW1,24/06/2015 18:30,10426.84,35.77,TRADE
NSW1,24/06/2015 19:00,10290.75,35.82,TRADE
NSW1,24/06/2015 19:30,10030.81,34.82,TRADE
NSW1,24/06/2015 20:00,9788.24,34.89,TRADE
NSW1,24/06/2015 20:30,9593.89,35.07,TRADE
NSW1,24/06/2015 21:00,9395.87,35.07,TRADE
NSW1,24/06/2015 21:30,9103.5,34.99,TRADE
NSW1,24/06/2015 22:00,8791.27,33.32,TRADE
NSW1,24/06/2015 22:30,8771.28,34.92,TRADE
NSW1,24/06/2015 23:00,8491.31,32.81,TRADE
NSW1,24/06/2015 23:30,8382.02,31.82,TRADE
NSW1,25/06/2015 0:00,8263.51,32.25,TRADE
NSW1,25/06/2015 0:30,8113.06,32.04,TRADE
NSW1,25/06/2015 1:00,7952.2,30.63,TRADE
NSW1,25/06/2015 1:30,7734.37,30.25,TRADE
NSW1,25/06/2015 2:00,7514.75,25.92,TRADE
NSW1,25/06/2015 2:30,7132.71,26.57,TRADE
NSW1,25/06/2015 3:00,6852.85,21.56,TRADE
NSW1,25/06/2015 3:30,6680.43,23.06,TRADE
NSW1,25/06/2015 4:00,6597.83,21.76,TRADE
NSW1,25/06/2015 4:30,6597.45,20.38,TRADE
NSW1,25/06/2015 5:00,6700.84,25.65,TRADE
NSW1,25/06/2015 5:30,7049.46,29.13,TRADE
NSW1,25/06/2015 6:00,7437.49,27.22,TRADE
NSW1,25/06/2015 6:30,8146.03,28.94,TRADE
NSW1,25/06/2015 7:00,8764.01,33.27,TRADE
NSW1,25/06/2015 7:30,9137.06,35.67,TRADE
NSW1,25/06/2015 8:00,9496.4,36.24,TRADE
NSW1,25/06/2015 8:30,9510.66,35.84,TRADE
NSW1,25/06/2015 9:00,9353.55,35.63,TRADE
NSW1,25/06/2015 9:30,9297.51,35.78,TRADE
NSW1,25/06/2015 10:00,9138.99,33.51,TRADE
NSW1,25/06/2015 10:30,9044.76,31.97,TRADE
NSW1,25/06/2015 11:00,8939.12,32.11,TRADE
NSW1,25/06/2015 11:30,8775.66,33.24,TRADE
NSW1,25/06/2015 12:00,8586.41,31.67,TRADE
NSW1,25/06/2015 12:30,8543.59,31.85,TRADE
NSW1,25/06/2015 13:00,8571.95,31.92,TRADE
NSW1,25/06/2015 13:30,8588.55,32.33,TRADE
NSW1,25/06/2015 14:00,8610.61,32.8,TRADE
NSW1,25/06/2015 14:30,8692.49,32.25,TRADE
NSW1,25/06/2015 15:00,8704.79,31.86,TRADE
NSW1,25/06/2015 15:30,8792.29,33.42,TRADE
NSW1,25/06/2015 16:00,9074.06,34.68,TRADE
NSW1,25/06/2015 16:30,9343.76,34.42,TRADE
NSW1,25/06/2015 17:00,9726.09,35.23,TRADE
NSW1,25/06/2015 17:30,10101.14,34.89,TRADE
NSW1,25/06/2015 18:00,10509.13,39.69,TRADE
NSW1,25/06/2015 18:30,10496.91,36.38,TRADE
NSW1,25/06/2015 19:00,10355.65,35.89,TRADE
NSW1,25/06/2015 19:30,10158.15,35.8,TRADE
NSW1,25/06/2015 20:00,9960.34,34.99,TRADE
NSW1,25/06/2015 20:30,9776.79,36.49,TRADE
NSW1,25/06/2015 21:00,9568.03,34.63,TRADE
NSW1,25/06/2015 21:30,9323.96,34.79,TRADE
NSW1,25/06/2015 22:00,9042.86,34.89,TRADE
NSW1,25/06/2015 22:30,9017.37,34.94,TRADE
NSW1,25/06/2015 23:00,8700.4,34.29,TRADE
NSW1,25/06/2015 23:30,8539.71,34.44,TRADE
NSW1,26/06/2015 0:00,8468.52,35.9,TRADE
NSW1,26/06/2015 0:30,8203.54,34.78,TRADE
NSW1,26/06/2015 1:00,8032.94,33.23,TRADE
NSW1,26/06/2015 1:30,7807.82,31.89,TRADE
NSW1,26/06/2015 2:00,7604.39,34.88,TRADE
NSW1,26/06/2015 2:30,7277.32,32.14,TRADE
NSW1,26/06/2015 3:00,6977.39,30.56,TRADE
NSW1,26/06/2015 3:30,6739.56,28.42,TRADE
NSW1,26/06/2015 4:00,6605.62,25.36,TRADE
NSW1,26/06/2015 4:30,6630.84,25.51,TRADE
NSW1,26/06/2015 5:00,6716.34,27.0,TRADE
NSW1,26/06/2015 5:30,7058.56,29.96,TRADE
NSW1,26/06/2015 6:00,7532.9,28.26,TRADE
NSW1,26/06/2015 6:30,8237.87,30.09,TRADE
NSW1,26/06/2015 7:00,8945.38,36.09,TRADE
NSW1,26/06/2015 7:30,9386.84,39.87,TRADE
NSW1,26/06/2015 8:00,9727.37,40.39,TRADE
NSW1,26/06/2015 8:30,9784.24,39.43,TRADE
NSW1,26/06/2015 9:00,9570.72,35.81,TRADE
NSW1,26/06/2015 9:30,9431.39,36.01,TRADE
NSW1,26/06/2015 10:00,9300.23,36.03,TRADE
NSW1,26/06/2015 10:30,9107.39,35.75,TRADE
NSW1,26/06/2015 11:00,9014.37,36.07,TRADE
NSW1,26/06/2015 11:30,8832.61,34.83,TRADE
NSW1,26/06/2015 12:00,8696.88,31.95,TRADE
NSW1,26/06/2015 12:30,8545.82,31.69,TRADE
NSW1,26/06/2015 13:00,8488.63,31.83,TRADE
NSW1,26/06/2015 13:30,8432.07,31.53,TRADE
NSW1,26/06/2015 14:00,8393.03,31.59,TRADE
NSW1,26/06/2015 14:30,8389.74,30.21,TRADE
NSW1,26/06/2015 15:00,8345.53,28.05,TRADE
NSW1,26/06/2015 15:30,8346.74,29.16,TRADE
NSW1,26/06/2015 16:00,8506.92,32.35,TRADE
NSW1,26/06/2015 16:30,8748.16,33.35,TRADE
NSW1,26/06/2015 17:00,9194.54,36.82,TRADE
NSW1,26/06/2015 17:30,9818.36,38.55,TRADE
NSW1,26/06/2015 18:00,10263.0,40.79,TRADE
NSW1,26/06/2015 18:30,10293.18,37.21,TRADE
NSW1,26/06/2015 19:00,10143.57,35.88,TRADE
NSW1,26/06/2015 19:30,9938.63,35.69,TRADE
NSW1,26/06/2015 20:00,9796.14,35.08,TRADE
NSW1,26/06/2015 20:30,9685.51,37.96,TRADE
NSW1,26/06/2015 21:00,9522.88,35.57,TRADE
NSW1,26/06/2015 21:30,9371.51,35.45,TRADE
NSW1,26/06/2015 22:00,9140.4,34.57,TRADE
NSW1,26/06/2015 22:30,9130.4,35.63,TRADE
NSW1,26/06/2015 23:00,8880.89,35.07,TRADE
NSW1,26/06/2015 23:30,8754.22,34.89,TRADE
NSW1,27/06/2015 0:00,8684.79,35.11,TRADE
NSW1,27/06/2015 0:30,8447.26,31.92,TRADE
NSW1,27/06/2015 1:00,8204.29,31.86,TRADE
NSW1,27/06/2015 1:30,7973.29,33.66,TRADE
NSW1,27/06/2015 2:00,7716.7,31.75,TRADE
NSW1,27/06/2015 2:30,7295.43,31.07,TRADE
NSW1,27/06/2015 3:00,7030.21,29.96,TRADE
NSW1,27/06/2015 3:30,6773.92,27.75,TRADE
NSW1,27/06/2015 4:00,6587.72,25.21,TRADE
NSW1,27/06/2015 4:30,6603.32,25.42,TRADE
NSW1,27/06/2015 5:00,6657.74,27.0,TRADE
NSW1,27/06/2015 5:30,6821.74,30.3,TRADE
NSW1,27/06/2015 6:00,6941.58,29.55,TRADE
NSW1,27/06/2015 6:30,7283.25,27.01,TRADE
NSW1,27/06/2015 7:00,7639.08,29.3,TRADE
NSW1,27/06/2015 7:30,8058.07,31.55,TRADE
NSW1,27/06/2015 8:00,8568.03,34.93,TRADE
NSW1,27/06/2015 8:30,8902.8,35.56,TRADE
NSW1,27/06/2015 9:00,9041.05,34.45,TRADE
NSW1,27/06/2015 9:30,9120.93,34.87,TRADE
NSW1,27/06/2015 10:00,8948.47,31.94,TRADE
NSW1,27/06/2015 10:30,8787.55,31.37,TRADE
NSW1,27/06/2015 11:00,8532.68,30.93,TRADE
NSW1,27/06/2015 11:30,8226.5,27.0,TRADE
NSW1,27/06/2015 12:00,8054.99,27.78,TRADE
NSW1,27/06/2015 12:30,7886.37,27.67,TRADE
NSW1,27/06/2015 13:00,7733.47,25.48,TRADE
NSW1,27/06/2015 13:30,7634.48,28.25,TRADE
NSW1,27/06/2015 14:00,7562.65,27.85,TRADE
NSW1,27/06/2015 14:30,7496.8,27.27,TRADE
NSW1,27/06/2015 15:00,7512.82,27.94,TRADE
NSW1,27/06/2015 15:30,7647.01,31.51,TRADE
NSW1,27/06/2015 16:00,7914.13,32.14,TRADE
NSW1,27/06/2015 16:30,8201.6,32.47,TRADE
NSW1,27/06/2015 17:00,8732.07,34.75,TRADE
NSW1,27/06/2015 17:30,9274.03,37.79,TRADE
NSW1,27/06/2015 18:00,9861.47,39.2,TRADE
NSW1,27/06/2015 18:30,9838.44,35.22,TRADE
NSW1,27/06/2015 19:00,9720.99,33.94,TRADE
NSW1,27/06/2015 19:30,9554.88,32.18,TRADE
NSW1,27/06/2015 20:00,9347.37,31.88,TRADE
NSW1,27/06/2015 20:30,9220.83,33.68,TRADE
NSW1,27/06/2015 21:00,9088.55,33.76,TRADE
NSW1,27/06/2015 21:30,8892.24,31.88,TRADE
NSW1,27/06/2015 22:00,8796.06,32.02,TRADE
NSW1,27/06/2015 22:30,8765.44,34.31,TRADE
NSW1,27/06/2015 23:00,8562.18,34.86,TRADE
NSW1,27/06/2015 23:30,8448.14,33.31,TRADE
NSW1,28/06/2015 0:00,8269.93,34.25,TRADE
NSW1,28/06/2015 0:30,7941.0,31.95,TRADE
NSW1,28/06/2015 1:00,7669.74,31.86,TRADE
NSW1,28/06/2015 1:30,7449.15,31.29,TRADE
NSW1,28/06/2015 2:00,7232.02,30.59,TRADE
NSW1,28/06/2015 2:30,6912.06,25.85,TRADE
NSW1,28/06/2015 3:00,6723.55,26.94,TRADE
NSW1,28/06/2015 3:30,6527.68,24.88,TRADE
NSW1,28/06/2015 4:00,6438.2,25.01,TRADE
NSW1,28/06/2015 4:30,6424.87,25.36,TRADE
NSW1,28/06/2015 5:00,6507.46,25.5,TRADE
NSW1,28/06/2015 5:30,6614.81,25.48,TRADE
NSW1,28/06/2015 6:00,6743.05,25.33,TRADE
NSW1,28/06/2015 6:30,6974.48,25.47,TRADE
NSW1,28/06/2015 7:00,7283.96,29.76,TRADE
NSW1,28/06/2015 7:30,7621.07,29.88,TRADE
NSW1,28/06/2015 8:00,8122.15,35.09,TRADE
NSW1,28/06/2015 8:30,8564.95,39.93,TRADE
NSW1,28/06/2015 9:00,8849.97,36.32,TRADE
NSW1,28/06/2015 9:30,8948.92,36.98,TRADE
NSW1,28/06/2015 10:00,8886.04,36.02,TRADE
NSW1,28/06/2015 10:30,8726.57,35.97,TRADE
NSW1,28/06/2015 11:00,8498.0,35.91,TRADE
NSW1,28/06/2015 11:30,8196.74,35.5,TRADE
NSW1,28/06/2015 12:00,7993.11,30.61,TRADE
NSW1,28/06/2015 12:30,7859.97,30.01,TRADE
NSW1,28/06/2015 13:00,7727.56,29.93,TRADE
NSW1,28/06/2015 13:30,7564.33,29.31,TRADE
NSW1,28/06/2015 14:00,7520.78,30.04,TRADE
NSW1,28/06/2015 14:30,7540.05,30.85,TRADE
NSW1,28/06/2015 15:00,7639.07,31.48,TRADE
NSW1,28/06/2015 15:30,7825.75,32.77,TRADE
NSW1,28/06/2015 16:00,8004.37,32.64,TRADE
NSW1,28/06/2015 16:30,8347.68,31.88,TRADE
NSW1,28/06/2015 17:00,8835.88,34.07,TRADE
NSW1,28/06/2015 17:30,9528.75,38.8,TRADE
NSW1,28/06/2015 18:00,10179.84,40.75,TRADE
NSW1,28/06/2015 18:30,10287.0,39.45,TRADE
NSW1,28/06/2015 19:00,10202.42,36.3,TRADE
NSW1,28/06/2015 19:30,10006.67,35.8,TRADE
NSW1,28/06/2015 20:00,9867.11,36.85,TRADE
NSW1,28/06/2015 20:30,9666.8,35.97,TRADE
NSW1,28/06/2015 21:00,9465.69,35.11,TRADE
NSW1,28/06/2015 21:30,9292.34,35.24,TRADE
NSW1,28/06/2015 22:00,8946.89,34.3,TRADE
NSW1,28/06/2015 22:30,8714.06,33.72,TRADE
NSW1,28/06/2015 23:00,8430.8,32.7,TRADE
NSW1,28/06/2015 23:30,8290.36,32.19,TRADE
NSW1,29/06/2015 0:00,8059.58,29.87,TRADE
NSW1,29/06/2015 0:30,7791.79,31.12,TRADE
NSW1,29/06/2015 1:00,7570.49,30.89,TRADE
NSW1,29/06/2015 1:30,7377.63,26.99,TRADE
NSW1,29/06/2015 2:00,7150.7,25.7,TRADE
NSW1,29/06/2015 2:30,6948.58,23.67,TRADE
NSW1,29/06/2015 3:00,6684.5,19.03,TRADE
NSW1,29/06/2015 3:30,6619.93,22.66,TRADE
NSW1,29/06/2015 4:00,6562.92,20.83,TRADE
NSW1,29/06/2015 4:30,6596.95,24.62,TRADE
NSW1,29/06/2015 5:00,6770.18,24.34,TRADE
NSW1,29/06/2015 5:30,7129.8,29.23,TRADE
NSW1,29/06/2015 6:00,7535.46,28.51,TRADE
NSW1,29/06/2015 6:30,8260.7,27.9,TRADE
NSW1,29/06/2015 7:00,8894.84,30.01,TRADE
NSW1,29/06/2015 7:30,9336.97,34.63,TRADE
NSW1,29/06/2015 8:00,9802.43,36.33,TRADE
NSW1,29/06/2015 8:30,10009.52,36.89,TRADE
NSW1,29/06/2015 9:00,10034.05,36.14,TRADE
NSW1,29/06/2015 9:30,9957.45,36.03,TRADE
NSW1,29/06/2015 10:00,9786.19,35.83,TRADE
NSW1,29/06/2015 10:30,9603.11,36.02,TRADE
NSW1,29/06/2015 11:00,9400.41,35.92,TRADE
NSW1,29/06/2015 11:30,9165.71,36.24,TRADE
NSW1,29/06/2015 12:00,8941.64,35.72,TRADE
NSW1,29/06/2015 12:30,8825.51,35.54,TRADE
NSW1,29/06/2015 13:00,8671.31,34.94,TRADE
NSW1,29/06/2015 13:30,8662.14,34.96,TRADE
NSW1,29/06/2015 14:00,8626.06,35.1,TRADE
NSW1,29/06/2015 14:30,8613.06,35.03,TRADE
NSW1,29/06/2015 15:00,8606.77,35.1,TRADE
NSW1,29/06/2015 15:30,8658.34,35.31,TRADE
NSW1,29/06/2015 16:00,8825.76,35.31,TRADE
NSW1,29/06/2015 16:30,9094.98,36.49,TRADE
NSW1,29/06/2015 17:00,9638.7,38.11,TRADE
NSW1,29/06/2015 17:30,10319.28,43.56,TRADE
NSW1,29/06/2015 18:00,10885.34,49.66,TRADE
NSW1,29/06/2015 18:30,10930.1,61.95,TRADE
NSW1,29/06/2015 19:00,10866.74,44.45,TRADE
NSW1,29/06/2015 19:30,10630.68,38.76,TRADE
NSW1,29/06/2015 20:00,10383.56,37.58,TRADE
NSW1,29/06/2015 20:30,10195.32,37.59,TRADE
NSW1,29/06/2015 21:00,10069.6,36.03,TRADE
NSW1,29/06/2015 21:30,9820.3,36.0,TRADE
NSW1,29/06/2015 22:00,9414.3,35.48,TRADE
NSW1,29/06/2015 22:30,9332.97,36.99,TRADE
NSW1,29/06/2015 23:00,8988.18,35.14,TRADE
NSW1,29/06/2015 23:30,8913.99,36.68,TRADE
NSW1,30/06/2015 0:00,8715.19,36.49,TRADE
NSW1,30/06/2015 0:30,8431.84,35.65,TRADE
NSW1,30/06/2015 1:00,8235.9,36.76,TRADE
NSW1,30/06/2015 1:30,8097.24,33.7,TRADE
NSW1,30/06/2015 2:00,7829.17,31.61,TRADE
NSW1,30/06/2015 2:30,7480.25,31.23,TRADE
NSW1,30/06/2015 3:00,7225.51,31.52,TRADE
NSW1,30/06/2015 3:30,7014.59,30.86,TRADE
NSW1,30/06/2015 4:00,6889.54,29.03,TRADE
NSW1,30/06/2015 4:30,6846.09,29.74,TRADE
NSW1,30/06/2015 5:00,6990.74,29.92,TRADE
NSW1,30/06/2015 5:30,7308.21,32.57,TRADE
NSW1,30/06/2015 6:00,7666.28,31.29,TRADE
NSW1,30/06/2015 6:30,8457.93,32.26,TRADE
NSW1,30/06/2015 7:00,9061.31,34.95,TRADE
NSW1,30/06/2015 7:30,9447.65,35.9,TRADE
NSW1,30/06/2015 8:00,9827.96,36.87,TRADE
NSW1,30/06/2015 8:30,10045.59,37.35,TRADE
NSW1,30/06/2015 9:00,10135.0,39.59,TRADE
NSW1,30/06/2015 9:30,10147.83,38.99,TRADE
NSW1,30/06/2015 10:00,10127.79,44.02,TRADE
NSW1,30/06/2015 10:30,10006.68,39.49,TRADE
NSW1,30/06/2015 11:00,9854.75,38.11,TRADE
NSW1,30/06/2015 11:30,9684.01,36.02,TRADE
NSW1,30/06/2015 12:00,9419.72,35.99,TRADE
NSW1,30/06/2015 12:30,9179.53,35.94,TRADE
NSW1,30/06/2015 13:00,9049.0,35.86,TRADE
NSW1,30/06/2015 13:30,8925.66,35.87,TRADE
NSW1,30/06/2015 14:00,8823.85,35.64,TRADE
NSW1,30/06/2015 14:30,8827.27,35.03,TRADE
NSW1,30/06/2015 15:00,8808.9,35.13,TRADE
NSW1,30/06/2015 15:30,8873.32,35.57,TRADE
NSW1,30/06/2015 16:00,9052.95,35.33,TRADE
NSW1,30/06/2015 16:30,9351.74,35.52,TRADE
NSW1,30/06/2015 17:00,9871.01,38.7,TRADE
NSW1,30/06/2015 17:30,10479.45,46.09,TRADE
NSW1,30/06/2015 18:00,10964.47,43.6,TRADE
NSW1,30/06/2015 18:30,10915.92,38.6,TRADE
NSW1,30/06/2015 19:00,10807.21,36.36,TRADE
NSW1,30/06/2015 19:30,10553.51,37.15,TRADE
NSW1,30/06/2015 20:00,10304.28,36.31,TRADE
NSW1,30/06/2015 20:30,10116.5,37.08,TRADE
NSW1,30/06/2015 21:00,9916.77,36.01,TRADE
NSW1,30/06/2015 21:30,9692.92,35.49,TRADE
NSW1,30/06/2015 22:00,9347.06,35.03,TRADE
NSW1,30/06/2015 22:30,9246.98,36.9,TRADE
NSW1,30/06/2015 23:00,8897.81,36.81,TRADE
NSW1,30/06/2015 23:30,8717.02,34.72,TRADE
NSW1,1/07/2015 0:00,8600.44,34.81,TRADE
NSW1,1/07/2015 0:30,8350.09,35.4,TRADE
NSW1,1/07/2015 1:00,8165.97,35.24,TRADE
NSW1,1/07/2015 1:30,7985.61,35.09,TRADE
NSW1,1/07/2015 2:00,7714.44,34.13,TRADE
NSW1,1/07/2015 2:30,7406.0,31.84,TRADE
NSW1,1/07/2015 3:00,7094.14,28.4,TRADE
NSW1,1/07/2015 3:30,6813.12,21.01,TRADE
NSW1,1/07/2015 4:00,6736.15,24.2,TRADE
NSW1,1/07/2015 4:30,6724.14,21.66,TRADE
NSW1,1/07/2015 5:00,6860.89,28.43,TRADE
NSW1,1/07/2015 5:30,7194.19,32.34,TRADE
NSW1,1/07/2015 6:00,7560.25,34.52,TRADE
NSW1,1/07/2015 6:30,8218.23,34.76,TRADE
NSW1,1/07/2015 7:00,8821.65,33.51,TRADE
NSW1,1/07/2015 7:30,9246.29,35.65,TRADE
NSW1,1/07/2015 8:00,9687.41,38.0,TRADE
NSW1,1/07/2015 8:30,9869.8,38.99,TRADE
NSW1,1/07/2015 9:00,9800.71,38.15,TRADE
NSW1,1/07/2015 9:30,9780.67,37.35,TRADE
NSW1,1/07/2015 10:00,9631.99,36.08,TRADE
NSW1,1/07/2015 10:30,9493.78,36.0,TRADE
NSW1,1/07/2015 11:00,9261.78,35.46,TRADE
NSW1,1/07/2015 11:30,9026.0,35.26,TRADE
NSW1,1/07/2015 12:00,8876.33,32.05,TRADE
NSW1,1/07/2015 12:30,8763.56,31.5,TRADE
NSW1,1/07/2015 13:00,8669.16,29.1,TRADE
NSW1,1/07/2015 13:30,8598.05,27.73,TRADE
NSW1,1/07/2015 14:00,8583.67,27.91,TRADE
NSW1,1/07/2015 14:30,8564.2,28.17,TRADE
NSW1,1/07/2015 15:00,8567.68,30.04,TRADE
NSW1,1/07/2015 15:30,8626.29,31.45,TRADE
NSW1,1/07/2015 16:00,8760.64,31.87,TRADE
NSW1,1/07/2015 16:30,8991.28,32.07,TRADE
NSW1,1/07/2015 17:00,9497.66,35.31,TRADE
NSW1,1/07/2015 17:30,10260.25,38.73,TRADE
NSW1,1/07/2015 18:00,10844.84,41.72,TRADE
NSW1,1/07/2015 18:30,10943.66,40.21,TRADE
NSW1,1/07/2015 19:00,10831.63,37.85,TRADE
NSW1,1/07/2015 19:30,10583.36,35.88,TRADE
NSW1,1/07/2015 20:00,10419.21,36.03,TRADE
NSW1,1/07/2015 20:30,10259.54,36.2,TRADE
NSW1,1/07/2015 21:00,10079.08,35.63,TRADE
NSW1,1/07/2015 21:30,9794.89,34.91,TRADE
NSW1,1/07/2015 22:00,9418.24,35.05,TRADE
NSW1,1/07/2015 22:30,9366.98,36.05,TRADE
NSW1,1/07/2015 23:00,9055.51,35.23,TRADE
NSW1,1/07/2015 23:30,8811.82,33.88,TRADE
NSW1,2/07/2015 0:00,8690.95,35.05,TRADE
NSW1,2/07/2015 0:30,8462.34,35.67,TRADE
NSW1,2/07/2015 1:00,8219.61,34.89,TRADE
NSW1,2/07/2015 1:30,8028.69,32.75,TRADE
NSW1,2/07/2015 2:00,7800.69,29.07,TRADE
NSW1,2/07/2015 2:30,7407.97,24.37,TRADE
NSW1,2/07/2015 3:00,7139.86,19.95,TRADE
NSW1,2/07/2015 3:30,6942.69,17.41,TRADE
NSW1,2/07/2015 4:00,6819.63,18.58,TRADE
NSW1,2/07/2015 4:30,6832.3,18.96,TRADE
NSW1,2/07/2015 5:00,6919.53,19.09,TRADE
NSW1,2/07/2015 5:30,7209.59,24.24,TRADE
NSW1,2/07/2015 6:00,7584.6,22.03,TRADE
NSW1,2/07/2015 6:30,8294.59,28.38,TRADE
NSW1,2/07/2015 7:00,8963.06,31.94,TRADE
NSW1,2/07/2015 7:30,9461.45,34.96,TRADE
NSW1,2/07/2015 8:00,9994.51,38.31,TRADE
NSW1,2/07/2015 8:30,10250.03,36.04,TRADE
NSW1,2/07/2015 9:00,10277.97,37.94,TRADE
NSW1,2/07/2015 9:30,10181.12,36.98,TRADE
NSW1,2/07/2015 10:00,9963.41,35.82,TRADE
NSW1,2/07/2015 10:30,9779.93,35.66,TRADE
NSW1,2/07/2015 11:00,9574.31,34.09,TRADE
NSW1,2/07/2015 11:30,9312.81,32.14,TRADE
NSW1,2/07/2015 12:00,9194.41,31.85,TRADE
NSW1,2/07/2015 12:30,9068.16,31.78,TRADE
NSW1,2/07/2015 13:00,8988.0,31.75,TRADE
NSW1,2/07/2015 13:30,8909.7,31.87,TRADE
NSW1,2/07/2015 14:00,8785.96,31.81,TRADE
NSW1,2/07/2015 14:30,8746.77,31.81,TRADE
NSW1,2/07/2015 15:00,8775.39,31.82,TRADE
NSW1,2/07/2015 15:30,8870.81,33.21,TRADE
NSW1,2/07/2015 16:00,9104.9,34.59,TRADE
NSW1,2/07/2015 16:30,9469.1,36.41,TRADE
NSW1,2/07/2015 17:00,10101.84,38.58,TRADE
NSW1,2/07/2015 17:30,10765.74,42.95,TRADE
NSW1,2/07/2015 18:00,11396.2,70.74,TRADE
NSW1,2/07/2015 18:30,11490.45,85.77,TRADE
NSW1,2/07/2015 19:00,11428.23,63.87,TRADE
NSW1,2/07/2015 19:30,11195.5,47.92,TRADE
NSW1,2/07/2015 20:00,10934.64,45.26,TRADE
NSW1,2/07/2015 20:30,10770.08,44.27,TRADE
NSW1,2/07/2015 21:00,10596.83,42.85,TRADE
NSW1,2/07/2015 21:30,10328.89,37.67,TRADE
NSW1,2/07/2015 22:00,9956.97,36.02,TRADE
NSW1,2/07/2015 22:30,9802.14,38.3,TRADE
NSW1,2/07/2015 23:00,9457.37,35.97,TRADE
NSW1,2/07/2015 23:30,9260.04,36.0,TRADE
NSW1,3/07/2015 0:00,9058.82,36.76,TRADE
NSW1,3/07/2015 0:30,8777.51,36.03,TRADE
NSW1,3/07/2015 1:00,8529.66,35.83,TRADE
NSW1,3/07/2015 1:30,8391.88,36.19,TRADE
NSW1,3/07/2015 2:00,8122.11,35.64,TRADE
NSW1,3/07/2015 2:30,7779.42,35.99,TRADE
NSW1,3/07/2015 3:00,7498.52,34.25,TRADE
NSW1,3/07/2015 3:30,7245.66,32.25,TRADE
NSW1,3/07/2015 4:00,7134.35,32.3,TRADE
NSW1,3/07/2015 4:30,7125.17,34.64,TRADE
NSW1,3/07/2015 5:00,7261.54,36.03,TRADE
NSW1,3/07/2015 5:30,7641.5,40.82,TRADE
NSW1,3/07/2015 6:00,8084.96,39.93,TRADE
NSW1,3/07/2015 6:30,8794.16,39.26,TRADE
NSW1,3/07/2015 7:00,9465.43,41.24,TRADE
NSW1,3/07/2015 7:30,9900.37,43.82,TRADE
NSW1,3/07/2015 8:00,10393.23,77.53,TRADE
NSW1,3/07/2015 8:30,10572.38,76.36,TRADE
NSW1,3/07/2015 9:00,10582.56,76.13,TRADE
NSW1,3/07/2015 9:30,10532.65,52.19,TRADE
NSW1,3/07/2015 10:00,10292.49,50.08,TRADE
NSW1,3/07/2015 10:30,10072.52,49.79,TRADE
NSW1,3/07/2015 11:00,9805.22,40.46,TRADE
NSW1,3/07/2015 11:30,9525.16,38.34,TRADE
NSW1,3/07/2015 12:00,9281.59,39.5,TRADE
NSW1,3/07/2015 12:30,9096.28,36.21,TRADE
NSW1,3/07/2015 13:00,8927.48,36.0,TRADE
NSW1,3/07/2015 13:30,8863.78,36.02,TRADE
NSW1,3/07/2015 14:00,8806.88,36.02,TRADE
NSW1,3/07/2015 14:30,8773.28,36.0,TRADE
NSW1,3/07/2015 15:00,8796.6,36.17,TRADE
NSW1,3/07/2015 15:30,8863.86,35.84,TRADE
NSW1,3/07/2015 16:00,9071.6,36.17,TRADE
NSW1,3/07/2015 16:30,9408.0,37.92,TRADE
NSW1,3/07/2015 17:00,9971.31,41.55,TRADE
NSW1,3/07/2015 17:30,10643.67,45.62,TRADE
NSW1,3/07/2015 18:00,11219.99,54.14,TRADE
NSW1,3/07/2015 18:30,11266.07,50.59,TRADE
NSW1,3/07/2015 19:00,11176.22,46.19,TRADE
NSW1,3/07/2015 19:30,10943.08,42.53,TRADE
NSW1,3/07/2015 20:00,10780.78,44.08,TRADE
NSW1,3/07/2015 20:30,10642.41,43.97,TRADE
NSW1,3/07/2015 21:00,10426.18,41.66,TRADE
NSW1,3/07/2015 21:30,10257.82,41.41,TRADE
NSW1,3/07/2015 22:00,9943.11,37.29,TRADE
NSW1,3/07/2015 22:30,9872.3,42.76,TRADE
NSW1,3/07/2015 23:00,9548.94,39.18,TRADE
NSW1,3/07/2015 23:30,9452.58,36.77,TRADE
NSW1,4/07/2015 0:00,9300.02,37.72,TRADE
NSW1,4/07/2015 0:30,9040.77,36.84,TRADE
NSW1,4/07/2015 1:00,8770.45,36.02,TRADE
NSW1,4/07/2015 1:30,8469.84,36.02,TRADE
NSW1,4/07/2015 2:00,8128.76,35.96,TRADE
NSW1,4/07/2015 2:30,7725.33,32.15,TRADE
NSW1,4/07/2015 3:00,7408.38,30.6,TRADE
NSW1,4/07/2015 3:30,7105.37,29.09,TRADE
NSW1,4/07/2015 4:00,6937.44,24.38,TRADE
NSW1,4/07/2015 4:30,6889.38,26.65,TRADE
NSW1,4/07/2015 5:00,6916.13,27.54,TRADE
NSW1,4/07/2015 5:30,7044.77,27.17,TRADE
NSW1,4/07/2015 6:00,7201.77,26.31,TRADE
NSW1,4/07/2015 6:30,7506.95,25.47,TRADE
NSW1,4/07/2015 7:00,7813.36,27.23,TRADE
NSW1,4/07/2015 7:30,8288.48,30.48,TRADE
NSW1,4/07/2015 8:00,8911.52,34.67,TRADE
NSW1,4/07/2015 8:30,9467.52,35.47,TRADE
NSW1,4/07/2015 9:00,9844.74,36.46,TRADE
NSW1,4/07/2015 9:30,10057.32,39.57,TRADE
NSW1,4/07/2015 10:00,9878.43,35.99,TRADE
NSW1,4/07/2015 10:30,9701.13,35.91,TRADE
NSW1,4/07/2015 11:00,9405.16,35.24,TRADE
NSW1,4/07/2015 11:30,9058.18,33.43,TRADE
NSW1,4/07/2015 12:00,8783.58,32.08,TRADE
NSW1,4/07/2015 12:30,8453.11,31.24,TRADE
NSW1,4/07/2015 13:00,8289.24,31.42,TRADE
NSW1,4/07/2015 13:30,8113.83,31.86,TRADE
NSW1,4/07/2015 14:00,7991.11,30.0,TRADE
NSW1,4/07/2015 14:30,7963.86,29.9,TRADE
NSW1,4/07/2015 15:00,7969.95,30.62,TRADE
NSW1,4/07/2015 15:30,8108.98,32.41,TRADE
NSW1,4/07/2015 16:00,8365.55,32.0,TRADE
NSW1,4/07/2015 16:30,8756.86,31.96,TRADE
NSW1,4/07/2015 17:00,9382.14,36.47,TRADE
NSW1,4/07/2015 17:30,10072.95,41.67,TRADE
NSW1,4/07/2015 18:00,10686.54,46.07,TRADE
NSW1,4/07/2015 18:30,10721.53,45.07,TRADE
NSW1,4/07/2015 19:00,10596.85,43.21,TRADE
NSW1,4/07/2015 19:30,10350.73,37.33,TRADE
NSW1,4/07/2015 20:00,10138.19,35.92,TRADE
NSW1,4/07/2015 20:30,10044.1,36.09,TRADE
NSW1,4/07/2015 21:00,9916.73,36.09,TRADE
NSW1,4/07/2015 21:30,9765.15,35.65,TRADE
NSW1,4/07/2015 22:00,9586.63,35.25,TRADE
NSW1,4/07/2015 22:30,9407.66,35.04,TRADE
NSW1,4/07/2015 23:00,9176.02,35.38,TRADE
NSW1,4/07/2015 23:30,9000.35,34.95,TRADE
NSW1,5/07/2015 0:00,8756.22,34.17,TRADE
NSW1,5/07/2015 0:30,8369.01,32.09,TRADE
NSW1,5/07/2015 1:00,8091.12,32.16,TRADE
NSW1,5/07/2015 1:30,7815.35,30.6,TRADE
NSW1,5/07/2015 2:00,7563.27,31.2,TRADE
NSW1,5/07/2015 2:30,7246.62,29.96,TRADE
NSW1,5/07/2015 3:00,6962.5,29.04,TRADE
NSW1,5/07/2015 3:30,6780.6,22.69,TRADE
NSW1,5/07/2015 4:00,6727.03,22.59,TRADE
NSW1,5/07/2015 4:30,6698.8,20.46,TRADE
NSW1,5/07/2015 5:00,6731.37,19.85,TRADE
NSW1,5/07/2015 5:30,6769.25,19.51,TRADE
NSW1,5/07/2015 6:00,6947.13,20.29,TRADE
NSW1,5/07/2015 6:30,7191.3,24.67,TRADE
NSW1,5/07/2015 7:00,7435.8,25.46,TRADE
NSW1,5/07/2015 7:30,7801.72,26.07,TRADE
NSW1,5/07/2015 8:00,8374.28,28.55,TRADE
NSW1,5/07/2015 8:30,8811.11,33.03,TRADE
NSW1,5/07/2015 9:00,9123.12,32.78,TRADE
NSW1,5/07/2015 9:30,9279.42,34.25,TRADE
NSW1,5/07/2015 10:00,9195.33,31.78,TRADE
NSW1,5/07/2015 10:30,8989.05,30.79,TRADE
NSW1,5/07/2015 11:00,8660.0,28.12,TRADE
NSW1,5/07/2015 11:30,8428.41,27.51,TRADE
NSW1,5/07/2015 12:00,8222.65,27.64,TRADE
NSW1,5/07/2015 12:30,8043.11,25.83,TRADE
NSW1,5/07/2015 13:00,7893.37,25.49,TRADE
NSW1,5/07/2015 13:30,7752.29,25.51,TRADE
NSW1,5/07/2015 14:00,7702.04,25.52,TRADE
NSW1,5/07/2015 14:30,7667.61,25.57,TRADE
NSW1,5/07/2015 15:00,7754.98,26.33,TRADE
NSW1,5/07/2015 15:30,7891.62,27.46,TRADE
NSW1,5/07/2015 16:00,8174.52,30.78,TRADE
NSW1,5/07/2015 16:30,8613.23,32.2,TRADE
NSW1,5/07/2015 17:00,9216.06,34.89,TRADE
NSW1,5/07/2015 17:30,9904.63,38.94,TRADE
NSW1,5/07/2015 18:00,10619.78,48.14,TRADE
NSW1,5/07/2015 18:30,10719.19,48.79,TRADE
NSW1,5/07/2015 19:00,10695.37,44.52,TRADE
NSW1,5/07/2015 19:30,10475.7,39.22,TRADE
NSW1,5/07/2015 20:00,10274.03,36.02,TRADE
NSW1,5/07/2015 20:30,10130.53,36.05,TRADE
NSW1,5/07/2015 21:00,9965.99,35.09,TRADE
NSW1,5/07/2015 21:30,9684.38,34.8,TRADE
NSW1,5/07/2015 22:00,9396.7,33.42,TRADE
NSW1,5/07/2015 22:30,9212.32,32.15,TRADE
NSW1,5/07/2015 23:00,8787.43,30.64,TRADE
NSW1,5/07/2015 23:30,8589.25,32.3,TRADE
NSW1,6/07/2015 0:00,8304.65,30.71,TRADE
NSW1,6/07/2015 0:30,8047.97,31.48,TRADE
NSW1,6/07/2015 1:00,7794.98,29.97,TRADE
NSW1,6/07/2015 1:30,7555.35,30.75,TRADE
NSW1,6/07/2015 2:00,7382.74,29.9,TRADE
NSW1,6/07/2015 2:30,7075.6,26.56,TRADE
NSW1,6/07/2015 3:00,6860.92,20.73,TRADE
NSW1,6/07/2015 3:30,6765.81,25.7,TRADE
NSW1,6/07/2015 4:00,6634.4,20.73,TRADE
NSW1,6/07/2015 4:30,6726.66,27.41,TRADE
NSW1,6/07/2015 5:00,6871.52,29.17,TRADE
NSW1,6/07/2015 5:30,7203.33,29.96,TRADE
NSW1,6/07/2015 6:00,7657.8,30.05,TRADE
NSW1,6/07/2015 6:30,8489.77,31.88,TRADE
NSW1,6/07/2015 7:00,9193.56,39.79,TRADE
NSW1,6/07/2015 7:30,9727.49,41.74,TRADE
NSW1,6/07/2015 8:00,10265.25,51.23,TRADE
NSW1,6/07/2015 8:30,10473.53,59.94,TRADE
NSW1,6/07/2015 9:00,10499.88,49.08,TRADE
NSW1,6/07/2015 9:30,10403.37,42.4,TRADE
NSW1,6/07/2015 10:00,10205.24,39.34,TRADE
NSW1,6/07/2015 10:30,10040.53,37.86,TRADE
NSW1,6/07/2015 11:00,9733.77,36.01,TRADE
NSW1,6/07/2015 11:30,9491.92,35.96,TRADE
NSW1,6/07/2015 12:00,9253.86,35.57,TRADE
NSW1,6/07/2015 12:30,9149.19,32.67,TRADE
NSW1,6/07/2015 13:00,9047.96,31.95,TRADE
NSW1,6/07/2015 13:30,8942.63,32.94,TRADE
NSW1,6/07/2015 14:00,8873.65,31.51,TRADE
NSW1,6/07/2015 14:30,8859.5,32.33,TRADE
NSW1,6/07/2015 15:00,8900.44,34.19,TRADE
NSW1,6/07/2015 15:30,8972.89,34.02,TRADE
NSW1,6/07/2015 16:00,9168.63,35.79,TRADE
NSW1,6/07/2015 16:30,9553.81,37.45,TRADE
NSW1,6/07/2015 17:00,10141.31,40.48,TRADE
NSW1,6/07/2015 17:30,10914.65,48.02,TRADE
NSW1,6/07/2015 18:00,11619.38,48.05,TRADE
NSW1,6/07/2015 18:30,11677.38,44.46,TRADE
NSW1,6/07/2015 19:00,11608.67,41.98,TRADE
NSW1,6/07/2015 19:30,11342.16,39.12,TRADE
NSW1,6/07/2015 20:00,11100.34,40.25,TRADE
NSW1,6/07/2015 20:30,10906.32,36.42,TRADE
NSW1,6/07/2015 21:00,10779.78,36.84,TRADE
NSW1,6/07/2015 21:30,10489.26,36.3,TRADE
NSW1,6/07/2015 22:00,10042.43,35.46,TRADE
NSW1,6/07/2015 22:30,9932.92,38.88,TRADE
NSW1,6/07/2015 23:00,9454.21,35.09,TRADE
NSW1,6/07/2015 23:30,9240.0,35.24,TRADE
NSW1,7/07/2015 0:00,9057.79,34.97,TRADE
NSW1,7/07/2015 0:30,8814.32,34.92,TRADE
NSW1,7/07/2015 1:00,8556.74,34.86,TRADE
NSW1,7/07/2015 1:30,8360.73,34.08,TRADE
NSW1,7/07/2015 2:00,8114.42,34.94,TRADE
NSW1,7/07/2015 2:30,7767.74,31.36,TRADE
NSW1,7/07/2015 3:00,7397.63,29.96,TRADE
NSW1,7/07/2015 3:30,7234.91,28.47,TRADE
NSW1,7/07/2015 4:00,7105.64,29.96,TRADE
NSW1,7/07/2015 4:30,7115.46,26.0,TRADE
NSW1,7/07/2015 5:00,7250.95,29.69,TRADE
NSW1,7/07/2015 5:30,7562.07,31.82,TRADE
NSW1,7/07/2015 6:00,8033.19,29.8,TRADE
NSW1,7/07/2015 6:30,8823.02,31.27,TRADE
NSW1,7/07/2015 7:00,9517.17,38.59,TRADE
NSW1,7/07/2015 7:30,10004.33,35.83,TRADE
NSW1,7/07/2015 8:00,10408.41,39.72,TRADE
NSW1,7/07/2015 8:30,10558.77,40.65,TRADE
NSW1,7/07/2015 9:00,10496.72,39.75,TRADE
NSW1,7/07/2015 9:30,10390.87,37.66,TRADE
NSW1,7/07/2015 10:00,10178.55,36.93,TRADE
NSW1,7/07/2015 10:30,9968.36,36.03,TRADE
NSW1,7/07/2015 11:00,9769.89,36.03,TRADE
NSW1,7/07/2015 11:30,9646.95,36.01,TRADE
NSW1,7/07/2015 12:00,9531.34,36.02,TRADE
NSW1,7/07/2015 12:30,9555.55,36.02,TRADE
NSW1,7/07/2015 13:00,9472.09,35.93,TRADE
NSW1,7/07/2015 13:30,9419.33,35.95,TRADE
NSW1,7/07/2015 14:00,9450.09,36.01,TRADE
NSW1,7/07/2015 14:30,9549.29,36.01,TRADE
NSW1,7/07/2015 15:00,9651.27,36.17,TRADE
NSW1,7/07/2015 15:30,9772.11,36.6,TRADE
NSW1,7/07/2015 16:00,9959.51,37.31,TRADE
NSW1,7/07/2015 16:30,10204.37,37.31,TRADE
NSW1,7/07/2015 17:00,10598.39,38.94,TRADE
NSW1,7/07/2015 17:30,11246.69,42.33,TRADE
NSW1,7/07/2015 18:00,11742.22,53.92,TRADE
NSW1,7/07/2015 18:30,11788.16,42.86,TRADE
NSW1,7/07/2015 19:00,11655.05,41.2,TRADE
NSW1,7/07/2015 19:30,11362.73,38.88,TRADE
NSW1,7/07/2015 20:00,11152.96,41.87,TRADE
NSW1,7/07/2015 20:30,10935.33,41.15,TRADE
NSW1,7/07/2015 21:00,10659.67,40.4,TRADE
NSW1,7/07/2015 21:30,10479.92,39.51,TRADE
NSW1,7/07/2015 22:00,10042.3,37.1,TRADE
NSW1,7/07/2015 22:30,9904.11,39.78,TRADE
NSW1,7/07/2015 23:00,9514.47,35.79,TRADE
NSW1,7/07/2015 23:30,9272.86,35.8,TRADE
NSW1,8/07/2015 0:00,9086.38,35.56,TRADE
NSW1,8/07/2015 0:30,8840.16,35.46,TRADE
NSW1,8/07/2015 1:00,8620.41,36.47,TRADE
NSW1,8/07/2015 1:30,8412.78,35.99,TRADE
NSW1,8/07/2015 2:00,8134.01,36.04,TRADE
NSW1,8/07/2015 2:30,7770.14,36.38,TRADE
NSW1,8/07/2015 3:00,7488.24,36.12,TRADE
NSW1,8/07/2015 3:30,7254.47,35.89,TRADE
NSW1,8/07/2015 4:00,7109.14,35.44,TRADE
NSW1,8/07/2015 4:30,7094.59,33.32,TRADE
NSW1,8/07/2015 5:00,7163.65,34.53,TRADE
NSW1,8/07/2015 5:30,7528.2,37.66,TRADE
NSW1,8/07/2015 6:00,7906.3,31.86,TRADE
NSW1,8/07/2015 6:30,8736.69,36.37,TRADE
NSW1,8/07/2015 7:00,9404.5,41.82,TRADE
NSW1,8/07/2015 7:30,9837.15,40.55,TRADE
NSW1,8/07/2015 8:00,10291.63,50.6,TRADE
NSW1,8/07/2015 8:30,10514.56,58.53,TRADE
NSW1,8/07/2015 9:00,10411.55,49.82,TRADE
NSW1,8/07/2015 9:30,10294.84,48.76,TRADE
NSW1,8/07/2015 10:00,10022.3,41.55,TRADE
NSW1,8/07/2015 10:30,9817.53,40.45,TRADE
NSW1,8/07/2015 11:00,9584.84,39.59,TRADE
NSW1,8/07/2015 11:30,9378.58,36.03,TRADE
NSW1,8/07/2015 12:00,9212.11,36.01,TRADE
NSW1,8/07/2015 12:30,9113.33,36.03,TRADE
NSW1,8/07/2015 13:00,9047.27,36.01,TRADE
NSW1,8/07/2015 13:30,9021.58,36.35,TRADE
NSW1,8/07/2015 14:00,8996.63,36.95,TRADE
NSW1,8/07/2015 14:30,8999.33,36.18,TRADE
NSW1,8/07/2015 15:00,9057.63,36.39,TRADE
NSW1,8/07/2015 15:30,9165.84,36.37,TRADE
NSW1,8/07/2015 16:00,9321.46,37.24,TRADE
NSW1,8/07/2015 16:30,9580.03,39.58,TRADE
NSW1,8/07/2015 17:00,10081.82,43.28,TRADE
NSW1,8/07/2015 17:30,10780.96,46.1,TRADE
NSW1,8/07/2015 18:00,11440.04,51.56,TRADE
NSW1,8/07/2015 18:30,11533.73,48.92,TRADE
NSW1,8/07/2015 19:00,11479.82,47.22,TRADE
NSW1,8/07/2015 19:30,11207.27,42.87,TRADE
NSW1,8/07/2015 20:00,11003.18,45.8,TRADE
NSW1,8/07/2015 20:30,10813.07,50.33,TRADE
NSW1,8/07/2015 21:00,10597.58,42.31,TRADE
NSW1,8/07/2015 21:30,10382.27,40.24,TRADE
NSW1,8/07/2015 22:00,10071.71,38.2,TRADE
NSW1,8/07/2015 22:30,9980.7,41.27,TRADE
NSW1,8/07/2015 23:00,9577.68,35.78,TRADE
NSW1,8/07/2015 23:30,9326.06,36.4,TRADE
NSW1,9/07/2015 0:00,9141.98,37.01,TRADE
NSW1,9/07/2015 0:30,8871.08,35.69,TRADE
NSW1,9/07/2015 1:00,8581.24,36.26,TRADE
NSW1,9/07/2015 1:30,8400.85,34.09,TRADE
NSW1,9/07/2015 2:00,8117.25,34.54,TRADE
NSW1,9/07/2015 2:30,7803.05,34.56,TRADE
NSW1,9/07/2015 3:00,7491.65,31.6,TRADE
NSW1,9/07/2015 3:30,7246.53,29.96,TRADE
NSW1,9/07/2015 4:00,7112.12,29.94,TRADE
NSW1,9/07/2015 4:30,7086.04,30.01,TRADE
NSW1,9/07/2015 5:00,7204.32,29.97,TRADE
NSW1,9/07/2015 5:30,7529.68,30.67,TRADE
NSW1,9/07/2015 6:00,7949.02,30.99,TRADE
NSW1,9/07/2015 6:30,8695.21,34.75,TRADE
NSW1,9/07/2015 7:00,9341.1,41.07,TRADE
NSW1,9/07/2015 7:30,9819.14,38.41,TRADE
NSW1,9/07/2015 8:00,10297.65,50.81,TRADE
NSW1,9/07/2015 8:30,10537.84,63.71,TRADE
NSW1,9/07/2015 9:00,10484.67,52.32,TRADE
NSW1,9/07/2015 9:30,10271.9,41.87,TRADE
NSW1,9/07/2015 10:00,10037.09,43.92,TRADE
NSW1,9/07/2015 10:30,9792.68,48.01,TRADE
NSW1,9/07/2015 11:00,9543.01,40.39,TRADE
NSW1,9/07/2015 11:30,9264.18,38.77,TRADE
NSW1,9/07/2015 12:00,9094.61,37.02,TRADE
NSW1,9/07/2015 12:30,8923.77,36.01,TRADE
NSW1,9/07/2015 13:00,8730.31,35.39,TRADE
NSW1,9/07/2015 13:30,8741.5,35.37,TRADE
NSW1,9/07/2015 14:00,8630.37,32.39,TRADE
NSW1,9/07/2015 14:30,8627.81,31.9,TRADE
NSW1,9/07/2015 15:00,8634.09,31.79,TRADE
NSW1,9/07/2015 15:30,8756.52,32.82,TRADE
NSW1,9/07/2015 16:00,8940.57,35.43,TRADE
NSW1,9/07/2015 16:30,9212.81,36.23,TRADE
NSW1,9/07/2015 17:00,9714.66,37.62,TRADE
NSW1,9/07/2015 17:30,10441.53,42.16,TRADE
NSW1,9/07/2015 18:00,11147.56,63.07,TRADE
NSW1,9/07/2015 18:30,11274.68,46.92,TRADE
NSW1,9/07/2015 19:00,11210.08,43.17,TRADE
NSW1,9/07/2015 19:30,11060.37,41.51,TRADE
NSW1,9/07/2015 20:00,10838.73,38.89,TRADE
NSW1,9/07/2015 20:30,10690.96,38.99,TRADE
NSW1,9/07/2015 21:00,10532.77,36.86,TRADE
NSW1,9/07/2015 21:30,10250.08,36.24,TRADE
NSW1,9/07/2015 22:00,9879.83,35.55,TRADE
NSW1,9/07/2015 22:30,9715.97,42.72,TRADE
NSW1,9/07/2015 23:00,9396.42,36.18,TRADE
NSW1,9/07/2015 23:30,9171.63,34.61,TRADE
NSW1,10/07/2015 0:00,9008.79,34.04,TRADE
NSW1,10/07/2015 0:30,8709.1,34.13,TRADE
NSW1,10/07/2015 1:00,8454.78,32.68,TRADE
NSW1,10/07/2015 1:30,8234.84,31.55,TRADE
NSW1,10/07/2015 2:00,7948.6,32.03,TRADE
NSW1,10/07/2015 2:30,7618.74,30.08,TRADE
NSW1,10/07/2015 3:00,7282.05,28.26,TRADE
NSW1,10/07/2015 3:30,7058.53,25.55,TRADE
NSW1,10/07/2015 4:00,6938.12,25.79,TRADE
NSW1,10/07/2015 4:30,6946.83,28.75,TRADE
NSW1,10/07/2015 5:00,7031.31,29.8,TRADE
NSW1,10/07/2015 5:30,7354.28,28.14,TRADE
NSW1,10/07/2015 6:00,7731.23,26.45,TRADE
NSW1,10/07/2015 6:30,8432.09,25.55,TRADE
NSW1,10/07/2015 7:00,9051.97,28.88,TRADE
NSW1,10/07/2015 7:30,9569.85,32.84,TRADE
NSW1,10/07/2015 8:00,10072.89,36.28,TRADE
NSW1,10/07/2015 8:30,10300.71,38.44,TRADE
NSW1,10/07/2015 9:00,10339.79,36.65,TRADE
NSW1,10/07/2015 9:30,10270.92,37.43,TRADE
NSW1,10/07/2015 10:00,10138.05,36.85,TRADE
NSW1,10/07/2015 10:30,10075.45,35.85,TRADE
NSW1,10/07/2015 11:00,9985.18,36.49,TRADE
NSW1,10/07/2015 11:30,9741.27,36.0,TRADE
NSW1,10/07/2015 12:00,9605.6,35.93,TRADE
NSW1,10/07/2015 12:30,9519.18,34.58,TRADE
NSW1,10/07/2015 13:00,9485.67,35.26,TRADE
NSW1,10/07/2015 13:30,9345.96,35.67,TRADE
NSW1,10/07/2015 14:00,9282.86,35.82,TRADE
NSW1,10/07/2015 14:30,9298.66,35.71,TRADE
NSW1,10/07/2015 15:00,9330.36,35.09,TRADE
NSW1,10/07/2015 15:30,9443.22,35.18,TRADE
NSW1,10/07/2015 16:00,9624.36,35.06,TRADE
NSW1,10/07/2015 16:30,9984.7,36.87,TRADE
NSW1,10/07/2015 17:00,10435.57,39.63,TRADE
NSW1,10/07/2015 17:30,10932.0,38.14,TRADE
NSW1,10/07/2015 18:00,11298.69,39.31,TRADE
NSW1,10/07/2015 18:30,11210.97,39.9,TRADE
NSW1,10/07/2015 19:00,11046.09,40.12,TRADE
NSW1,10/07/2015 19:30,10799.08,39.32,TRADE
NSW1,10/07/2015 20:00,10635.95,38.38,TRADE
NSW1,10/07/2015 20:30,10435.06,37.95,TRADE
NSW1,10/07/2015 21:00,10169.76,35.66,TRADE
NSW1,10/07/2015 21:30,9966.14,34.9,TRADE
NSW1,10/07/2015 22:00,9638.72,32.64,TRADE
NSW1,10/07/2015 22:30,9545.3,33.37,TRADE
NSW1,10/07/2015 23:00,9287.13,31.84,TRADE
NSW1,10/07/2015 23:30,9151.44,33.09,TRADE
NSW1,11/07/2015 0:00,9002.8,32.74,TRADE
NSW1,11/07/2015 0:30,8694.24,32.45,TRADE
NSW1,11/07/2015 1:00,8396.98,34.39,TRADE
NSW1,11/07/2015 1:30,8129.51,31.94,TRADE
NSW1,11/07/2015 2:00,7822.88,31.6,TRADE
NSW1,11/07/2015 2:30,7432.67,30.92,TRADE
NSW1,11/07/2015 3:00,7121.28,29.3,TRADE
NSW1,11/07/2015 3:30,6839.46,27.5,TRADE
NSW1,11/07/2015 4:00,6698.63,25.82,TRADE
NSW1,11/07/2015 4:30,6642.89,25.79,TRADE
NSW1,11/07/2015 5:00,6660.33,27.59,TRADE
NSW1,11/07/2015 5:30,6768.56,29.57,TRADE
NSW1,11/07/2015 6:00,6961.59,29.13,TRADE
NSW1,11/07/2015 6:30,7296.19,25.41,TRADE
NSW1,11/07/2015 7:00,7607.64,28.68,TRADE
NSW1,11/07/2015 7:30,8007.38,31.52,TRADE
NSW1,11/07/2015 8:00,8597.92,34.15,TRADE
NSW1,11/07/2015 8:30,9065.34,38.63,TRADE
NSW1,11/07/2015 9:00,9313.26,38.89,TRADE
NSW1,11/07/2015 9:30,9408.99,38.3,TRADE
NSW1,11/07/2015 10:00,9252.64,36.02,TRADE
NSW1,11/07/2015 10:30,9140.69,36.03,TRADE
NSW1,11/07/2015 11:00,8832.78,35.99,TRADE
NSW1,11/07/2015 11:30,8582.78,35.76,TRADE
NSW1,11/07/2015 12:00,8347.73,35.31,TRADE
NSW1,11/07/2015 12:30,8147.02,32.52,TRADE
NSW1,11/07/2015 13:00,8068.19,31.4,TRADE
NSW1,11/07/2015 13:30,7908.37,31.48,TRADE
NSW1,11/07/2015 14:00,7769.94,31.11,TRADE
NSW1,11/07/2015 14:30,7742.86,31.56,TRADE
NSW1,11/07/2015 15:00,7823.28,31.87,TRADE
NSW1,11/07/2015 15:30,7930.26,31.8,TRADE
NSW1,11/07/2015 16:00,8113.81,31.91,TRADE
NSW1,11/07/2015 16:30,8488.95,34.41,TRADE
NSW1,11/07/2015 17:00,9026.58,36.76,TRADE
NSW1,11/07/2015 17:30,9569.23,39.9,TRADE
NSW1,11/07/2015 18:00,10107.66,43.43,TRADE
NSW1,11/07/2015 18:30,10124.17,39.99,TRADE
NSW1,11/07/2015 19:00,10011.64,39.79,TRADE
NSW1,11/07/2015 19:30,9740.96,36.24,TRADE
NSW1,11/07/2015 20:00,9517.59,35.0,TRADE
NSW1,11/07/2015 20:30,9357.78,35.05,TRADE
NSW1,11/07/2015 21:00,9283.99,35.76,TRADE
NSW1,11/07/2015 21:30,9106.43,35.54,TRADE
NSW1,11/07/2015 22:00,9023.23,35.89,TRADE
NSW1,11/07/2015 22:30,9001.3,36.95,TRADE
NSW1,11/07/2015 23:00,8769.85,35.48,TRADE
NSW1,11/07/2015 23:30,8638.86,36.8,TRADE
NSW1,12/07/2015 0:00,8437.77,35.83,TRADE
NSW1,12/07/2015 0:30,8111.11,35.45,TRADE
NSW1,12/07/2015 1:00,7780.91,34.23,TRADE
NSW1,12/07/2015 1:30,7564.9,33.46,TRADE
NSW1,12/07/2015 2:00,7294.56,31.59,TRADE
NSW1,12/07/2015 2:30,6988.84,29.44,TRADE
NSW1,12/07/2015 3:00,6737.99,28.32,TRADE
NSW1,12/07/2015 3:30,6547.21,25.52,TRADE
NSW1,12/07/2015 4:00,6435.48,23.7,TRADE
NSW1,12/07/2015 4:30,6344.87,25.83,TRADE
NSW1,12/07/2015 5:00,6370.23,24.37,TRADE
NSW1,12/07/2015 5:30,6448.38,26.16,TRADE
NSW1,12/07/2015 6:00,6582.07,25.14,TRADE
NSW1,12/07/2015 6:30,6799.98,23.46,TRADE
NSW1,12/07/2015 7:00,7110.03,25.5,TRADE
NSW1,12/07/2015 7:30,7480.04,25.82,TRADE
NSW1,12/07/2015 8:00,8022.26,31.0,TRADE
NSW1,12/07/2015 8:30,8557.08,37.48,TRADE
NSW1,12/07/2015 9:00,8968.14,42.43,TRADE
NSW1,12/07/2015 9:30,9290.76,38.33,TRADE
NSW1,12/07/2015 10:00,9440.72,36.0,TRADE
NSW1,12/07/2015 10:30,9391.46,36.15,TRADE
NSW1,12/07/2015 11:00,9241.05,35.26,TRADE
NSW1,12/07/2015 11:30,9105.76,34.53,TRADE
NSW1,12/07/2015 12:00,8957.96,32.32,TRADE
NSW1,12/07/2015 12:30,8841.0,31.93,TRADE
NSW1,12/07/2015 13:00,8684.95,31.67,TRADE
NSW1,12/07/2015 13:30,8579.99,32.33,TRADE
NSW1,12/07/2015 14:00,8524.69,33.41,TRADE
NSW1,12/07/2015 14:30,8519.26,33.59,TRADE
NSW1,12/07/2015 15:00,8567.55,35.06,TRADE
NSW1,12/07/2015 15:30,8740.58,35.92,TRADE
NSW1,12/07/2015 16:00,8961.68,36.49,TRADE
NSW1,12/07/2015 16:30,9329.4,37.95,TRADE
NSW1,12/07/2015 17:00,9876.77,47.42,TRADE
NSW1,12/07/2015 17:30,10492.4,45.1,TRADE
NSW1,12/07/2015 18:00,11136.29,86.03,TRADE
NSW1,12/07/2015 18:30,11301.5,89.14,TRADE
NSW1,12/07/2015 19:00,11193.59,88.07,TRADE
NSW1,12/07/2015 19:30,10907.66,85.54,TRADE
NSW1,12/07/2015 20:00,10659.23,53.21,TRADE
NSW1,12/07/2015 20:30,10530.44,48.27,TRADE
NSW1,12/07/2015 21:00,10313.02,45.92,TRADE
NSW1,12/07/2015 21:30,10082.25,43.22,TRADE
NSW1,12/07/2015 22:00,9686.58,37.34,TRADE
NSW1,12/07/2015 22:30,9361.31,40.78,TRADE
NSW1,12/07/2015 23:00,8904.97,36.2,TRADE
NSW1,12/07/2015 23:30,8647.42,34.82,TRADE
NSW1,13/07/2015 0:00,8423.09,34.18,TRADE
NSW1,13/07/2015 0:30,8097.79,32.99,TRADE
NSW1,13/07/2015 1:00,7871.68,32.48,TRADE
NSW1,13/07/2015 1:30,7641.68,30.1,TRADE
NSW1,13/07/2015 2:00,7433.76,30.3,TRADE
NSW1,13/07/2015 2:30,7086.55,28.91,TRADE
NSW1,13/07/2015 3:00,6885.16,28.2,TRADE
NSW1,13/07/2015 3:30,6695.28,20.1,TRADE
NSW1,13/07/2015 4:00,6621.18,26.94,TRADE
NSW1,13/07/2015 4:30,6685.13,27.69,TRADE
NSW1,13/07/2015 5:00,6821.54,27.4,TRADE
NSW1,13/07/2015 5:30,7214.61,31.52,TRADE
NSW1,13/07/2015 6:00,7656.34,29.48,TRADE
NSW1,13/07/2015 6:30,8440.73,40.59,TRADE
NSW1,13/07/2015 7:00,9283.61,66.18,TRADE
NSW1,13/07/2015 7:30,9816.33,73.28,TRADE
NSW1,13/07/2015 8:00,10383.25,84.95,TRADE
NSW1,13/07/2015 8:30,10691.04,61.14,TRADE
NSW1,13/07/2015 9:00,10800.95,106.52,TRADE
NSW1,13/07/2015 9:30,10864.3,132.53,TRADE
NSW1,13/07/2015 10:00,10863.94,176.5,TRADE
NSW1,13/07/2015 10:30,10751.85,66.6,TRADE
NSW1,13/07/2015 11:00,10516.37,51.18,TRADE
NSW1,13/07/2015 11:30,10233.5,49.36,TRADE
NSW1,13/07/2015 12:00,9922.21,49.32,TRADE
NSW1,13/07/2015 12:30,9738.89,50.5,TRADE
NSW1,13/07/2015 13:00,9507.18,42.91,TRADE
NSW1,13/07/2015 13:30,9397.2,40.03,TRADE
NSW1,13/07/2015 14:00,9243.3,40.06,TRADE
NSW1,13/07/2015 14:30,9187.63,40.39,TRADE
NSW1,13/07/2015 15:00,9147.71,43.54,TRADE
NSW1,13/07/2015 15:30,9157.91,37.17,TRADE
NSW1,13/07/2015 16:00,9346.59,41.0,TRADE
NSW1,13/07/2015 16:30,9604.93,51.3,TRADE
NSW1,13/07/2015 17:00,10151.88,58.95,TRADE
NSW1,13/07/2015 17:30,10906.59,63.74,TRADE
NSW1,13/07/2015 18:00,11697.36,85.58,TRADE
NSW1,13/07/2015 18:30,11772.29,52.62,TRADE
NSW1,13/07/2015 19:00,11719.17,68.96,TRADE
NSW1,13/07/2015 19:30,11425.11,41.94,TRADE
NSW1,13/07/2015 20:00,11113.64,42.75,TRADE
NSW1,13/07/2015 20:30,10841.95,56.97,TRADE
NSW1,13/07/2015 21:00,10610.72,57.34,TRADE
NSW1,13/07/2015 21:30,10251.11,60.96,TRADE
NSW1,13/07/2015 22:00,9755.0,44.57,TRADE
NSW1,13/07/2015 22:30,9545.38,56.25,TRADE
NSW1,13/07/2015 23:00,9178.31,55.82,TRADE
NSW1,13/07/2015 23:30,8934.3,38.73,TRADE
NSW1,14/07/2015 0:00,8801.87,42.49,TRADE
NSW1,14/07/2015 0:30,8555.88,40.74,TRADE
NSW1,14/07/2015 1:00,8341.06,46.07,TRADE
NSW1,14/07/2015 1:30,8162.86,37.46,TRADE
NSW1,14/07/2015 2:00,7931.76,40.7,TRADE
NSW1,14/07/2015 2:30,7573.62,33.96,TRADE
NSW1,14/07/2015 3:00,7292.31,33.87,TRADE
NSW1,14/07/2015 3:30,7017.72,32.8,TRADE
NSW1,14/07/2015 4:00,6870.58,31.33,TRADE
NSW1,14/07/2015 4:30,6826.78,31.99,TRADE
NSW1,14/07/2015 5:00,6886.16,34.91,TRADE
NSW1,14/07/2015 5:30,7309.72,39.69,TRADE
NSW1,14/07/2015 6:00,7687.38,37.65,TRADE
NSW1,14/07/2015 6:30,8506.54,34.73,TRADE
NSW1,14/07/2015 7:00,9355.67,135.84,TRADE
NSW1,14/07/2015 7:30,9917.39,74.31,TRADE
NSW1,14/07/2015 8:00,10288.94,71.06,TRADE
NSW1,14/07/2015 8:30,10223.13,44.49,TRADE
NSW1,14/07/2015 9:00,9915.03,45.47,TRADE
NSW1,14/07/2015 9:30,9711.54,44.04,TRADE
NSW1,14/07/2015 10:00,9540.1,43.01,TRADE
NSW1,14/07/2015 10:30,9345.59,36.81,TRADE
NSW1,14/07/2015 11:00,9236.08,35.94,TRADE
NSW1,14/07/2015 11:30,9023.4,35.6,TRADE
NSW1,14/07/2015 12:00,8831.53,35.94,TRADE
NSW1,14/07/2015 12:30,8734.53,35.66,TRADE
NSW1,14/07/2015 13:00,8624.47,34.62,TRADE
NSW1,14/07/2015 13:30,8563.55,35.34,TRADE
NSW1,14/07/2015 14:00,8591.94,37.33,TRADE
NSW1,14/07/2015 14:30,8546.01,36.22,TRADE
NSW1,14/07/2015 15:00,8632.27,36.04,TRADE
NSW1,14/07/2015 15:30,8703.27,35.93,TRADE
NSW1,14/07/2015 16:00,8964.56,36.81,TRADE
NSW1,14/07/2015 16:30,9353.34,46.88,TRADE
NSW1,14/07/2015 17:00,9855.06,49.54,TRADE
NSW1,14/07/2015 17:30,10626.05,53.01,TRADE
NSW1,14/07/2015 18:00,11365.75,61.25,TRADE
NSW1,14/07/2015 18:30,11514.83,73.14,TRADE
NSW1,14/07/2015 19:00,11535.91,97.6,TRADE
NSW1,14/07/2015 19:30,11309.9,80.5,TRADE
NSW1,14/07/2015 20:00,11072.48,73.28,TRADE
NSW1,14/07/2015 20:30,10816.42,74.54,TRADE
NSW1,14/07/2015 21:00,10572.12,74.04,TRADE
NSW1,14/07/2015 21:30,10276.22,58.58,TRADE
NSW1,14/07/2015 22:00,9860.79,44.74,TRADE
NSW1,14/07/2015 22:30,9681.44,51.35,TRADE
NSW1,14/07/2015 23:00,9223.43,50.98,TRADE
NSW1,14/07/2015 23:30,8996.83,44.31,TRADE
NSW1,15/07/2015 0:00,8823.72,42.68,TRADE
NSW1,15/07/2015 0:30,8535.5,37.95,TRADE
NSW1,15/07/2015 1:00,8324.0,35.98,TRADE
NSW1,15/07/2015 1:30,8225.52,36.11,TRADE
NSW1,15/07/2015 2:00,7986.1,46.89,TRADE
NSW1,15/07/2015 2:30,7664.41,41.36,TRADE
NSW1,15/07/2015 3:00,7311.74,35.17,TRADE
NSW1,15/07/2015 3:30,7072.57,40.57,TRADE
NSW1,15/07/2015 4:00,6947.49,42.4,TRADE
NSW1,15/07/2015 4:30,6918.49,40.89,TRADE
NSW1,15/07/2015 5:00,7035.89,40.66,TRADE
NSW1,15/07/2015 5:30,7413.81,38.14,TRADE
NSW1,15/07/2015 6:00,7919.07,29.95,TRADE
NSW1,15/07/2015 6:30,8791.04,35.66,TRADE
NSW1,15/07/2015 7:00,9693.26,140.29,TRADE
NSW1,15/07/2015 7:30,10258.07,91.67,TRADE
NSW1,15/07/2015 8:00,10792.96,247.9,TRADE
NSW1,15/07/2015 8:30,10768.42,77.17,TRADE
NSW1,15/07/2015 9:00,10442.37,42.77,TRADE
NSW1,15/07/2015 9:30,10324.77,112.83,TRADE
NSW1,15/07/2015 10:00,10103.65,59.22,TRADE
NSW1,15/07/2015 10:30,9865.23,42.05,TRADE
NSW1,15/07/2015 11:00,9685.53,41.26,TRADE
NSW1,15/07/2015 11:30,9459.72,43.23,TRADE
NSW1,15/07/2015 12:00,9292.85,37.23,TRADE
NSW1,15/07/2015 12:30,9214.78,44.17,TRADE
NSW1,15/07/2015 13:00,9059.14,43.71,TRADE
NSW1,15/07/2015 13:30,9074.55,45.44,TRADE
NSW1,15/07/2015 14:00,9011.37,41.06,TRADE
NSW1,15/07/2015 14:30,9029.52,36.37,TRADE
NSW1,15/07/2015 15:00,9052.84,36.14,TRADE
NSW1,15/07/2015 15:30,9100.72,36.02,TRADE
NSW1,15/07/2015 16:00,9329.22,36.3,TRADE
NSW1,15/07/2015 16:30,9678.05,47.22,TRADE
NSW1,15/07/2015 17:00,10240.5,59.69,TRADE
NSW1,15/07/2015 17:30,10999.87,46.61,TRADE
NSW1,15/07/2015 18:00,11715.3,93.16,TRADE
NSW1,15/07/2015 18:30,11788.26,90.68,TRADE
NSW1,15/07/2015 19:00,11754.32,208.25,TRADE
NSW1,15/07/2015 19:30,11494.17,40.59,TRADE
NSW1,15/07/2015 20:00,11221.62,53.35,TRADE
NSW1,15/07/2015 20:30,11030.05,62.8,TRADE
NSW1,15/07/2015 21:00,10664.29,58.61,TRADE
NSW1,15/07/2015 21:30,10289.21,47.31,TRADE
NSW1,15/07/2015 22:00,9878.3,39.49,TRADE
NSW1,15/07/2015 22:30,9717.89,53.48,TRADE
NSW1,15/07/2015 23:00,9308.11,41.77,TRADE
NSW1,15/07/2015 23:30,9053.69,36.68,TRADE
NSW1,16/07/2015 0:00,8855.31,37.05,TRADE
NSW1,16/07/2015 0:30,8580.06,38.24,TRADE
NSW1,16/07/2015 1:00,8317.42,36.96,TRADE
NSW1,16/07/2015 1:30,8136.15,36.03,TRADE
NSW1,16/07/2015 2:00,7903.13,37.95,TRADE
NSW1,16/07/2015 2:30,7553.73,36.4,TRADE
NSW1,16/07/2015 3:00,7234.86,35.93,TRADE
NSW1,16/07/2015 3:30,7000.16,32.58,TRADE
NSW1,16/07/2015 4:00,6866.3,30.26,TRADE
NSW1,16/07/2015 4:30,6914.61,33.54,TRADE
NSW1,16/07/2015 5:00,7004.97,42.57,TRADE
NSW1,16/07/2015 5:30,7381.2,35.87,TRADE
NSW1,16/07/2015 6:00,7786.62,30.75,TRADE
NSW1,16/07/2015 6:30,8632.89,30.8,TRADE
NSW1,16/07/2015 7:00,9446.97,77.3,TRADE
NSW1,16/07/2015 7:30,9989.67,49.46,TRADE
NSW1,16/07/2015 8:00,10430.7,92.91,TRADE
NSW1,16/07/2015 8:30,10523.52,69.23,TRADE
NSW1,16/07/2015 9:00,10385.77,57.47,TRADE
NSW1,16/07/2015 9:30,10355.68,54.62,TRADE
NSW1,16/07/2015 10:00,10370.59,59.33,TRADE
NSW1,16/07/2015 10:30,10400.62,50.92,TRADE
NSW1,16/07/2015 11:00,10406.2,50.96,TRADE
NSW1,16/07/2015 11:30,10296.37,49.23,TRADE
NSW1,16/07/2015 12:00,10186.3,49.27,TRADE
NSW1,16/07/2015 12:30,10031.82,46.56,TRADE
NSW1,16/07/2015 13:00,9845.18,36.34,TRADE
NSW1,16/07/2015 13:30,9762.35,36.3,TRADE
NSW1,16/07/2015 14:00,9660.62,37.1,TRADE
NSW1,16/07/2015 14:30,9621.63,36.83,TRADE
NSW1,16/07/2015 15:00,9654.99,36.0,TRADE
NSW1,16/07/2015 15:30,9643.09,35.96,TRADE
NSW1,16/07/2015 16:00,9747.93,36.76,TRADE
NSW1,16/07/2015 16:30,10043.78,45.01,TRADE
NSW1,16/07/2015 17:00,10512.76,47.41,TRADE
NSW1,16/07/2015 17:30,11278.31,39.51,TRADE
NSW1,16/07/2015 18:00,12038.42,52.16,TRADE
NSW1,16/07/2015 18:30,12137.29,49.64,TRADE
NSW1,16/07/2015 19:00,12107.55,42.58,TRADE
NSW1,16/07/2015 19:30,11885.56,38.89,TRADE
NSW1,16/07/2015 20:00,11620.82,45.58,TRADE
NSW1,16/07/2015 20:30,11416.48,41.09,TRADE
NSW1,16/07/2015 21:00,11183.27,39.69,TRADE
NSW1,16/07/2015 21:30,10773.45,44.02,TRADE
NSW1,16/07/2015 22:00,10389.42,36.44,TRADE
NSW1,16/07/2015 22:30,10205.33,47.94,TRADE
NSW1,16/07/2015 23:00,9741.82,41.81,TRADE
NSW1,16/07/2015 23:30,9462.33,44.96,TRADE
NSW1,17/07/2015 0:00,9285.02,38.82,TRADE
NSW1,17/07/2015 0:30,8976.72,38.22,TRADE
NSW1,17/07/2015 1:00,8732.63,43.38,TRADE
NSW1,17/07/2015 1:30,8514.51,43.22,TRADE
NSW1,17/07/2015 2:00,8217.01,41.95,TRADE
NSW1,17/07/2015 2:30,7837.24,45.62,TRADE
NSW1,17/07/2015 3:00,7507.92,40.62,TRADE
NSW1,17/07/2015 3:30,7171.17,32.73,TRADE
NSW1,17/07/2015 4:00,7057.1,31.32,TRADE
NSW1,17/07/2015 4:30,6976.47,30.69,TRADE
NSW1,17/07/2015 5:00,7112.59,35.07,TRADE
NSW1,17/07/2015 5:30,7420.65,32.31,TRADE
NSW1,17/07/2015 6:00,7945.26,29.85,TRADE
NSW1,17/07/2015 6:30,8871.74,31.26,TRADE
NSW1,17/07/2015 7:00,9736.79,99.73,TRADE
NSW1,17/07/2015 7:30,10472.45,59.75,TRADE
NSW1,17/07/2015 8:00,11026.02,83.14,TRADE
NSW1,17/07/2015 8:30,11337.14,97.77,TRADE
NSW1,17/07/2015 9:00,11310.67,86.46,TRADE
NSW1,17/07/2015 9:30,11345.24,128.54,TRADE
NSW1,17/07/2015 10:00,11118.11,56.33,TRADE
NSW1,17/07/2015 10:30,11063.18,50.61,TRADE
NSW1,17/07/2015 11:00,10974.09,51.06,TRADE
NSW1,17/07/2015 11:30,10729.92,46.69,TRADE
NSW1,17/07/2015 12:00,10662.63,51.64,TRADE
NSW1,17/07/2015 12:30,10546.79,49.97,TRADE
NSW1,17/07/2015 13:00,10313.54,44.33,TRADE
NSW1,17/07/2015 13:30,10213.39,43.04,TRADE
NSW1,17/07/2015 14:00,10047.03,41.06,TRADE
NSW1,17/07/2015 14:30,9903.1,41.51,TRADE
NSW1,17/07/2015 15:00,9856.77,41.95,TRADE
NSW1,17/07/2015 15:30,9885.38,42.44,TRADE
NSW1,17/07/2015 16:00,10050.03,41.82,TRADE
NSW1,17/07/2015 16:30,10348.62,48.23,TRADE
NSW1,17/07/2015 17:00,10695.38,55.88,TRADE
NSW1,17/07/2015 17:30,11249.07,46.67,TRADE
NSW1,17/07/2015 18:00,11801.82,71.09,TRADE
NSW1,17/07/2015 18:30,11804.72,59.73,TRADE
NSW1,17/07/2015 19:00,11629.57,83.13,TRADE
NSW1,17/07/2015 19:30,11380.12,46.8,TRADE
NSW1,17/07/2015 20:00,11136.13,79.2,TRADE
NSW1,17/07/2015 20:30,10983.08,60.51,TRADE
NSW1,17/07/2015 21:00,10732.31,46.87,TRADE
NSW1,17/07/2015 21:30,10445.15,45.63,TRADE
NSW1,17/07/2015 22:00,10212.05,43.43,TRADE
NSW1,17/07/2015 22:30,10132.11,76.12,TRADE
NSW1,17/07/2015 23:00,9841.88,68.39,TRADE
NSW1,17/07/2015 23:30,9658.6,45.02,TRADE
NSW1,18/07/2015 0:00,9514.16,42.4,TRADE
NSW1,18/07/2015 0:30,9154.04,48.75,TRADE
NSW1,18/07/2015 1:00,8852.39,47.68,TRADE
NSW1,18/07/2015 1:30,8560.66,43.5,TRADE
NSW1,18/07/2015 2:00,8346.3,42.09,TRADE
NSW1,18/07/2015 2:30,7911.62,41.95,TRADE
NSW1,18/07/2015 3:00,7566.38,42.66,TRADE
NSW1,18/07/2015 3:30,7320.03,41.97,TRADE
NSW1,18/07/2015 4:00,7139.78,41.97,TRADE
NSW1,18/07/2015 4:30,7024.28,36.03,TRADE
NSW1,18/07/2015 5:00,7021.06,42.83,TRADE
NSW1,18/07/2015 5:30,7118.07,39.36,TRADE
NSW1,18/07/2015 6:00,7271.51,35.54,TRADE
NSW1,18/07/2015 6:30,7646.95,33.35,TRADE
NSW1,18/07/2015 7:00,7978.52,37.62,TRADE
NSW1,18/07/2015 7:30,8464.78,45.86,TRADE
NSW1,18/07/2015 8:00,9090.76,54.78,TRADE
NSW1,18/07/2015 8:30,9516.63,47.48,TRADE
NSW1,18/07/2015 9:00,9742.44,47.85,TRADE
NSW1,18/07/2015 9:30,9841.15,45.7,TRADE
NSW1,18/07/2015 10:00,9631.85,37.67,TRADE
NSW1,18/07/2015 10:30,9478.66,40.66,TRADE
NSW1,18/07/2015 11:00,9205.62,38.32,TRADE
NSW1,18/07/2015 11:30,9094.55,35.92,TRADE
NSW1,18/07/2015 12:00,9009.79,36.06,TRADE
NSW1,18/07/2015 12:30,8940.63,36.28,TRADE
NSW1,18/07/2015 13:00,8778.21,36.12,TRADE
NSW1,18/07/2015 13:30,8637.26,35.9,TRADE
NSW1,18/07/2015 14:00,8647.4,36.3,TRADE
NSW1,18/07/2015 14:30,8663.92,36.41,TRADE
NSW1,18/07/2015 15:00,8741.8,36.77,TRADE
NSW1,18/07/2015 15:30,8884.92,37.14,TRADE
NSW1,18/07/2015 16:00,9095.79,39.74,TRADE
NSW1,18/07/2015 16:30,9419.51,39.78,TRADE
NSW1,18/07/2015 17:00,9887.46,55.12,TRADE
NSW1,18/07/2015 17:30,10428.0,43.37,TRADE
NSW1,18/07/2015 18:00,10999.0,101.93,TRADE
NSW1,18/07/2015 18:30,11018.12,110.31,TRADE
NSW1,18/07/2015 19:00,10872.72,99.25,TRADE
NSW1,18/07/2015 19:30,10582.06,52.35,TRADE
NSW1,18/07/2015 20:00,10391.95,54.1,TRADE
NSW1,18/07/2015 20:30,10246.16,75.45,TRADE
NSW1,18/07/2015 21:00,10033.49,103.23,TRADE
NSW1,18/07/2015 21:30,9816.16,58.73,TRADE
NSW1,18/07/2015 22:00,9606.69,48.45,TRADE
NSW1,18/07/2015 22:30,9459.62,52.88,TRADE
NSW1,18/07/2015 23:00,9210.11,53.48,TRADE
NSW1,18/07/2015 23:30,9091.27,50.84,TRADE
NSW1,19/07/2015 0:00,8841.61,44.63,TRADE
NSW1,19/07/2015 0:30,8506.23,42.67,TRADE
NSW1,19/07/2015 1:00,8217.73,42.06,TRADE
NSW1,19/07/2015 1:30,7953.68,40.66,TRADE
NSW1,19/07/2015 2:00,7674.43,38.63,TRADE
NSW1,19/07/2015 2:30,7333.4,39.58,TRADE
NSW1,19/07/2015 3:00,7052.58,36.32,TRADE
NSW1,19/07/2015 3:30,6929.2,38.66,TRADE
NSW1,19/07/2015 4:00,6786.96,35.78,TRADE
NSW1,19/07/2015 4:30,6674.61,34.59,TRADE
NSW1,19/07/2015 5:00,6698.12,35.54,TRADE
NSW1,19/07/2015 5:30,6778.61,35.58,TRADE
NSW1,19/07/2015 6:00,6906.82,33.71,TRADE
NSW1,19/07/2015 6:30,7133.72,34.28,TRADE
NSW1,19/07/2015 7:00,7427.45,36.63,TRADE
NSW1,19/07/2015 7:30,7792.08,36.17,TRADE
NSW1,19/07/2015 8:00,8369.24,39.22,TRADE
NSW1,19/07/2015 8:30,8868.9,43.48,TRADE
NSW1,19/07/2015 9:00,9180.9,43.88,TRADE
NSW1,19/07/2015 9:30,9316.63,41.8,TRADE
NSW1,19/07/2015 10:00,9267.3,36.49,TRADE
NSW1,19/07/2015 10:30,9142.18,37.52,TRADE
NSW1,19/07/2015 11:00,8887.95,36.13,TRADE
NSW1,19/07/2015 11:30,8637.54,36.04,TRADE
NSW1,19/07/2015 12:00,8382.61,35.94,TRADE
NSW1,19/07/2015 12:30,8251.37,36.27,TRADE
NSW1,19/07/2015 13:00,8098.63,36.03,TRADE
NSW1,19/07/2015 13:30,8009.54,36.03,TRADE
NSW1,19/07/2015 14:00,7967.27,36.03,TRADE
NSW1,19/07/2015 14:30,7945.59,36.31,TRADE
NSW1,19/07/2015 15:00,8048.32,36.02,TRADE
NSW1,19/07/2015 15:30,8152.16,37.94,TRADE
NSW1,19/07/2015 16:00,8368.98,38.47,TRADE
NSW1,19/07/2015 16:30,8758.1,38.09,TRADE
NSW1,19/07/2015 17:00,9226.24,43.18,TRADE
NSW1,19/07/2015 17:30,9905.7,39.2,TRADE
NSW1,19/07/2015 18:00,10727.42,119.53,TRADE
NSW1,19/07/2015 18:30,10944.56,104.37,TRADE
NSW1,19/07/2015 19:00,10891.62,95.55,TRADE
NSW1,19/07/2015 19:30,10709.99,71.8,TRADE
NSW1,19/07/2015 20:00,10493.94,56.97,TRADE
NSW1,19/07/2015 20:30,10364.99,69.94,TRADE
NSW1,19/07/2015 21:00,10148.82,48.9,TRADE
NSW1,19/07/2015 21:30,9875.45,48.52,TRADE
NSW1,19/07/2015 22:00,9576.97,39.5,TRADE
NSW1,19/07/2015 22:30,9302.4,45.22,TRADE
NSW1,19/07/2015 23:00,8853.5,40.06,TRADE
NSW1,19/07/2015 23:30,8619.09,38.56,TRADE
NSW1,20/07/2015 0:00,8376.25,40.23,TRADE
NSW1,20/07/2015 0:30,8079.96,35.87,TRADE
NSW1,20/07/2015 1:00,7807.19,35.6,TRADE
NSW1,20/07/2015 1:30,7635.08,35.55,TRADE
NSW1,20/07/2015 2:00,7442.68,35.29,TRADE
NSW1,20/07/2015 2:30,7158.22,34.93,TRADE
NSW1,20/07/2015 3:00,6958.14,34.46,TRADE
NSW1,20/07/2015 3:30,6805.05,31.8,TRADE
NSW1,20/07/2015 4:00,6706.69,30.13,TRADE
NSW1,20/07/2015 4:30,6759.27,33.73,TRADE
NSW1,20/07/2015 5:00,6863.43,35.08,TRADE
NSW1,20/07/2015 5:30,7255.84,34.14,TRADE
NSW1,20/07/2015 6:00,7724.61,29.29,TRADE
NSW1,20/07/2015 6:30,8601.93,30.17,TRADE
NSW1,20/07/2015 7:00,9529.81,41.3,TRADE
NSW1,20/07/2015 7:30,10173.67,44.21,TRADE
NSW1,20/07/2015 8:00,10616.47,60.06,TRADE
NSW1,20/07/2015 8:30,10690.59,52.13,TRADE
NSW1,20/07/2015 9:00,10455.23,44.98,TRADE
NSW1,20/07/2015 9:30,10304.99,46.93,TRADE
NSW1,20/07/2015 10:00,10042.36,38.94,TRADE
NSW1,20/07/2015 10:30,9840.52,37.81,TRADE
NSW1,20/07/2015 11:00,9620.04,35.94,TRADE
NSW1,20/07/2015 11:30,9356.63,36.4,TRADE
NSW1,20/07/2015 12:00,9124.51,35.9,TRADE
NSW1,20/07/2015 12:30,9059.44,35.08,TRADE
NSW1,20/07/2015 13:00,8991.22,34.8,TRADE
NSW1,20/07/2015 13:30,8948.07,35.82,TRADE
NSW1,20/07/2015 14:00,8922.45,35.96,TRADE
NSW1,20/07/2015 14:30,8961.56,36.02,TRADE
NSW1,20/07/2015 15:00,8969.96,36.03,TRADE
NSW1,20/07/2015 15:30,9023.06,36.76,TRADE
NSW1,20/07/2015 16:00,9289.32,36.81,TRADE
NSW1,20/07/2015 16:30,9599.16,37.37,TRADE
NSW1,20/07/2015 17:00,10082.75,36.84,TRADE
NSW1,20/07/2015 17:30,10721.12,51.32,TRADE
NSW1,20/07/2015 18:00,11495.22,93.35,TRADE
NSW1,20/07/2015 18:30,11505.44,95.14,TRADE
NSW1,20/07/2015 19:00,11433.75,91.43,TRADE
NSW1,20/07/2015 19:30,11189.64,49.29,TRADE
NSW1,20/07/2015 20:00,10950.19,40.94,TRADE
NSW1,20/07/2015 20:30,10807.64,39.91,TRADE
NSW1,20/07/2015 21:00,10523.57,36.02,TRADE
NSW1,20/07/2015 21:30,10263.25,35.57,TRADE
NSW1,20/07/2015 22:00,9856.56,33.19,TRADE
NSW1,20/07/2015 22:30,9680.2,37.18,TRADE
NSW1,20/07/2015 23:00,9260.36,32.95,TRADE
NSW1,20/07/2015 23:30,9020.91,32.58,TRADE
NSW1,21/07/2015 0:00,8851.2,31.84,TRADE
NSW1,21/07/2015 0:30,8626.07,34.65,TRADE
NSW1,21/07/2015 1:00,8393.58,31.65,TRADE
NSW1,21/07/2015 1:30,8229.16,30.99,TRADE
NSW1,21/07/2015 2:00,8008.23,35.65,TRADE
NSW1,21/07/2015 2:30,7633.76,31.63,TRADE
NSW1,21/07/2015 3:00,7401.47,29.7,TRADE
NSW1,21/07/2015 3:30,7111.03,23.71,TRADE
NSW1,21/07/2015 4:00,6945.15,22.83,TRADE
NSW1,21/07/2015 4:30,6956.04,27.17,TRADE
NSW1,21/07/2015 5:00,7011.79,28.23,TRADE
NSW1,21/07/2015 5:30,7381.69,29.98,TRADE
NSW1,21/07/2015 6:00,7875.39,27.87,TRADE
NSW1,21/07/2015 6:30,8803.9,29.18,TRADE
NSW1,21/07/2015 7:00,9687.43,35.27,TRADE
NSW1,21/07/2015 7:30,10260.43,37.79,TRADE
NSW1,21/07/2015 8:00,10663.59,36.23,TRADE
NSW1,21/07/2015 8:30,10574.6,35.77,TRADE
NSW1,21/07/2015 9:00,10294.83,35.0,TRADE
NSW1,21/07/2015 9:30,10136.69,35.49,TRADE
NSW1,21/07/2015 10:00,9827.43,34.2,TRADE
NSW1,21/07/2015 10:30,9624.07,36.51,TRADE
NSW1,21/07/2015 11:00,9437.65,36.44,TRADE
NSW1,21/07/2015 11:30,9129.07,36.66,TRADE
NSW1,21/07/2015 12:00,8929.58,35.96,TRADE
NSW1,21/07/2015 12:30,8767.56,35.85,TRADE
NSW1,21/07/2015 13:00,8621.59,35.14,TRADE
NSW1,21/07/2015 13:30,8551.43,31.71,TRADE
NSW1,21/07/2015 14:00,8533.88,31.71,TRADE
NSW1,21/07/2015 14:30,8519.14,32.03,TRADE
NSW1,21/07/2015 15:00,8512.55,32.66,TRADE
NSW1,21/07/2015 15:30,8567.71,29.76,TRADE
NSW1,21/07/2015 16:00,8728.51,32.44,TRADE
NSW1,21/07/2015 16:30,9019.34,32.86,TRADE
NSW1,21/07/2015 17:00,9414.32,34.41,TRADE
NSW1,21/07/2015 17:30,10173.88,38.45,TRADE
NSW1,21/07/2015 18:00,11009.45,49.59,TRADE
NSW1,21/07/2015 18:30,11116.51,39.71,TRADE
NSW1,21/07/2015 19:00,11134.88,39.09,TRADE
NSW1,21/07/2015 19:30,10843.51,36.03,TRADE
NSW1,21/07/2015 20:00,10649.28,35.85,TRADE
NSW1,21/07/2015 20:30,10395.5,35.31,TRADE
NSW1,21/07/2015 21:00,10065.21,34.32,TRADE
NSW1,21/07/2015 21:30,9840.23,35.6,TRADE
NSW1,21/07/2015 22:00,9493.63,33.87,TRADE
NSW1,21/07/2015 22:30,9347.49,36.09,TRADE
NSW1,21/07/2015 23:00,8937.61,33.55,TRADE
NSW1,21/07/2015 23:30,8792.78,35.15,TRADE
NSW1,22/07/2015 0:00,8637.05,33.77,TRADE
NSW1,22/07/2015 0:30,8406.18,34.81,TRADE
NSW1,22/07/2015 1:00,8185.11,33.09,TRADE
NSW1,22/07/2015 1:30,8000.17,32.01,TRADE
NSW1,22/07/2015 2:00,7736.7,32.62,TRADE
NSW1,22/07/2015 2:30,7371.41,31.27,TRADE
NSW1,22/07/2015 3:00,7112.72,30.31,TRADE
NSW1,22/07/2015 3:30,6792.33,28.53,TRADE
NSW1,22/07/2015 4:00,6666.36,28.76,TRADE
NSW1,22/07/2015 4:30,6618.01,29.77,TRADE
NSW1,22/07/2015 5:00,6739.14,30.07,TRADE
NSW1,22/07/2015 5:30,7091.46,31.17,TRADE
NSW1,22/07/2015 6:00,7522.94,29.51,TRADE
NSW1,22/07/2015 6:30,8430.77,26.33,TRADE
NSW1,22/07/2015 7:00,9297.57,36.68,TRADE
NSW1,22/07/2015 7:30,9885.94,38.59,TRADE
NSW1,22/07/2015 8:00,10285.2,37.43,TRADE
NSW1,22/07/2015 8:30,10378.85,39.41,TRADE
NSW1,22/07/2015 9:00,10209.86,36.43,TRADE
NSW1,22/07/2015 9:30,10212.2,43.14,TRADE
NSW1,22/07/2015 10:00,10056.64,36.09,TRADE
NSW1,22/07/2015 10:30,9920.34,37.51,TRADE
NSW1,22/07/2015 11:00,9760.27,36.03,TRADE
NSW1,22/07/2015 11:30,9614.33,36.03,TRADE
NSW1,22/07/2015 12:00,9512.63,36.03,TRADE
NSW1,22/07/2015 12:30,9464.67,36.03,TRADE
NSW1,22/07/2015 13:00,9464.77,36.03,TRADE
NSW1,22/07/2015 13:30,9396.72,36.03,TRADE
NSW1,22/07/2015 14:00,9381.66,36.03,TRADE
NSW1,22/07/2015 14:30,9328.03,36.03,TRADE
NSW1,22/07/2015 15:00,9278.05,36.03,TRADE
NSW1,22/07/2015 15:30,9274.22,36.03,TRADE
NSW1,22/07/2015 16:00,9374.44,36.03,TRADE
NSW1,22/07/2015 16:30,9543.57,37.07,TRADE
NSW1,22/07/2015 17:00,9990.31,42.41,TRADE
NSW1,22/07/2015 17:30,10612.73,39.37,TRADE
NSW1,22/07/2015 18:00,11224.91,59.2,TRADE
NSW1,22/07/2015 18:30,11286.07,53.09,TRADE
NSW1,22/07/2015 19:00,11245.07,53.16,TRADE
NSW1,22/07/2015 19:30,10959.96,38.19,TRADE
NSW1,22/07/2015 20:00,10727.81,42.64,TRADE
NSW1,22/07/2015 20:30,10557.7,47.24,TRADE
NSW1,22/07/2015 21:00,10236.73,38.95,TRADE
NSW1,22/07/2015 21:30,9955.29,36.01,TRADE
NSW1,22/07/2015 22:00,9562.75,35.56,TRADE
NSW1,22/07/2015 22:30,9432.81,38.55,TRADE
NSW1,22/07/2015 23:00,9021.61,35.52,TRADE
NSW1,22/07/2015 23:30,8805.48,35.38,TRADE
NSW1,23/07/2015 0:00,8639.43,33.84,TRADE
NSW1,23/07/2015 0:30,8406.61,35.66,TRADE
NSW1,23/07/2015 1:00,8206.96,35.78,TRADE
NSW1,23/07/2015 1:30,8051.5,36.21,TRADE
NSW1,23/07/2015 2:00,7796.76,36.02,TRADE
NSW1,23/07/2015 2:30,7450.99,35.23,TRADE
NSW1,23/07/2015 3:00,7150.32,32.02,TRADE
NSW1,23/07/2015 3:30,6897.52,31.72,TRADE
NSW1,23/07/2015 4:00,6786.24,30.39,TRADE
NSW1,23/07/2015 4:30,6759.13,31.67,TRADE
NSW1,23/07/2015 5:00,6833.68,34.21,TRADE
NSW1,23/07/2015 5:30,7196.28,35.82,TRADE
NSW1,23/07/2015 6:00,7639.11,31.27,TRADE
NSW1,23/07/2015 6:30,8454.25,33.18,TRADE
NSW1,23/07/2015 7:00,9244.5,35.01,TRADE
NSW1,23/07/2015 7:30,9786.23,39.38,TRADE
NSW1,23/07/2015 8:00,10164.81,44.91,TRADE
NSW1,23/07/2015 8:30,10276.85,49.55,TRADE
NSW1,23/07/2015 9:00,10161.32,45.36,TRADE
NSW1,23/07/2015 9:30,10123.54,42.6,TRADE
NSW1,23/07/2015 10:00,9885.24,36.43,TRADE
NSW1,23/07/2015 10:30,9662.29,39.52,TRADE
NSW1,23/07/2015 11:00,9475.52,36.03,TRADE
NSW1,23/07/2015 11:30,9197.9,35.88,TRADE
NSW1,23/07/2015 12:00,9010.39,35.92,TRADE
NSW1,23/07/2015 12:30,8882.46,35.43,TRADE
NSW1,23/07/2015 13:00,8798.87,33.96,TRADE
NSW1,23/07/2015 13:30,8774.45,35.11,TRADE
NSW1,23/07/2015 14:00,8752.04,36.0,TRADE
NSW1,23/07/2015 14:30,8767.94,35.72,TRADE
NSW1,23/07/2015 15:00,8785.39,36.0,TRADE
NSW1,23/07/2015 15:30,8803.06,35.95,TRADE
NSW1,23/07/2015 16:00,8979.93,36.19,TRADE
NSW1,23/07/2015 16:30,9156.61,36.03,TRADE
NSW1,23/07/2015 17:00,9558.57,37.28,TRADE
NSW1,23/07/2015 17:30,10120.06,40.2,TRADE
NSW1,23/07/2015 18:00,10696.56,51.44,TRADE
NSW1,23/07/2015 18:30,10757.37,51.1,TRADE
NSW1,23/07/2015 19:00,10688.84,46.12,TRADE
NSW1,23/07/2015 19:30,10495.64,39.29,TRADE
NSW1,23/07/2015 20:00,10278.77,36.92,TRADE
NSW1,23/07/2015 20:30,10118.24,35.78,TRADE
NSW1,23/07/2015 21:00,9938.17,36.02,TRADE
NSW1,23/07/2015 21:30,9625.87,34.25,TRADE
NSW1,23/07/2015 22:00,9266.99,33.55,TRADE
NSW1,23/07/2015 22:30,9273.74,43.08,TRADE
NSW1,23/07/2015 23:00,8910.4,34.73,TRADE
NSW1,23/07/2015 23:30,8733.55,36.28,TRADE
NSW1,24/07/2015 0:00,8609.88,35.58,TRADE
NSW1,24/07/2015 0:30,8363.52,34.51,TRADE
NSW1,24/07/2015 1:00,8135.06,35.1,TRADE
NSW1,24/07/2015 1:30,7907.55,34.69,TRADE
NSW1,24/07/2015 2:00,7665.55,35.49,TRADE
NSW1,24/07/2015 2:30,7331.69,33.33,TRADE
NSW1,24/07/2015 3:00,7048.16,31.55,TRADE
NSW1,24/07/2015 3:30,6808.87,30.31,TRADE
NSW1,24/07/2015 4:00,6671.08,29.96,TRADE
NSW1,24/07/2015 4:30,6653.07,28.78,TRADE
NSW1,24/07/2015 5:00,6775.84,29.77,TRADE
NSW1,24/07/2015 5:30,7056.04,30.31,TRADE
NSW1,24/07/2015 6:00,7471.45,26.69,TRADE
NSW1,24/07/2015 6:30,8263.01,26.86,TRADE
NSW1,24/07/2015 7:00,9008.56,31.17,TRADE
NSW1,24/07/2015 7:30,9471.07,32.67,TRADE
NSW1,24/07/2015 8:00,9896.46,36.81,TRADE
NSW1,24/07/2015 8:30,10012.07,36.2,TRADE
NSW1,24/07/2015 9:00,9867.3,35.1,TRADE
NSW1,24/07/2015 9:30,9811.59,36.03,TRADE
NSW1,24/07/2015 10:00,9693.45,35.64,TRADE
NSW1,24/07/2015 10:30,9517.55,35.65,TRADE
NSW1,24/07/2015 11:00,9347.9,34.71,TRADE
NSW1,24/07/2015 11:30,9114.52,35.8,TRADE
NSW1,24/07/2015 12:00,8873.67,34.47,TRADE
NSW1,24/07/2015 12:30,8667.3,34.22,TRADE
NSW1,24/07/2015 13:00,8632.09,35.64,TRADE
NSW1,24/07/2015 13:30,8567.89,36.01,TRADE
NSW1,24/07/2015 14:00,8577.58,36.0,TRADE
NSW1,24/07/2015 14:30,8541.8,35.99,TRADE
NSW1,24/07/2015 15:00,8620.56,32.84,TRADE
NSW1,24/07/2015 15:30,8654.2,32.2,TRADE
NSW1,24/07/2015 16:00,8869.37,32.16,TRADE
NSW1,24/07/2015 16:30,9098.38,32.05,TRADE
NSW1,24/07/2015 17:00,9451.98,31.74,TRADE
NSW1,24/07/2015 17:30,9827.23,32.14,TRADE
NSW1,24/07/2015 18:00,10258.13,35.62,TRADE
NSW1,24/07/2015 18:30,10186.82,34.53,TRADE
NSW1,24/07/2015 19:00,10026.93,31.97,TRADE
NSW1,24/07/2015 19:30,9738.58,30.93,TRADE
NSW1,24/07/2015 20:00,9591.04,31.91,TRADE
NSW1,24/07/2015 20:30,9413.26,31.28,TRADE
NSW1,24/07/2015 21:00,9217.3,31.87,TRADE
NSW1,24/07/2015 21:30,9011.52,31.71,TRADE
NSW1,24/07/2015 22:00,8737.78,30.93,TRADE
NSW1,24/07/2015 22:30,8744.12,34.4,TRADE
NSW1,24/07/2015 23:00,8552.2,31.04,TRADE
NSW1,24/07/2015 23:30,8442.73,34.7,TRADE
NSW1,25/07/2015 0:00,8367.04,33.08,TRADE
NSW1,25/07/2015 0:30,8147.72,35.41,TRADE
NSW1,25/07/2015 1:00,7841.24,32.94,TRADE
NSW1,25/07/2015 1:30,7674.13,31.78,TRADE
NSW1,25/07/2015 2:00,7376.76,30.8,TRADE
NSW1,25/07/2015 2:30,7049.72,28.72,TRADE
NSW1,25/07/2015 3:00,6722.52,26.07,TRADE
NSW1,25/07/2015 3:30,6484.9,26.79,TRADE
NSW1,25/07/2015 4:00,6322.7,25.36,TRADE
NSW1,25/07/2015 4:30,6264.04,25.45,TRADE
NSW1,25/07/2015 5:00,6268.65,25.73,TRADE
NSW1,25/07/2015 5:30,6373.91,23.13,TRADE
NSW1,25/07/2015 6:00,6526.36,26.66,TRADE
NSW1,25/07/2015 6:30,6854.99,26.28,TRADE
NSW1,25/07/2015 7:00,7190.9,26.95,TRADE
NSW1,25/07/2015 7:30,7528.06,28.41,TRADE
NSW1,25/07/2015 8:00,8024.02,29.92,TRADE
NSW1,25/07/2015 8:30,8357.12,34.91,TRADE
NSW1,25/07/2015 9:00,8440.98,35.29,TRADE
NSW1,25/07/2015 9:30,8535.25,35.83,TRADE
NSW1,25/07/2015 10:00,8337.43,34.79,TRADE
NSW1,25/07/2015 10:30,8191.99,34.54,TRADE
NSW1,25/07/2015 11:00,7941.97,31.88,TRADE
NSW1,25/07/2015 11:30,7745.01,29.23,TRADE
NSW1,25/07/2015 12:00,7600.81,28.59,TRADE
NSW1,25/07/2015 12:30,7477.98,28.09,TRADE
NSW1,25/07/2015 13:00,7344.72,25.51,TRADE
NSW1,25/07/2015 13:30,7240.33,25.86,TRADE
NSW1,25/07/2015 14:00,7224.52,25.61,TRADE
NSW1,25/07/2015 14:30,7208.69,26.27,TRADE
NSW1,25/07/2015 15:00,7203.2,26.01,TRADE
NSW1,25/07/2015 15:30,7265.33,27.78,TRADE
NSW1,25/07/2015 16:00,7412.63,26.79,TRADE
NSW1,25/07/2015 16:30,7713.94,29.82,TRADE
NSW1,25/07/2015 17:00,8083.59,32.92,TRADE
NSW1,25/07/2015 17:30,8556.97,33.25,TRADE
NSW1,25/07/2015 18:00,9226.56,42.49,TRADE
NSW1,25/07/2015 18:30,9298.77,37.86,TRADE
NSW1,25/07/2015 19:00,9185.78,35.22,TRADE
NSW1,25/07/2015 19:30,8979.89,34.14,TRADE
NSW1,25/07/2015 20:00,8828.38,31.96,TRADE
NSW1,25/07/2015 20:30,8689.95,33.18,TRADE
NSW1,25/07/2015 21:00,8555.75,33.44,TRADE
NSW1,25/07/2015 21:30,8414.8,32.12,TRADE
NSW1,25/07/2015 22:00,8265.65,32.18,TRADE
NSW1,25/07/2015 22:30,8212.81,34.2,TRADE
NSW1,25/07/2015 23:00,8055.02,34.0,TRADE
NSW1,25/07/2015 23:30,7975.24,34.45,TRADE
NSW1,26/07/2015 0:00,7845.4,33.53,TRADE
NSW1,26/07/2015 0:30,7517.18,34.18,TRADE
NSW1,26/07/2015 1:00,7295.02,32.21,TRADE
NSW1,26/07/2015 1:30,7060.03,30.59,TRADE
NSW1,26/07/2015 2:00,6816.42,29.06,TRADE
NSW1,26/07/2015 2:30,6553.1,26.38,TRADE
NSW1,26/07/2015 3:00,6342.23,24.76,TRADE
NSW1,26/07/2015 3:30,6158.82,20.02,TRADE
NSW1,26/07/2015 4:00,6102.63,20.57,TRADE
NSW1,26/07/2015 4:30,6063.11,22.27,TRADE
NSW1,26/07/2015 5:00,6089.73,23.07,TRADE
NSW1,26/07/2015 5:30,6094.01,21.29,TRADE
NSW1,26/07/2015 6:00,6249.07,23.36,TRADE
NSW1,26/07/2015 6:30,6482.58,25.46,TRADE
NSW1,26/07/2015 7:00,6736.12,25.46,TRADE
NSW1,26/07/2015 7:30,7068.56,25.97,TRADE
NSW1,26/07/2015 8:00,7523.13,30.45,TRADE
NSW1,26/07/2015 8:30,7932.87,32.28,TRADE
NSW1,26/07/2015 9:00,8112.23,33.9,TRADE
NSW1,26/07/2015 9:30,8258.41,34.87,TRADE
NSW1,26/07/2015 10:00,8154.82,34.63,TRADE
NSW1,26/07/2015 10:30,8078.63,32.03,TRADE
NSW1,26/07/2015 11:00,7891.46,29.81,TRADE
NSW1,26/07/2015 11:30,7707.34,28.28,TRADE
NSW1,26/07/2015 12:00,7544.2,28.27,TRADE
NSW1,26/07/2015 12:30,7414.06,26.28,TRADE
NSW1,26/07/2015 13:00,7328.51,25.7,TRADE
NSW1,26/07/2015 13:30,7208.87,26.45,TRADE
NSW1,26/07/2015 14:00,7167.24,26.9,TRADE
NSW1,26/07/2015 14:30,7171.29,27.12,TRADE
NSW1,26/07/2015 15:00,7200.36,29.26,TRADE
NSW1,26/07/2015 15:30,7328.0,29.98,TRADE
NSW1,26/07/2015 16:00,7581.36,28.8,TRADE
NSW1,26/07/2015 16:30,7879.7,31.62,TRADE
NSW1,26/07/2015 17:00,8333.53,34.51,TRADE
NSW1,26/07/2015 17:30,8868.95,36.66,TRADE
NSW1,26/07/2015 18:00,9650.15,40.71,TRADE
NSW1,26/07/2015 18:30,9840.6,36.86,TRADE
NSW1,26/07/2015 19:00,9811.07,36.01,TRADE
NSW1,26/07/2015 19:30,9596.77,35.51,TRADE
NSW1,26/07/2015 20:00,9437.63,35.13,TRADE
NSW1,26/07/2015 20:30,9258.38,35.3,TRADE
NSW1,26/07/2015 21:00,9044.78,35.8,TRADE
NSW1,26/07/2015 21:30,8830.49,35.36,TRADE
NSW1,26/07/2015 22:00,8559.7,34.25,TRADE
NSW1,26/07/2015 22:30,8442.22,34.8,TRADE
NSW1,26/07/2015 23:00,8080.87,31.73,TRADE
NSW1,26/07/2015 23:30,7884.51,32.01,TRADE
NSW1,27/07/2015 0:00,7775.36,31.25,TRADE
NSW1,27/07/2015 0:30,7517.07,31.97,TRADE
NSW1,27/07/2015 1:00,7349.01,30.16,TRADE
NSW1,27/07/2015 1:30,7247.29,29.46,TRADE
NSW1,27/07/2015 2:00,7060.2,28.95,TRADE
NSW1,27/07/2015 2:30,6766.77,23.57,TRADE
NSW1,27/07/2015 3:00,6566.55,25.31,TRADE
NSW1,27/07/2015 3:30,6427.68,21.13,TRADE
NSW1,27/07/2015 4:00,6418.89,20.86,TRADE
NSW1,27/07/2015 4:30,6487.03,24.65,TRADE
NSW1,27/07/2015 5:00,6626.1,26.7,TRADE
NSW1,27/07/2015 5:30,6963.54,27.83,TRADE
NSW1,27/07/2015 6:00,7442.08,29.27,TRADE
NSW1,27/07/2015 6:30,8382.21,30.78,TRADE
NSW1,27/07/2015 7:00,9263.13,36.51,TRADE
NSW1,27/07/2015 7:30,9873.47,43.05,TRADE
NSW1,27/07/2015 8:00,10243.96,38.62,TRADE
NSW1,27/07/2015 8:30,10277.99,36.02,TRADE
NSW1,27/07/2015 9:00,9971.76,35.89,TRADE
NSW1,27/07/2015 9:30,9841.88,35.83,TRADE
NSW1,27/07/2015 10:00,9650.1,34.2,TRADE
NSW1,27/07/2015 10:30,9471.82,33.78,TRADE
NSW1,27/07/2015 11:00,9328.5,33.59,TRADE
NSW1,27/07/2015 11:30,9112.77,31.75,TRADE
NSW1,27/07/2015 12:00,8959.86,30.72,TRADE
NSW1,27/07/2015 12:30,8820.71,31.02,TRADE
NSW1,27/07/2015 13:00,8736.69,29.72,TRADE
NSW1,27/07/2015 13:30,8666.87,29.34,TRADE
NSW1,27/07/2015 14:00,8665.04,30.51,TRADE
NSW1,27/07/2015 14:30,8629.02,33.23,TRADE
NSW1,27/07/2015 15:00,8638.21,34.66,TRADE
NSW1,27/07/2015 15:30,8662.87,34.87,TRADE
NSW1,27/07/2015 16:00,8863.47,35.29,TRADE
NSW1,27/07/2015 16:30,9211.63,35.24,TRADE
NSW1,27/07/2015 17:00,9740.95,36.54,TRADE
NSW1,27/07/2015 17:30,10508.0,49.61,TRADE
NSW1,27/07/2015 18:00,11388.41,115.24,TRADE
NSW1,27/07/2015 18:30,11612.41,99.72,TRADE
NSW1,27/07/2015 19:00,11594.69,82.74,TRADE
NSW1,27/07/2015 19:30,11380.54,48.08,TRADE
NSW1,27/07/2015 20:00,11172.2,42.07,TRADE
NSW1,27/07/2015 20:30,10993.5,43.5,TRADE
NSW1,27/07/2015 21:00,10640.99,35.78,TRADE
NSW1,27/07/2015 21:30,10340.22,35.86,TRADE
NSW1,27/07/2015 22:00,9959.88,34.27,TRADE
NSW1,27/07/2015 22:30,9745.63,36.4,TRADE
NSW1,27/07/2015 23:00,9279.8,35.2,TRADE
NSW1,27/07/2015 23:30,9051.7,35.38,TRADE
NSW1,28/07/2015 0:00,8802.09,35.39,TRADE
NSW1,28/07/2015 0:30,8571.24,35.85,TRADE
NSW1,28/07/2015 1:00,8347.83,36.02,TRADE
NSW1,28/07/2015 1:30,8141.19,35.79,TRADE
NSW1,28/07/2015 2:00,7913.63,35.79,TRADE
NSW1,28/07/2015 2:30,7506.4,35.4,TRADE
NSW1,28/07/2015 3:00,7261.01,32.69,TRADE
NSW1,28/07/2015 3:30,7066.94,30.99,TRADE
NSW1,28/07/2015 4:00,6921.95,29.97,TRADE
NSW1,28/07/2015 4:30,6902.67,30.03,TRADE
NSW1,28/07/2015 5:00,7044.65,32.09,TRADE
NSW1,28/07/2015 5:30,7489.27,36.27,TRADE
NSW1,28/07/2015 6:00,7991.77,34.47,TRADE
NSW1,28/07/2015 6:30,8946.82,34.87,TRADE
NSW1,28/07/2015 7:00,9868.73,52.91,TRADE
NSW1,28/07/2015 7:30,10391.47,43.24,TRADE
NSW1,28/07/2015 8:00,10791.66,73.32,TRADE
NSW1,28/07/2015 8:30,10700.78,49.02,TRADE
NSW1,28/07/2015 9:00,10401.08,36.84,TRADE
NSW1,28/07/2015 9:30,10152.05,38.54,TRADE
NSW1,28/07/2015 10:00,9875.68,36.02,TRADE
NSW1,28/07/2015 10:30,9653.77,35.24,TRADE
NSW1,28/07/2015 11:00,9356.79,34.3,TRADE
NSW1,28/07/2015 11:30,9122.44,31.67,TRADE
NSW1,28/07/2015 12:00,8873.28,31.37,TRADE
NSW1,28/07/2015 12:30,8796.02,33.96,TRADE
NSW1,28/07/2015 13:00,8692.96,33.53,TRADE
NSW1,28/07/2015 13:30,8650.06,34.83,TRADE
NSW1,28/07/2015 14:00,8633.61,34.91,TRADE
NSW1,28/07/2015 14:30,8612.43,34.26,TRADE
NSW1,28/07/2015 15:00,8599.36,34.82,TRADE
NSW1,28/07/2015 15:30,8659.56,35.06,TRADE
NSW1,28/07/2015 16:00,8850.21,34.49,TRADE
NSW1,28/07/2015 16:30,9204.81,35.59,TRADE
NSW1,28/07/2015 17:00,9691.18,40.05,TRADE
NSW1,28/07/2015 17:30,10452.06,42.99,TRADE
NSW1,28/07/2015 18:00,11338.07,86.37,TRADE
NSW1,28/07/2015 18:30,11594.04,98.15,TRADE
NSW1,28/07/2015 19:00,11566.36,94.83,TRADE
NSW1,28/07/2015 19:30,11376.61,77.05,TRADE
NSW1,28/07/2015 20:00,11203.38,75.01,TRADE
NSW1,28/07/2015 20:30,11014.19,115.63,TRADE
NSW1,28/07/2015 21:00,10808.67,47.88,TRADE
NSW1,28/07/2015 21:30,10483.75,40.67,TRADE
NSW1,28/07/2015 22:00,10024.49,35.92,TRADE
NSW1,28/07/2015 22:30,9884.05,51.92,TRADE
NSW1,28/07/2015 23:00,9468.29,35.46,TRADE
NSW1,28/07/2015 23:30,9235.01,35.8,TRADE
NSW1,29/07/2015 0:00,9069.48,35.75,TRADE
NSW1,29/07/2015 0:30,8772.81,35.85,TRADE
NSW1,29/07/2015 1:00,8550.89,35.18,TRADE
NSW1,29/07/2015 1:30,8393.07,35.82,TRADE
NSW1,29/07/2015 2:00,8169.71,36.0,TRADE
NSW1,29/07/2015 2:30,7773.64,34.44,TRADE
NSW1,29/07/2015 3:00,7479.5,32.97,TRADE
NSW1,29/07/2015 3:30,7248.78,31.5,TRADE
NSW1,29/07/2015 4:00,7096.55,30.46,TRADE
NSW1,29/07/2015 4:30,7080.27,30.0,TRADE
NSW1,29/07/2015 5:00,7231.04,32.56,TRADE
NSW1,29/07/2015 5:30,7588.19,35.27,TRADE
NSW1,29/07/2015 6:00,8077.36,32.48,TRADE
NSW1,29/07/2015 6:30,8981.93,31.17,TRADE
NSW1,29/07/2015 7:00,9900.92,68.3,TRADE
NSW1,29/07/2015 7:30,10495.06,47.52,TRADE
NSW1,29/07/2015 8:00,10841.37,55.51,TRADE
NSW1,29/07/2015 8:30,10808.39,46.81,TRADE
NSW1,29/07/2015 9:00,10508.23,38.95,TRADE
NSW1,29/07/2015 9:30,10219.03,37.05,TRADE
NSW1,29/07/2015 10:00,9927.27,35.92,TRADE
NSW1,29/07/2015 10:30,9654.04,35.07,TRADE
NSW1,29/07/2015 11:00,9406.33,35.51,TRADE
NSW1,29/07/2015 11:30,9114.69,35.91,TRADE
NSW1,29/07/2015 12:00,8925.8,35.59,TRADE
NSW1,29/07/2015 12:30,8786.99,35.43,TRADE
NSW1,29/07/2015 13:00,8659.41,34.86,TRADE
NSW1,29/07/2015 13:30,8543.0,34.84,TRADE
NSW1,29/07/2015 14:00,8535.8,34.02,TRADE
NSW1,29/07/2015 14:30,8480.48,34.89,TRADE
NSW1,29/07/2015 15:00,8482.9,34.8,TRADE
NSW1,29/07/2015 15:30,8541.3,34.45,TRADE
NSW1,29/07/2015 16:00,8723.99,33.37,TRADE
NSW1,29/07/2015 16:30,9034.63,35.29,TRADE
NSW1,29/07/2015 17:00,9500.0,38.81,TRADE
NSW1,29/07/2015 17:30,10212.29,38.65,TRADE
NSW1,29/07/2015 18:00,11015.93,57.52,TRADE
NSW1,29/07/2015 18:30,11239.1,72.21,TRADE
NSW1,29/07/2015 19:00,11230.82,76.52,TRADE
NSW1,29/07/2015 19:30,11044.51,42.22,TRADE
NSW1,29/07/2015 20:00,10908.68,41.66,TRADE
NSW1,29/07/2015 20:30,10716.21,42.23,TRADE
NSW1,29/07/2015 21:00,10554.37,38.15,TRADE
NSW1,29/07/2015 21:30,10240.79,35.63,TRADE
NSW1,29/07/2015 22:00,9769.59,34.23,TRADE
NSW1,29/07/2015 22:30,9627.49,37.48,TRADE
NSW1,29/07/2015 23:00,9256.93,35.2,TRADE
NSW1,29/07/2015 23:30,9040.89,35.1,TRADE
NSW1,30/07/2015 0:00,8868.75,35.5,TRADE
NSW1,30/07/2015 0:30,8604.3,33.62,TRADE
NSW1,30/07/2015 1:00,8366.19,30.99,TRADE
NSW1,30/07/2015 1:30,8208.13,31.45,TRADE
NSW1,30/07/2015 2:00,7948.23,31.44,TRADE
NSW1,30/07/2015 2:30,7577.39,30.32,TRADE
NSW1,30/07/2015 3:00,7269.95,29.96,TRADE
NSW1,30/07/2015 3:30,7037.56,28.33,TRADE
NSW1,30/07/2015 4:00,6882.94,26.64,TRADE
NSW1,30/07/2015 4:30,6867.11,27.06,TRADE
NSW1,30/07/2015 5:00,6956.98,29.46,TRADE
NSW1,30/07/2015 5:30,7293.04,31.01,TRADE
NSW1,30/07/2015 6:00,7744.97,28.18,TRADE
NSW1,30/07/2015 6:30,8627.31,24.55,TRADE
NSW1,30/07/2015 7:00,9524.13,32.42,TRADE
NSW1,30/07/2015 7:30,10014.27,32.84,TRADE
NSW1,30/07/2015 8:00,10392.73,35.03,TRADE
NSW1,30/07/2015 8:30,10350.1,32.62,TRADE
NSW1,30/07/2015 9:00,9990.11,33.02,TRADE
NSW1,30/07/2015 9:30,9702.06,34.96,TRADE
NSW1,30/07/2015 10:00,9429.57,33.52,TRADE
NSW1,30/07/2015 10:30,9192.88,34.06,TRADE
NSW1,30/07/2015 11:00,8950.97,32.36,TRADE
NSW1,30/07/2015 11:30,8666.45,31.21,TRADE
NSW1,30/07/2015 12:00,8521.51,30.92,TRADE
NSW1,30/07/2015 12:30,8353.32,28.35,TRADE
NSW1,30/07/2015 13:00,8321.34,29.11,TRADE
NSW1,30/07/2015 13:30,8242.57,29.63,TRADE
NSW1,30/07/2015 14:00,8227.9,31.29,TRADE
NSW1,30/07/2015 14:30,8187.4,31.96,TRADE
NSW1,30/07/2015 15:00,8193.95,31.78,TRADE
NSW1,30/07/2015 15:30,8264.84,32.91,TRADE
NSW1,30/07/2015 16:00,8485.02,34.49,TRADE
NSW1,30/07/2015 16:30,8775.05,34.76,TRADE
NSW1,30/07/2015 17:00,9150.84,34.62,TRADE
NSW1,30/07/2015 17:30,9790.19,34.02,TRADE
NSW1,30/07/2015 18:00,10547.62,36.83,TRADE
NSW1,30/07/2015 18:30,10703.03,36.34,TRADE
NSW1,30/07/2015 19:00,10690.19,38.23,TRADE
NSW1,30/07/2015 19:30,10499.0,35.97,TRADE
NSW1,30/07/2015 20:00,10382.93,36.18,TRADE
NSW1,30/07/2015 20:30,10196.84,35.79,TRADE
NSW1,30/07/2015 21:00,9954.85,35.96,TRADE
NSW1,30/07/2015 21:30,9613.82,35.32,TRADE
NSW1,30/07/2015 22:00,9262.06,33.29,TRADE
NSW1,30/07/2015 22:30,9161.25,35.98,TRADE
NSW1,30/07/2015 23:00,8819.42,35.94,TRADE
NSW1,30/07/2015 23:30,8637.64,36.02,TRADE
NSW1,31/07/2015 0:00,8484.03,38.43,TRADE
NSW1,31/07/2015 0:30,8262.12,36.03,TRADE
NSW1,31/07/2015 1:00,8055.35,36.01,TRADE
NSW1,31/07/2015 1:30,7840.07,35.91,TRADE
NSW1,31/07/2015 2:00,7590.31,35.09,TRADE
NSW1,31/07/2015 2:30,7222.11,33.67,TRADE
NSW1,31/07/2015 3:00,6962.38,32.97,TRADE
NSW1,31/07/2015 3:30,6765.03,31.82,TRADE
NSW1,31/07/2015 4:00,6649.79,31.66,TRADE
NSW1,31/07/2015 4:30,6617.9,30.9,TRADE
NSW1,31/07/2015 5:00,6732.45,34.66,TRADE
NSW1,31/07/2015 5:30,7076.3,35.64,TRADE
NSW1,31/07/2015 6:00,7528.07,29.54,TRADE
NSW1,31/07/2015 6:30,8331.7,25.67,TRADE
NSW1,31/07/2015 7:00,9135.53,37.06,TRADE
NSW1,31/07/2015 7:30,9579.08,35.08,TRADE
NSW1,31/07/2015 8:00,9891.27,37.1,TRADE
NSW1,31/07/2015 8:30,9835.59,36.02,TRADE
NSW1,31/07/2015 9:00,9557.53,36.42,TRADE
NSW1,31/07/2015 9:30,9390.52,36.78,TRADE
NSW1,31/07/2015 10:00,9108.06,34.55,TRADE
NSW1,31/07/2015 10:30,8948.12,35.56,TRADE
NSW1,31/07/2015 11:00,8726.77,35.56,TRADE
NSW1,31/07/2015 11:30,8520.46,35.13,TRADE
NSW1,31/07/2015 12:00,8344.4,34.95,TRADE
NSW1,31/07/2015 12:30,8235.72,34.38,TRADE
NSW1,31/07/2015 13:00,8131.4,31.6,TRADE
NSW1,31/07/2015 13:30,7962.55,29.77,TRADE
NSW1,31/07/2015 14:00,7960.72,29.77,TRADE
NSW1,31/07/2015 14:30,7925.93,28.48,TRADE
NSW1,31/07/2015 15:00,7885.63,28.11,TRADE
NSW1,31/07/2015 15:30,7875.24,29.88,TRADE
NSW1,31/07/2015 16:00,8100.56,34.7,TRADE
NSW1,31/07/2015 16:30,8295.76,34.34,TRADE
NSW1,31/07/2015 17:00,8622.02,35.06,TRADE
NSW1,31/07/2015 17:30,9068.32,35.43,TRADE
NSW1,31/07/2015 18:00,9801.21,41.83,TRADE
NSW1,31/07/2015 18:30,9926.33,39.63,TRADE
NSW1,31/07/2015 19:00,9947.15,35.85,TRADE
NSW1,31/07/2015 19:30,9737.91,34.8,TRADE
NSW1,31/07/2015 20:00,9607.06,35.06,TRADE
NSW1,31/07/2015 20:30,9507.03,34.91,TRADE
NSW1,31/07/2015 21:00,9312.76,35.55,TRADE
NSW1,31/07/2015 21:30,9135.99,34.72,TRADE
NSW1,31/07/2015 22:00,8946.69,33.55,TRADE
NSW1,31/07/2015 22:30,9010.55,35.96,TRADE
NSW1,31/07/2015 23:00,8769.24,35.61,TRADE
NSW1,31/07/2015 23:30,8706.85,35.5,TRADE
NSW1,1/08/2015 0:00,8573.94,35.47,TRADE
NSW1,1/08/2015 0:30,8282.49,35.44,TRADE
NSW1,1/08/2015 1:00,7994.62,34.93,TRADE
NSW1,1/08/2015 1:30,7787.54,35.03,TRADE
NSW1,1/08/2015 2:00,7480.16,33.9,TRADE
NSW1,1/08/2015 2:30,7114.04,31.11,TRADE
NSW1,1/08/2015 3:00,6821.66,29.08,TRADE
NSW1,1/08/2015 3:30,6600.44,26.79,TRADE
NSW1,1/08/2015 4:00,6452.65,22.33,TRADE
NSW1,1/08/2015 4:30,6374.12,25.5,TRADE
NSW1,1/08/2015 5:00,6363.59,25.4,TRADE
NSW1,1/08/2015 5:30,6436.49,26.47,TRADE
NSW1,1/08/2015 6:00,6623.82,25.45,TRADE
NSW1,1/08/2015 6:30,6972.84,25.73,TRADE
NSW1,1/08/2015 7:00,7359.41,27.69,TRADE
NSW1,1/08/2015 7:30,7835.89,32.28,TRADE
NSW1,1/08/2015 8:00,8299.81,35.52,TRADE
NSW1,1/08/2015 8:30,8687.48,36.03,TRADE
NSW1,1/08/2015 9:00,8861.03,35.93,TRADE
NSW1,1/08/2015 9:30,8891.16,36.57,TRADE
NSW1,1/08/2015 10:00,8632.71,35.38,TRADE
NSW1,1/08/2015 10:30,8434.7,35.19,TRADE
NSW1,1/08/2015 11:00,8201.96,35.01,TRADE
NSW1,1/08/2015 11:30,7973.74,34.97,TRADE
NSW1,1/08/2015 12:00,7814.97,34.96,TRADE
NSW1,1/08/2015 12:30,7590.76,34.67,TRADE
NSW1,1/08/2015 13:00,7507.37,34.89,TRADE
NSW1,1/08/2015 13:30,7423.19,34.93,TRADE
NSW1,1/08/2015 14:00,7330.37,34.79,TRADE
NSW1,1/08/2015 14:30,7272.33,34.34,TRADE
NSW1,1/08/2015 15:00,7276.92,31.75,TRADE
NSW1,1/08/2015 15:30,7351.88,33.82,TRADE
NSW1,1/08/2015 16:00,7509.67,34.99,TRADE
NSW1,1/08/2015 16:30,7705.93,35.17,TRADE
NSW1,1/08/2015 17:00,7951.24,35.44,TRADE
NSW1,1/08/2015 17:30,8328.4,35.26,TRADE
NSW1,1/08/2015 18:00,8944.31,36.27,TRADE
NSW1,1/08/2015 18:30,9110.23,36.69,TRADE
NSW1,1/08/2015 19:00,8986.45,35.52,TRADE
NSW1,1/08/2015 19:30,8730.24,35.02,TRADE
NSW1,1/08/2015 20:00,8577.31,35.02,TRADE
NSW1,1/08/2015 20:30,8425.07,35.37,TRADE
NSW1,1/08/2015 21:00,8340.09,35.02,TRADE
NSW1,1/08/2015 21:30,8168.11,35.02,TRADE
NSW1,1/08/2015 22:00,8062.4,35.34,TRADE
NSW1,1/08/2015 22:30,8090.17,35.84,TRADE
NSW1,1/08/2015 23:00,7900.26,35.17,TRADE
NSW1,1/08/2015 23:30,7804.7,35.33,TRADE
NSW1,2/08/2015 0:00,7603.37,35.0,TRADE
NSW1,2/08/2015 0:30,7386.92,37.06,TRADE
NSW1,2/08/2015 1:00,7180.52,35.59,TRADE
NSW1,2/08/2015 1:30,7024.52,34.11,TRADE
NSW1,2/08/2015 2:00,6813.1,32.49,TRADE
NSW1,2/08/2015 2:30,6532.76,31.72,TRADE
NSW1,2/08/2015 3:00,6351.62,29.46,TRADE
NSW1,2/08/2015 3:30,6226.83,26.35,TRADE
NSW1,2/08/2015 4:00,6110.11,24.9,TRADE
NSW1,2/08/2015 4:30,5994.9,24.89,TRADE
NSW1,2/08/2015 5:00,6061.15,25.43,TRADE
NSW1,2/08/2015 5:30,6117.39,26.0,TRADE
NSW1,2/08/2015 6:00,6206.32,25.34,TRADE
NSW1,2/08/2015 6:30,6431.34,25.77,TRADE
NSW1,2/08/2015 7:00,6664.41,25.46,TRADE
NSW1,2/08/2015 7:30,6912.41,26.91,TRADE
NSW1,2/08/2015 8:00,7386.27,29.68,TRADE
NSW1,2/08/2015 8:30,7635.72,31.27,TRADE
NSW1,2/08/2015 9:00,7805.12,32.65,TRADE
NSW1,2/08/2015 9:30,7903.89,31.4,TRADE
NSW1,2/08/2015 10:00,7860.01,30.73,TRADE
NSW1,2/08/2015 10:30,7787.25,29.1,TRADE
NSW1,2/08/2015 11:00,7525.3,25.47,TRADE
NSW1,2/08/2015 11:30,7361.61,25.42,TRADE
NSW1,2/08/2015 12:00,7310.78,25.46,TRADE
NSW1,2/08/2015 12:30,7288.62,25.85,TRADE
NSW1,2/08/2015 13:00,7218.04,25.46,TRADE
NSW1,2/08/2015 13:30,7124.76,25.46,TRADE
NSW1,2/08/2015 14:00,7067.03,25.45,TRADE
NSW1,2/08/2015 14:30,7017.12,25.46,TRADE
NSW1,2/08/2015 15:00,7067.52,25.46,TRADE
NSW1,2/08/2015 15:30,7106.49,25.46,TRADE
NSW1,2/08/2015 16:00,7219.04,25.97,TRADE
NSW1,2/08/2015 16:30,7441.35,28.79,TRADE
NSW1,2/08/2015 17:00,7623.78,30.06,TRADE
NSW1,2/08/2015 17:30,8031.81,33.21,TRADE
NSW1,2/08/2015 18:00,8698.97,37.01,TRADE
NSW1,2/08/2015 18:30,8986.13,36.48,TRADE
NSW1,2/08/2015 19:00,8890.29,35.5,TRADE
NSW1,2/08/2015 19:30,8664.53,33.25,TRADE
NSW1,2/08/2015 20:00,8497.36,31.87,TRADE
NSW1,2/08/2015 20:30,8319.15,32.04,TRADE
NSW1,2/08/2015 21:00,8171.92,31.52,TRADE
NSW1,2/08/2015 21:30,7983.24,29.63,TRADE
NSW1,2/08/2015 22:00,7786.42,28.56,TRADE
NSW1,2/08/2015 22:30,7768.11,31.31,TRADE
NSW1,2/08/2015 23:00,7532.29,25.85,TRADE
NSW1,2/08/2015 23:30,7515.73,31.18,TRADE
NSW1,3/08/2015 0:00,7333.04,29.3,TRADE
NSW1,3/08/2015 0:30,7114.7,30.76,TRADE
NSW1,3/08/2015 1:00,6980.01,30.16,TRADE
NSW1,3/08/2015 1:30,6771.93,26.03,TRADE
NSW1,3/08/2015 2:00,6648.04,23.14,TRADE
NSW1,3/08/2015 2:30,6382.95,20.9,TRADE
NSW1,3/08/2015 3:00,6233.37,15.82,TRADE
NSW1,3/08/2015 3:30,6135.45,18.96,TRADE
NSW1,3/08/2015 4:00,6049.34,18.19,TRADE
NSW1,3/08/2015 4:30,6093.97,19.92,TRADE
NSW1,3/08/2015 5:00,6206.24,20.24,TRADE
NSW1,3/08/2015 5:30,6582.26,27.77,TRADE
NSW1,3/08/2015 6:00,7046.6,27.65,TRADE
NSW1,3/08/2015 6:30,7851.31,26.87,TRADE
NSW1,3/08/2015 7:00,8580.59,39.81,TRADE
NSW1,3/08/2015 7:30,9111.18,40.5,TRADE
NSW1,3/08/2015 8:00,9460.03,50.38,TRADE
NSW1,3/08/2015 8:30,9421.7,46.67,TRADE
NSW1,3/08/2015 9:00,9191.66,35.34,TRADE
NSW1,3/08/2015 9:30,9110.84,35.52,TRADE
NSW1,3/08/2015 10:00,8909.3,35.54,TRADE
NSW1,3/08/2015 10:30,8806.75,34.73,TRADE
NSW1,3/08/2015 11:00,8666.34,32.73,TRADE
NSW1,3/08/2015 11:30,8477.06,31.5,TRADE
NSW1,3/08/2015 12:00,8333.47,31.62,TRADE
NSW1,3/08/2015 12:30,8239.38,32.77,TRADE
NSW1,3/08/2015 13:00,8200.99,32.61,TRADE
NSW1,3/08/2015 13:30,8164.59,32.93,TRADE
NSW1,3/08/2015 14:00,8141.05,34.44,TRADE
NSW1,3/08/2015 14:30,8112.67,34.91,TRADE
NSW1,3/08/2015 15:00,8125.74,34.97,TRADE
NSW1,3/08/2015 15:30,8179.48,34.91,TRADE
NSW1,3/08/2015 16:00,8301.67,34.9,TRADE
NSW1,3/08/2015 16:30,8617.62,32.93,TRADE
NSW1,3/08/2015 17:00,9061.56,35.25,TRADE
NSW1,3/08/2015 17:30,9730.14,37.13,TRADE
NSW1,3/08/2015 18:00,10514.23,73.32,TRADE
NSW1,3/08/2015 18:30,10719.19,87.52,TRADE
NSW1,3/08/2015 19:00,10606.34,64.74,TRADE
NSW1,3/08/2015 19:30,10417.66,47.23,TRADE
NSW1,3/08/2015 20:00,10277.38,44.41,TRADE
NSW1,3/08/2015 20:30,10046.92,37.77,TRADE
NSW1,3/08/2015 21:00,9808.25,35.85,TRADE
NSW1,3/08/2015 21:30,9570.36,35.26,TRADE
NSW1,3/08/2015 22:00,9193.94,31.66,TRADE
NSW1,3/08/2015 22:30,9107.9,35.58,TRADE
NSW1,3/08/2015 23:00,8805.54,32.62,TRADE
NSW1,3/08/2015 23:30,8629.9,34.53,TRADE
NSW1,4/08/2015 0:00,8541.07,34.71,TRADE
NSW1,4/08/2015 0:30,8314.83,35.35,TRADE
NSW1,4/08/2015 1:00,8097.24,35.79,TRADE
NSW1,4/08/2015 1:30,7920.59,35.16,TRADE
NSW1,4/08/2015 2:00,7696.77,35.1,TRADE
NSW1,4/08/2015 2:30,7417.98,36.06,TRADE
NSW1,4/08/2015 3:00,7152.74,35.34,TRADE
NSW1,4/08/2015 3:30,6973.89,35.06,TRADE
NSW1,4/08/2015 4:00,6860.58,34.77,TRADE
NSW1,4/08/2015 4:30,6871.4,34.3,TRADE
NSW1,4/08/2015 5:00,7004.23,35.23,TRADE
NSW1,4/08/2015 5:30,7339.45,38.54,TRADE
NSW1,4/08/2015 6:00,7867.01,36.28,TRADE
NSW1,4/08/2015 6:30,8707.87,31.47,TRADE
NSW1,4/08/2015 7:00,9592.85,36.69,TRADE
NSW1,4/08/2015 7:30,10114.16,53.11,TRADE
NSW1,4/08/2015 8:00,10493.85,67.23,TRADE
NSW1,4/08/2015 8:30,10439.17,41.45,TRADE
NSW1,4/08/2015 9:00,10155.51,36.65,TRADE
NSW1,4/08/2015 9:30,9992.48,40.63,TRADE
NSW1,4/08/2015 10:00,9913.04,42.12,TRADE
NSW1,4/08/2015 10:30,9722.49,35.48,TRADE
NSW1,4/08/2015 11:00,9483.1,35.76,TRADE
NSW1,4/08/2015 11:30,9277.84,36.58,TRADE
NSW1,4/08/2015 12:00,9129.5,36.01,TRADE
NSW1,4/08/2015 12:30,9016.65,35.96,TRADE
NSW1,4/08/2015 13:00,8930.85,35.92,TRADE
NSW1,4/08/2015 13:30,8862.36,34.1,TRADE
NSW1,4/08/2015 14:00,8774.81,34.35,TRADE
NSW1,4/08/2015 14:30,8731.79,35.12,TRADE
NSW1,4/08/2015 15:00,8637.77,35.21,TRADE
NSW1,4/08/2015 15:30,8652.59,34.13,TRADE
NSW1,4/08/2015 16:00,8862.57,37.0,TRADE
NSW1,4/08/2015 16:30,9197.59,38.46,TRADE
NSW1,4/08/2015 17:00,9625.51,37.83,TRADE
NSW1,4/08/2015 17:30,10317.26,42.95,TRADE
NSW1,4/08/2015 18:00,11160.69,60.0,TRADE
NSW1,4/08/2015 18:30,11463.39,65.98,TRADE
NSW1,4/08/2015 19:00,11414.66,61.15,TRADE
NSW1,4/08/2015 19:30,11250.21,55.95,TRADE
NSW1,4/08/2015 20:00,11032.95,46.82,TRADE
NSW1,4/08/2015 20:30,10884.95,43.95,TRADE
NSW1,4/08/2015 21:00,10677.44,46.84,TRADE
NSW1,4/08/2015 21:30,10305.34,37.51,TRADE
NSW1,4/08/2015 22:00,9846.95,33.38,TRADE
NSW1,4/08/2015 22:30,9656.04,36.59,TRADE
NSW1,4/08/2015 23:00,9196.1,31.24,TRADE
NSW1,4/08/2015 23:30,8991.98,34.83,TRADE
NSW1,5/08/2015 0:00,8769.83,33.48,TRADE
NSW1,5/08/2015 0:30,8526.54,36.03,TRADE
NSW1,5/08/2015 1:00,8330.48,37.3,TRADE
NSW1,5/08/2015 1:30,8129.46,36.23,TRADE
NSW1,5/08/2015 2:00,7830.9,34.24,TRADE
NSW1,5/08/2015 2:30,7549.06,34.08,TRADE
NSW1,5/08/2015 3:00,7225.01,29.45,TRADE
NSW1,5/08/2015 3:30,6965.28,27.58,TRADE
NSW1,5/08/2015 4:00,6883.11,26.18,TRADE
NSW1,5/08/2015 4:30,6844.31,26.21,TRADE
NSW1,5/08/2015 5:00,6958.08,29.17,TRADE
NSW1,5/08/2015 5:30,7281.26,32.1,TRADE
NSW1,5/08/2015 6:00,7804.14,39.22,TRADE
NSW1,5/08/2015 6:30,8690.04,27.27,TRADE
NSW1,5/08/2015 7:00,9599.87,41.87,TRADE
NSW1,5/08/2015 7:30,10207.77,45.32,TRADE
NSW1,5/08/2015 8:00,10556.29,63.41,TRADE
NSW1,5/08/2015 8:30,10522.15,50.35,TRADE
NSW1,5/08/2015 9:00,10273.17,45.22,TRADE
NSW1,5/08/2015 9:30,10165.29,46.87,TRADE
NSW1,5/08/2015 10:00,10042.77,43.84,TRADE
NSW1,5/08/2015 10:30,9954.47,44.42,TRADE
NSW1,5/08/2015 11:00,9916.19,38.51,TRADE
NSW1,5/08/2015 11:30,9731.41,37.05,TRADE
NSW1,5/08/2015 12:00,9653.63,38.6,TRADE
NSW1,5/08/2015 12:30,9584.14,38.33,TRADE
NSW1,5/08/2015 13:00,9541.49,41.78,TRADE
NSW1,5/08/2015 13:30,9501.3,41.09,TRADE
NSW1,5/08/2015 14:00,9396.54,41.11,TRADE
NSW1,5/08/2015 14:30,9395.38,41.96,TRADE
NSW1,5/08/2015 15:00,9334.53,37.11,TRADE
NSW1,5/08/2015 15:30,9313.16,38.49,TRADE
NSW1,5/08/2015 16:00,9462.08,42.23,TRADE
NSW1,5/08/2015 16:30,9694.86,40.37,TRADE
NSW1,5/08/2015 17:00,10066.51,45.13,TRADE
NSW1,5/08/2015 17:30,10724.16,70.44,TRADE
NSW1,5/08/2015 18:00,11550.46,97.06,TRADE
NSW1,5/08/2015 18:30,11755.17,103.81,TRADE
NSW1,5/08/2015 19:00,11753.02,111.64,TRADE
NSW1,5/08/2015 19:30,11450.06,66.68,TRADE
NSW1,5/08/2015 20:00,11268.29,66.32,TRADE
NSW1,5/08/2015 20:30,11135.34,63.83,TRADE
NSW1,5/08/2015 21:00,10850.65,52.43,TRADE
NSW1,5/08/2015 21:30,10459.38,45.48,TRADE
NSW1,5/08/2015 22:00,9980.74,36.34,TRADE
NSW1,5/08/2015 22:30,9739.78,43.29,TRADE
NSW1,5/08/2015 23:00,9346.45,39.72,TRADE
NSW1,5/08/2015 23:30,9018.67,35.19,TRADE
NSW1,6/08/2015 0:00,8777.59,35.26,TRADE
NSW1,6/08/2015 0:30,8519.5,35.78,TRADE
NSW1,6/08/2015 1:00,8324.85,36.03,TRADE
NSW1,6/08/2015 1:30,8180.63,36.25,TRADE
NSW1,6/08/2015 2:00,7914.74,35.51,TRADE
NSW1,6/08/2015 2:30,7543.61,36.02,TRADE
NSW1,6/08/2015 3:00,7248.51,35.91,TRADE
NSW1,6/08/2015 3:30,7017.55,35.52,TRADE
NSW1,6/08/2015 4:00,6893.29,35.14,TRADE
NSW1,6/08/2015 4:30,6887.76,35.83,TRADE
NSW1,6/08/2015 5:00,7019.38,35.59,TRADE
NSW1,6/08/2015 5:30,7402.39,40.24,TRADE
NSW1,6/08/2015 6:00,7889.76,39.78,TRADE
NSW1,6/08/2015 6:30,8803.39,32.9,TRADE
NSW1,6/08/2015 7:00,9682.35,96.19,TRADE
NSW1,6/08/2015 7:30,10242.21,77.07,TRADE
NSW1,6/08/2015 8:00,10582.01,111.5,TRADE
NSW1,6/08/2015 8:30,10531.85,75.29,TRADE
NSW1,6/08/2015 9:00,10218.37,53.44,TRADE
NSW1,6/08/2015 9:30,10005.91,53.15,TRADE
NSW1,6/08/2015 10:00,9750.61,41.96,TRADE
NSW1,6/08/2015 10:30,9536.27,37.99,TRADE
NSW1,6/08/2015 11:00,9357.84,37.96,TRADE
NSW1,6/08/2015 11:30,9095.24,35.02,TRADE
NSW1,6/08/2015 12:00,8929.77,35.35,TRADE
NSW1,6/08/2015 12:30,8792.06,36.0,TRADE
NSW1,6/08/2015 13:00,8684.78,33.04,TRADE
NSW1,6/08/2015 13:30,8656.51,34.58,TRADE
NSW1,6/08/2015 14:00,8638.31,34.9,TRADE
NSW1,6/08/2015 14:30,8647.27,34.23,TRADE
NSW1,6/08/2015 15:00,8670.77,34.31,TRADE
NSW1,6/08/2015 15:30,8713.88,35.11,TRADE
NSW1,6/08/2015 16:00,8869.99,35.78,TRADE
NSW1,6/08/2015 16:30,9123.18,37.55,TRADE
NSW1,6/08/2015 17:00,9596.55,39.19,TRADE
NSW1,6/08/2015 17:30,10231.06,55.28,TRADE
NSW1,6/08/2015 18:00,11106.58,99.9,TRADE
NSW1,6/08/2015 18:30,11350.8,65.53,TRADE
NSW1,6/08/2015 19:00,11426.1,97.86,TRADE
NSW1,6/08/2015 19:30,11251.99,81.63,TRADE
NSW1,6/08/2015 20:00,11105.95,53.51,TRADE
NSW1,6/08/2015 20:30,10995.95,69.8,TRADE
NSW1,6/08/2015 21:00,10753.84,52.75,TRADE
NSW1,6/08/2015 21:30,10471.1,40.28,TRADE
NSW1,6/08/2015 22:00,10042.46,35.03,TRADE
NSW1,6/08/2015 22:30,9876.48,39.34,TRADE
NSW1,6/08/2015 23:00,9429.93,35.49,TRADE
NSW1,6/08/2015 23:30,9212.18,37.98,TRADE
NSW1,7/08/2015 0:00,9005.4,34.15,TRADE
NSW1,7/08/2015 0:30,8700.56,36.03,TRADE
NSW1,7/08/2015 1:00,8430.38,36.03,TRADE
NSW1,7/08/2015 1:30,8242.74,35.85,TRADE
NSW1,7/08/2015 2:00,8005.77,35.46,TRADE
NSW1,7/08/2015 2:30,7656.25,36.03,TRADE
NSW1,7/08/2015 3:00,7387.47,36.01,TRADE
NSW1,7/08/2015 3:30,7162.4,35.14,TRADE
NSW1,7/08/2015 4:00,7034.85,35.31,TRADE
NSW1,7/08/2015 4:30,7045.98,36.3,TRADE
NSW1,7/08/2015 5:00,7145.25,37.42,TRADE
NSW1,7/08/2015 5:30,7531.78,43.56,TRADE
NSW1,7/08/2015 6:00,7965.53,32.76,TRADE
NSW1,7/08/2015 6:30,8892.68,32.56,TRADE
NSW1,7/08/2015 7:00,9789.14,89.52,TRADE
NSW1,7/08/2015 7:30,10345.71,46.29,TRADE
NSW1,7/08/2015 8:00,10700.92,82.47,TRADE
NSW1,7/08/2015 8:30,10635.42,60.93,TRADE
NSW1,7/08/2015 9:00,10320.61,43.15,TRADE
NSW1,7/08/2015 9:30,10136.11,41.82,TRADE
NSW1,7/08/2015 10:00,9869.9,35.5,TRADE
NSW1,7/08/2015 10:30,9639.9,35.14,TRADE
NSW1,7/08/2015 11:00,9328.81,34.78,TRADE
NSW1,7/08/2015 11:30,9073.4,34.98,TRADE
NSW1,7/08/2015 12:00,8886.44,35.0,TRADE
NSW1,7/08/2015 12:30,8727.94,34.97,TRADE
NSW1,7/08/2015 13:00,8563.24,33.68,TRADE
NSW1,7/08/2015 13:30,8477.31,33.7,TRADE
NSW1,7/08/2015 14:00,8406.68,32.85,TRADE
NSW1,7/08/2015 14:30,8355.11,34.27,TRADE
NSW1,7/08/2015 15:00,8315.78,34.14,TRADE
NSW1,7/08/2015 15:30,8377.06,34.74,TRADE
NSW1,7/08/2015 16:00,8555.26,34.98,TRADE
NSW1,7/08/2015 16:30,8831.18,35.31,TRADE
NSW1,7/08/2015 17:00,9213.85,36.46,TRADE
NSW1,7/08/2015 17:30,9807.6,36.66,TRADE
NSW1,7/08/2015 18:00,10548.91,66.32,TRADE
NSW1,7/08/2015 18:30,10777.3,48.1,TRADE
NSW1,7/08/2015 19:00,10767.19,48.71,TRADE
NSW1,7/08/2015 19:30,10579.27,48.33,TRADE
NSW1,7/08/2015 20:00,10452.96,43.63,TRADE
NSW1,7/08/2015 20:30,10313.2,41.68,TRADE
NSW1,7/08/2015 21:00,10161.38,40.63,TRADE
NSW1,7/08/2015 21:30,9964.34,35.8,TRADE
NSW1,7/08/2015 22:00,9707.3,35.77,TRADE
NSW1,7/08/2015 22:30,9671.32,44.6,TRADE
NSW1,7/08/2015 23:00,9361.99,38.3,TRADE
NSW1,7/08/2015 23:30,9211.07,40.04,TRADE
NSW1,8/08/2015 0:00,9078.45,41.42,TRADE
NSW1,8/08/2015 0:30,8760.7,39.0,TRADE
NSW1,8/08/2015 1:00,8547.7,38.03,TRADE
NSW1,8/08/2015 1:30,8296.17,38.35,TRADE
NSW1,8/08/2015 2:00,8032.59,35.08,TRADE
NSW1,8/08/2015 2:30,7595.2,35.11,TRADE
NSW1,8/08/2015 3:00,7299.71,35.35,TRADE
NSW1,8/08/2015 3:30,7027.75,35.19,TRADE
NSW1,8/08/2015 4:00,6874.7,33.08,TRADE
NSW1,8/08/2015 4:30,6780.24,34.95,TRADE
NSW1,8/08/2015 5:00,6804.24,35.3,TRADE
NSW1,8/08/2015 5:30,6869.57,34.95,TRADE
NSW1,8/08/2015 6:00,7035.32,35.73,TRADE
NSW1,8/08/2015 6:30,7441.5,35.98,TRADE
NSW1,8/08/2015 7:00,7776.07,35.52,TRADE
NSW1,8/08/2015 7:30,8302.4,35.88,TRADE
NSW1,8/08/2015 8:00,8850.47,39.1,TRADE
NSW1,8/08/2015 8:30,9211.73,42.05,TRADE
NSW1,8/08/2015 9:00,9267.31,40.98,TRADE
NSW1,8/08/2015 9:30,9265.41,41.15,TRADE
NSW1,8/08/2015 10:00,9015.45,38.83,TRADE
NSW1,8/08/2015 10:30,8812.99,36.44,TRADE
NSW1,8/08/2015 11:00,8521.53,36.55,TRADE
NSW1,8/08/2015 11:30,8277.03,36.02,TRADE
NSW1,8/08/2015 12:00,8108.03,35.95,TRADE
NSW1,8/08/2015 12:30,7918.58,35.64,TRADE
NSW1,8/08/2015 13:00,7798.7,35.15,TRADE
NSW1,8/08/2015 13:30,7732.37,35.16,TRADE
NSW1,8/08/2015 14:00,7643.61,35.0,TRADE
NSW1,8/08/2015 14:30,7597.13,35.0,TRADE
NSW1,8/08/2015 15:00,7599.28,34.98,TRADE
NSW1,8/08/2015 15:30,7684.39,35.9,TRADE
NSW1,8/08/2015 16:00,7884.54,36.31,TRADE
NSW1,8/08/2015 16:30,8178.81,36.17,TRADE
NSW1,8/08/2015 17:00,8564.33,35.8,TRADE
NSW1,8/08/2015 17:30,9117.55,38.31,TRADE
NSW1,8/08/2015 18:00,9925.45,66.37,TRADE
NSW1,8/08/2015 18:30,10186.65,93.18,TRADE
NSW1,8/08/2015 19:00,10126.26,72.29,TRADE
NSW1,8/08/2015 19:30,9938.36,45.22,TRADE
NSW1,8/08/2015 20:00,9726.0,38.71,TRADE
NSW1,8/08/2015 20:30,9622.02,35.95,TRADE
NSW1,8/08/2015 21:00,9436.49,36.01,TRADE
NSW1,8/08/2015 21:30,9361.76,36.07,TRADE
NSW1,8/08/2015 22:00,9139.36,36.03,TRADE
NSW1,8/08/2015 22:30,9076.61,36.06,TRADE
NSW1,8/08/2015 23:00,8841.14,36.23,TRADE
NSW1,8/08/2015 23:30,8699.28,35.83,TRADE
NSW1,9/08/2015 0:00,8458.28,35.75,TRADE
NSW1,9/08/2015 0:30,8158.53,36.03,TRADE
NSW1,9/08/2015 1:00,7876.12,36.03,TRADE
NSW1,9/08/2015 1:30,7594.07,34.56,TRADE
NSW1,9/08/2015 2:00,7364.08,35.92,TRADE
NSW1,9/08/2015 2:30,7062.05,35.97,TRADE
NSW1,9/08/2015 3:00,6829.94,34.46,TRADE
NSW1,9/08/2015 3:30,6625.65,31.57,TRADE
NSW1,9/08/2015 4:00,6580.1,32.68,TRADE
NSW1,9/08/2015 4:30,6518.35,31.67,TRADE
NSW1,9/08/2015 5:00,6559.33,31.03,TRADE
NSW1,9/08/2015 5:30,6648.56,33.1,TRADE
NSW1,9/08/2015 6:00,6805.89,35.09,TRADE
NSW1,9/08/2015 6:30,7119.66,36.88,TRADE
NSW1,9/08/2015 7:00,7395.05,35.07,TRADE
NSW1,9/08/2015 7:30,7809.3,34.24,TRADE
NSW1,9/08/2015 8:00,8254.77,36.26,TRADE
NSW1,9/08/2015 8:30,8655.16,35.77,TRADE
NSW1,9/08/2015 9:00,8833.38,36.35,TRADE
NSW1,9/08/2015 9:30,8823.07,37.19,TRADE
NSW1,9/08/2015 10:00,8710.57,36.01,TRADE
NSW1,9/08/2015 10:30,8515.64,35.71,TRADE
NSW1,9/08/2015 11:00,8227.48,32.97,TRADE
NSW1,9/08/2015 11:30,8005.41,32.01,TRADE
NSW1,9/08/2015 12:00,7789.48,32.49,TRADE
NSW1,9/08/2015 12:30,7628.43,32.01,TRADE
NSW1,9/08/2015 13:00,7520.46,32.18,TRADE
NSW1,9/08/2015 13:30,7414.33,32.01,TRADE
NSW1,9/08/2015 14:00,7328.13,31.96,TRADE
NSW1,9/08/2015 14:30,7342.5,33.48,TRADE
NSW1,9/08/2015 15:00,7397.59,32.52,TRADE
NSW1,9/08/2015 15:30,7522.85,32.52,TRADE
NSW1,9/08/2015 16:00,7719.41,34.86,TRADE
NSW1,9/08/2015 16:30,8051.13,35.46,TRADE
NSW1,9/08/2015 17:00,8495.52,37.01,TRADE
NSW1,9/08/2015 17:30,9032.25,39.76,TRADE
NSW1,9/08/2015 18:00,9890.69,98.21,TRADE
NSW1,9/08/2015 18:30,10250.05,74.75,TRADE
NSW1,9/08/2015 19:00,10247.72,46.78,TRADE
NSW1,9/08/2015 19:30,10084.41,36.35,TRADE
NSW1,9/08/2015 20:00,9863.33,34.96,TRADE
NSW1,9/08/2015 20:30,9698.3,35.71,TRADE
NSW1,9/08/2015 21:00,9475.6,35.3,TRADE
NSW1,9/08/2015 21:30,9195.18,34.69,TRADE
NSW1,9/08/2015 22:00,8847.75,35.14,TRADE
NSW1,9/08/2015 22:30,8639.9,37.13,TRADE
NSW1,9/08/2015 23:00,8255.31,33.54,TRADE
NSW1,9/08/2015 23:30,8035.28,35.47,TRADE
NSW1,10/08/2015 0:00,7859.29,36.19,TRADE
NSW1,10/08/2015 0:30,7598.07,34.85,TRADE
NSW1,10/08/2015 1:00,7447.04,34.58,TRADE
NSW1,10/08/2015 1:30,7262.12,32.92,TRADE
NSW1,10/08/2015 2:00,7077.83,31.91,TRADE
NSW1,10/08/2015 2:30,6795.89,32.01,TRADE
NSW1,10/08/2015 3:00,6589.01,31.69,TRADE
NSW1,10/08/2015 3:30,6480.57,31.56,TRADE
NSW1,10/08/2015 4:00,6400.54,30.78,TRADE
NSW1,10/08/2015 4:30,6425.67,27.28,TRADE
NSW1,10/08/2015 5:00,6583.69,28.91,TRADE
NSW1,10/08/2015 5:30,6934.01,33.6,TRADE
NSW1,10/08/2015 6:00,7427.96,25.37,TRADE
NSW1,10/08/2015 6:30,8322.77,23.65,TRADE
NSW1,10/08/2015 7:00,9124.85,42.88,TRADE
NSW1,10/08/2015 7:30,9664.62,42.33,TRADE
NSW1,10/08/2015 8:00,9951.1,52.05,TRADE
NSW1,10/08/2015 8:30,9906.31,42.68,TRADE
NSW1,10/08/2015 9:00,9630.12,36.8,TRADE
NSW1,10/08/2015 9:30,9471.63,35.85,TRADE
NSW1,10/08/2015 10:00,9205.94,33.15,TRADE
NSW1,10/08/2015 10:30,8991.15,31.2,TRADE
NSW1,10/08/2015 11:00,8806.89,29.48,TRADE
NSW1,10/08/2015 11:30,8551.38,28.54,TRADE
NSW1,10/08/2015 12:00,8429.16,28.6,TRADE
NSW1,10/08/2015 12:30,8351.6,29.62,TRADE
NSW1,10/08/2015 13:00,8268.21,29.07,TRADE
NSW1,10/08/2015 13:30,8199.58,30.08,TRADE
NSW1,10/08/2015 14:00,8106.3,31.27,TRADE
NSW1,10/08/2015 14:30,8068.31,30.35,TRADE
NSW1,10/08/2015 15:00,8043.17,29.89,TRADE
NSW1,10/08/2015 15:30,8075.96,30.34,TRADE
NSW1,10/08/2015 16:00,8211.88,32.63,TRADE
NSW1,10/08/2015 16:30,8458.71,31.88,TRADE
NSW1,10/08/2015 17:00,8838.24,34.01,TRADE
NSW1,10/08/2015 17:30,9385.31,34.05,TRADE
NSW1,10/08/2015 18:00,10172.11,57.45,TRADE
NSW1,10/08/2015 18:30,10508.45,52.89,TRADE
NSW1,10/08/2015 19:00,10485.32,43.66,TRADE
NSW1,10/08/2015 19:30,10294.53,35.34,TRADE
NSW1,10/08/2015 20:00,10055.15,35.49,TRADE
NSW1,10/08/2015 20:30,9853.91,37.34,TRADE
NSW1,10/08/2015 21:00,9628.53,35.78,TRADE
NSW1,10/08/2015 21:30,9283.93,33.57,TRADE
NSW1,10/08/2015 22:00,8897.91,29.44,TRADE
NSW1,10/08/2015 22:30,8801.45,29.75,TRADE
NSW1,10/08/2015 23:00,8466.98,29.29,TRADE
NSW1,10/08/2015 23:30,8300.35,30.53,TRADE
NSW1,11/08/2015 0:00,8258.35,30.42,TRADE
NSW1,11/08/2015 0:30,8122.02,30.07,TRADE
NSW1,11/08/2015 1:00,7813.05,33.38,TRADE
NSW1,11/08/2015 1:30,7676.14,35.24,TRADE
NSW1,11/08/2015 2:00,7423.76,32.11,TRADE
NSW1,11/08/2015 2:30,7089.07,30.76,TRADE
NSW1,11/08/2015 3:00,6862.6,30.19,TRADE
NSW1,11/08/2015 3:30,6676.52,29.86,TRADE
NSW1,11/08/2015 4:00,6571.93,28.89,TRADE
NSW1,11/08/2015 4:30,6587.54,29.64,TRADE
NSW1,11/08/2015 5:00,6719.02,30.46,TRADE
NSW1,11/08/2015 5:30,7061.16,33.65,TRADE
NSW1,11/08/2015 6:00,7554.4,28.08,TRADE
NSW1,11/08/2015 6:30,8475.48,24.55,TRADE
NSW1,11/08/2015 7:00,9318.25,35.96,TRADE
NSW1,11/08/2015 7:30,9798.73,37.11,TRADE
NSW1,11/08/2015 8:00,9951.13,36.79,TRADE
NSW1,11/08/2015 8:30,9790.91,35.9,TRADE
NSW1,11/08/2015 9:00,9421.33,34.99,TRADE
NSW1,11/08/2015 9:30,9176.03,35.04,TRADE
NSW1,11/08/2015 10:00,8946.32,31.92,TRADE
NSW1,11/08/2015 10:30,8735.97,31.38,TRADE
NSW1,11/08/2015 11:00,8532.37,31.41,TRADE
NSW1,11/08/2015 11:30,8319.99,28.06,TRADE
NSW1,11/08/2015 12:00,8186.54,26.61,TRADE
NSW1,11/08/2015 12:30,8110.29,32.47,TRADE
NSW1,11/08/2015 13:00,8055.43,30.12,TRADE
NSW1,11/08/2015 13:30,7967.55,30.15,TRADE
NSW1,11/08/2015 14:00,7989.68,33.91,TRADE
NSW1,11/08/2015 14:30,7971.23,34.93,TRADE
NSW1,11/08/2015 15:00,7965.89,34.29,TRADE
NSW1,11/08/2015 15:30,8032.25,34.56,TRADE
NSW1,11/08/2015 16:00,8217.32,32.06,TRADE
NSW1,11/08/2015 16:30,8448.76,34.15,TRADE
NSW1,11/08/2015 17:00,8774.96,34.49,TRADE
NSW1,11/08/2015 17:30,9280.02,37.56,TRADE
NSW1,11/08/2015 18:00,10070.09,67.61,TRADE
NSW1,11/08/2015 18:30,10389.52,62.71,TRADE
NSW1,11/08/2015 19:00,10431.6,44.92,TRADE
NSW1,11/08/2015 19:30,10238.29,39.46,TRADE
NSW1,11/08/2015 20:00,10119.06,35.76,TRADE
NSW1,11/08/2015 20:30,9937.48,35.45,TRADE
NSW1,11/08/2015 21:00,9722.64,34.97,TRADE
NSW1,11/08/2015 21:30,9456.62,34.86,TRADE
NSW1,11/08/2015 22:00,9107.46,34.9,TRADE
NSW1,11/08/2015 22:30,9067.07,39.94,TRADE
NSW1,11/08/2015 23:00,8752.43,34.65,TRADE
NSW1,11/08/2015 23:30,8619.96,35.39,TRADE
NSW1,12/08/2015 0:00,8436.45,35.36,TRADE
NSW1,12/08/2015 0:30,8249.83,36.22,TRADE
NSW1,12/08/2015 1:00,8047.15,36.02,TRADE
NSW1,12/08/2015 1:30,7860.88,39.51,TRADE
NSW1,12/08/2015 2:00,7653.42,35.03,TRADE
NSW1,12/08/2015 2:30,7338.84,34.82,TRADE
NSW1,12/08/2015 3:00,7014.74,34.31,TRADE
NSW1,12/08/2015 3:30,6799.33,36.6,TRADE
NSW1,12/08/2015 4:00,6736.93,34.86,TRADE
NSW1,12/08/2015 4:30,6705.6,30.61,TRADE
NSW1,12/08/2015 5:00,6815.49,34.88,TRADE
NSW1,12/08/2015 5:30,7205.54,39.51,TRADE
NSW1,12/08/2015 6:00,7669.13,28.65,TRADE
NSW1,12/08/2015 6:30,8614.73,35.56,TRADE
NSW1,12/08/2015 7:00,9432.01,41.65,TRADE
NSW1,12/08/2015 7:30,9974.18,47.69,TRADE
NSW1,12/08/2015 8:00,10216.97,72.24,TRADE
NSW1,12/08/2015 8:30,10113.53,54.03,TRADE
NSW1,12/08/2015 9:00,9846.32,42.73,TRADE
NSW1,12/08/2015 9:30,9724.84,41.16,TRADE
NSW1,12/08/2015 10:00,9489.83,35.7,TRADE
NSW1,12/08/2015 10:30,9259.24,35.33,TRADE
NSW1,12/08/2015 11:00,9263.9,35.94,TRADE
NSW1,12/08/2015 11:30,9180.06,35.15,TRADE
NSW1,12/08/2015 12:00,9272.61,36.03,TRADE
NSW1,12/08/2015 12:30,9362.42,36.2,TRADE
NSW1,12/08/2015 13:00,9410.63,35.87,TRADE
NSW1,12/08/2015 13:30,9090.92,35.97,TRADE
NSW1,12/08/2015 14:00,8831.93,35.49,TRADE
NSW1,12/08/2015 14:30,8678.45,31.23,TRADE
NSW1,12/08/2015 15:00,8616.62,28.84,TRADE
NSW1,12/08/2015 15:30,8696.95,29.23,TRADE
NSW1,12/08/2015 16:00,8937.13,35.27,TRADE
NSW1,12/08/2015 16:30,9215.58,34.38,TRADE
NSW1,12/08/2015 17:00,9654.98,36.91,TRADE
NSW1,12/08/2015 17:30,10253.4,44.5,TRADE
NSW1,12/08/2015 18:00,11069.08,68.04,TRADE
NSW1,12/08/2015 18:30,11329.6,45.93,TRADE
NSW1,12/08/2015 19:00,11291.8,49.22,TRADE
NSW1,12/08/2015 19:30,11071.65,43.77,TRADE
NSW1,12/08/2015 20:00,10876.9,47.35,TRADE
NSW1,12/08/2015 20:30,10709.51,43.68,TRADE
NSW1,12/08/2015 21:00,10431.97,40.92,TRADE
NSW1,12/08/2015 21:30,10137.05,38.36,TRADE
NSW1,12/08/2015 22:00,9670.95,33.86,TRADE
NSW1,12/08/2015 22:30,9480.75,38.28,TRADE
NSW1,12/08/2015 23:00,9101.53,32.99,TRADE
NSW1,12/08/2015 23:30,8849.85,33.62,TRADE
NSW1,13/08/2015 0:00,8716.56,35.1,TRADE
NSW1,13/08/2015 0:30,8523.0,39.35,TRADE
NSW1,13/08/2015 1:00,8317.66,36.03,TRADE
NSW1,13/08/2015 1:30,8035.71,37.64,TRADE
NSW1,13/08/2015 2:00,7781.17,35.68,TRADE
NSW1,13/08/2015 2:30,7426.47,35.09,TRADE
NSW1,13/08/2015 3:00,7122.19,34.28,TRADE
NSW1,13/08/2015 3:30,6915.66,34.15,TRADE
NSW1,13/08/2015 4:00,6785.39,30.95,TRADE
NSW1,13/08/2015 4:30,6766.21,32.71,TRADE
NSW1,13/08/2015 5:00,6905.16,35.52,TRADE
NSW1,13/08/2015 5:30,7260.27,35.57,TRADE
NSW1,13/08/2015 6:00,7700.14,35.35,TRADE
NSW1,13/08/2015 6:30,8629.69,33.72,TRADE
NSW1,13/08/2015 7:00,9471.0,43.24,TRADE
NSW1,13/08/2015 7:30,9927.87,42.55,TRADE
NSW1,13/08/2015 8:00,10172.22,46.09,TRADE
NSW1,13/08/2015 8:30,9981.39,39.99,TRADE
NSW1,13/08/2015 9:00,9669.98,35.0,TRADE
NSW1,13/08/2015 9:30,9511.17,35.85,TRADE
NSW1,13/08/2015 10:00,9298.87,36.09,TRADE
NSW1,13/08/2015 10:30,9085.74,36.01,TRADE
NSW1,13/08/2015 11:00,8879.81,35.47,TRADE
NSW1,13/08/2015 11:30,8651.57,34.28,TRADE
NSW1,13/08/2015 12:00,8478.81,33.61,TRADE
NSW1,13/08/2015 12:30,8384.83,31.25,TRADE
NSW1,13/08/2015 13:00,8253.45,30.26,TRADE
NSW1,13/08/2015 13:30,8181.7,31.24,TRADE
NSW1,13/08/2015 14:00,8129.23,31.84,TRADE
NSW1,13/08/2015 14:30,8116.53,31.89,TRADE
NSW1,13/08/2015 15:00,8107.11,34.91,TRADE
NSW1,13/08/2015 15:30,8154.26,34.64,TRADE
NSW1,13/08/2015 16:00,8350.94,35.18,TRADE
NSW1,13/08/2015 16:30,8593.26,34.3,TRADE
NSW1,13/08/2015 17:00,8977.62,39.75,TRADE
NSW1,13/08/2015 17:30,9553.45,35.85,TRADE
NSW1,13/08/2015 18:00,10399.55,40.56,TRADE
NSW1,13/08/2015 18:30,10824.29,48.07,TRADE
NSW1,13/08/2015 19:00,10796.43,46.23,TRADE
NSW1,13/08/2015 19:30,10654.73,39.53,TRADE
NSW1,13/08/2015 20:00,10471.28,36.03,TRADE
NSW1,13/08/2015 20:30,10313.2,36.88,TRADE
NSW1,13/08/2015 21:00,10137.27,36.18,TRADE
NSW1,13/08/2015 21:30,9847.81,35.27,TRADE
NSW1,13/08/2015 22:00,9552.87,34.91,TRADE
NSW1,13/08/2015 22:30,9401.98,37.01,TRADE
NSW1,13/08/2015 23:00,9040.49,33.43,TRADE
NSW1,13/08/2015 23:30,8864.14,35.56,TRADE
NSW1,14/08/2015 0:00,8688.82,34.63,TRADE
NSW1,14/08/2015 0:30,8414.16,36.02,TRADE
NSW1,14/08/2015 1:00,8210.15,35.35,TRADE
NSW1,14/08/2015 1:30,8004.82,37.07,TRADE
NSW1,14/08/2015 2:00,7833.92,38.02,TRADE
NSW1,14/08/2015 2:30,7469.6,35.84,TRADE
NSW1,14/08/2015 3:00,7177.33,34.94,TRADE
NSW1,14/08/2015 3:30,6977.53,34.91,TRADE
NSW1,14/08/2015 4:00,6874.86,34.83,TRADE
NSW1,14/08/2015 4:30,6875.01,34.93,TRADE
NSW1,14/08/2015 5:00,6984.23,36.43,TRADE
NSW1,14/08/2015 5:30,7386.25,41.09,TRADE
NSW1,14/08/2015 6:00,7853.28,30.61,TRADE
NSW1,14/08/2015 6:30,8684.91,35.18,TRADE
NSW1,14/08/2015 7:00,9515.63,50.6,TRADE
NSW1,14/08/2015 7:30,10062.45,52.86,TRADE
NSW1,14/08/2015 8:00,10330.38,52.3,TRADE
NSW1,14/08/2015 8:30,10225.45,42.92,TRADE
NSW1,14/08/2015 9:00,9864.6,36.19,TRADE
NSW1,14/08/2015 9:30,9723.05,36.25,TRADE
NSW1,14/08/2015 10:00,9522.72,36.03,TRADE
NSW1,14/08/2015 10:30,9201.75,33.59,TRADE
NSW1,14/08/2015 11:00,9021.36,34.53,TRADE
NSW1,14/08/2015 11:30,8765.07,32.36,TRADE
NSW1,14/08/2015 12:00,8593.9,29.69,TRADE
NSW1,14/08/2015 12:30,8506.06,31.37,TRADE
NSW1,14/08/2015 13:00,8372.21,29.71,TRADE
NSW1,14/08/2015 13:30,8246.94,32.74,TRADE
NSW1,14/08/2015 14:00,8195.91,32.2,TRADE
NSW1,14/08/2015 14:30,8158.96,31.32,TRADE
NSW1,14/08/2015 15:00,8123.7,32.37,TRADE
NSW1,14/08/2015 15:30,8131.45,31.7,TRADE
NSW1,14/08/2015 16:00,8278.11,33.57,TRADE
NSW1,14/08/2015 16:30,8566.89,31.91,TRADE
NSW1,14/08/2015 17:00,8857.73,36.28,TRADE
NSW1,14/08/2015 17:30,9309.23,34.09,TRADE
NSW1,14/08/2015 18:00,9993.9,39.75,TRADE
NSW1,14/08/2015 18:30,10252.98,35.95,TRADE
NSW1,14/08/2015 19:00,10265.93,34.38,TRADE
NSW1,14/08/2015 19:30,10066.27,34.53,TRADE
NSW1,14/08/2015 20:00,9935.87,36.51,TRADE
NSW1,14/08/2015 20:30,9873.28,38.01,TRADE
NSW1,14/08/2015 21:00,9700.92,36.0,TRADE
NSW1,14/08/2015 21:30,9538.81,36.04,TRADE
NSW1,14/08/2015 22:00,9233.9,35.46,TRADE
NSW1,14/08/2015 22:30,9256.84,42.56,TRADE
NSW1,14/08/2015 23:00,8954.71,36.5,TRADE
NSW1,14/08/2015 23:30,8856.92,36.62,TRADE
NSW1,15/08/2015 0:00,8766.07,36.01,TRADE
NSW1,15/08/2015 0:30,8550.93,35.9,TRADE
NSW1,15/08/2015 1:00,8275.53,35.9,TRADE
NSW1,15/08/2015 1:30,8062.54,35.92,TRADE
NSW1,15/08/2015 2:00,7745.3,35.63,TRADE
NSW1,15/08/2015 2:30,7381.73,35.18,TRADE
NSW1,15/08/2015 3:00,7123.14,34.82,TRADE
NSW1,15/08/2015 3:30,6865.12,34.91,TRADE
NSW1,15/08/2015 4:00,6745.83,34.75,TRADE
NSW1,15/08/2015 4:30,6656.19,32.13,TRADE
NSW1,15/08/2015 5:00,6658.06,32.93,TRADE
NSW1,15/08/2015 5:30,6785.09,33.73,TRADE
NSW1,15/08/2015 6:00,7011.86,36.83,TRADE
NSW1,15/08/2015 6:30,7330.3,35.21,TRADE
NSW1,15/08/2015 7:00,7727.0,35.27,TRADE
NSW1,15/08/2015 7:30,8193.01,35.58,TRADE
NSW1,15/08/2015 8:00,8643.25,37.04,TRADE
NSW1,15/08/2015 8:30,8894.23,37.04,TRADE
NSW1,15/08/2015 9:00,8982.01,36.98,TRADE
NSW1,15/08/2015 9:30,9002.33,38.08,TRADE
NSW1,15/08/2015 10:00,8756.51,36.9,TRADE
NSW1,15/08/2015 10:30,8613.88,35.98,TRADE
NSW1,15/08/2015 11:00,8390.61,34.56,TRADE
NSW1,15/08/2015 11:30,8153.86,32.94,TRADE
NSW1,15/08/2015 12:00,8037.69,32.96,TRADE
NSW1,15/08/2015 12:30,7946.61,33.02,TRADE
NSW1,15/08/2015 13:00,7902.6,33.03,TRADE
NSW1,15/08/2015 13:30,7828.76,34.15,TRADE
NSW1,15/08/2015 14:00,7820.33,34.95,TRADE
NSW1,15/08/2015 14:30,7830.92,34.86,TRADE
NSW1,15/08/2015 15:00,7863.31,34.88,TRADE
NSW1,15/08/2015 15:30,7906.21,35.34,TRADE
NSW1,15/08/2015 16:00,7992.2,35.26,TRADE
NSW1,15/08/2015 16:30,8212.73,35.49,TRADE
NSW1,15/08/2015 17:00,8509.87,36.19,TRADE
NSW1,15/08/2015 17:30,8925.87,36.22,TRADE
NSW1,15/08/2015 18:00,9506.69,42.9,TRADE
NSW1,15/08/2015 18:30,9718.72,43.44,TRADE
NSW1,15/08/2015 19:00,9652.54,42.04,TRADE
NSW1,15/08/2015 19:30,9385.65,36.21,TRADE
NSW1,15/08/2015 20:00,9190.87,38.62,TRADE
NSW1,15/08/2015 20:30,9029.37,41.79,TRADE
NSW1,15/08/2015 21:00,8875.07,36.08,TRADE
NSW1,15/08/2015 21:30,8695.95,35.99,TRADE
NSW1,15/08/2015 22:00,8474.74,35.85,TRADE
NSW1,15/08/2015 22:30,8413.48,36.29,TRADE
NSW1,15/08/2015 23:00,8224.07,35.52,TRADE
NSW1,15/08/2015 23:30,8143.76,35.12,TRADE
NSW1,16/08/2015 0:00,7988.81,33.97,TRADE
NSW1,16/08/2015 0:30,7692.04,33.13,TRADE
NSW1,16/08/2015 1:00,7454.27,33.97,TRADE
NSW1,16/08/2015 1:30,7251.15,34.3,TRADE
NSW1,16/08/2015 2:00,7121.52,36.5,TRADE
NSW1,16/08/2015 2:30,6809.76,34.49,TRADE
NSW1,16/08/2015 3:00,6610.06,34.34,TRADE
NSW1,16/08/2015 3:30,6434.5,32.33,TRADE
NSW1,16/08/2015 4:00,6368.17,31.71,TRADE
NSW1,16/08/2015 4:30,6333.56,30.72,TRADE
NSW1,16/08/2015 5:00,6313.6,30.06,TRADE
NSW1,16/08/2015 5:30,6438.18,31.98,TRADE
NSW1,16/08/2015 6:00,6553.86,30.88,TRADE
NSW1,16/08/2015 6:30,6816.2,29.96,TRADE
NSW1,16/08/2015 7:00,7051.53,28.9,TRADE
NSW1,16/08/2015 7:30,7360.0,26.19,TRADE
NSW1,16/08/2015 8:00,7695.85,28.78,TRADE
NSW1,16/08/2015 8:30,7993.88,32.17,TRADE
NSW1,16/08/2015 9:00,8121.04,32.54,TRADE
NSW1,16/08/2015 9:30,8113.66,32.01,TRADE
NSW1,16/08/2015 10:00,7975.74,32.82,TRADE
NSW1,16/08/2015 10:30,7859.75,30.31,TRADE
NSW1,16/08/2015 11:00,7688.68,26.74,TRADE
NSW1,16/08/2015 11:30,7445.15,25.75,TRADE
NSW1,16/08/2015 12:00,7308.88,25.49,TRADE
NSW1,16/08/2015 12:30,7199.26,26.5,TRADE
NSW1,16/08/2015 13:00,7095.47,25.95,TRADE
NSW1,16/08/2015 13:30,7075.34,25.49,TRADE
NSW1,16/08/2015 14:00,7017.47,25.47,TRADE
NSW1,16/08/2015 14:30,7025.04,26.11,TRADE
NSW1,16/08/2015 15:00,7034.93,26.03,TRADE
NSW1,16/08/2015 15:30,7179.06,29.91,TRADE
NSW1,16/08/2015 16:00,7332.47,31.47,TRADE
NSW1,16/08/2015 16:30,7587.48,29.73,TRADE
NSW1,16/08/2015 17:00,7861.55,30.94,TRADE
NSW1,16/08/2015 17:30,8255.81,32.6,TRADE
NSW1,16/08/2015 18:00,8983.51,36.16,TRADE
NSW1,16/08/2015 18:30,9375.08,36.02,TRADE
NSW1,16/08/2015 19:00,9364.78,35.85,TRADE
NSW1,16/08/2015 19:30,9172.88,34.38,TRADE
NSW1,16/08/2015 20:00,8949.93,34.57,TRADE
NSW1,16/08/2015 20:30,8846.37,33.6,TRADE
NSW1,16/08/2015 21:00,8675.37,32.1,TRADE
NSW1,16/08/2015 21:30,8456.25,31.19,TRADE
NSW1,16/08/2015 22:00,8211.42,30.31,TRADE
NSW1,16/08/2015 22:30,8085.05,28.88,TRADE
NSW1,16/08/2015 23:00,7856.74,27.24,TRADE
NSW1,16/08/2015 23:30,7710.1,26.78,TRADE
NSW1,17/08/2015 0:00,7520.44,25.85,TRADE
NSW1,17/08/2015 0:30,7357.13,28.49,TRADE
NSW1,17/08/2015 1:00,7209.79,31.43,TRADE
NSW1,17/08/2015 1:30,7071.14,29.9,TRADE
NSW1,17/08/2015 2:00,6868.02,27.25,TRADE
NSW1,17/08/2015 2:30,6618.68,28.83,TRADE
NSW1,17/08/2015 3:00,6456.8,23.29,TRADE
NSW1,17/08/2015 3:30,6355.51,21.13,TRADE
NSW1,17/08/2015 4:00,6265.89,19.37,TRADE
NSW1,17/08/2015 4:30,6306.8,19.11,TRADE
NSW1,17/08/2015 5:00,6413.08,26.44,TRADE
NSW1,17/08/2015 5:30,6788.39,27.88,TRADE
NSW1,17/08/2015 6:00,7259.19,31.29,TRADE
NSW1,17/08/2015 6:30,8136.29,28.61,TRADE
NSW1,17/08/2015 7:00,8923.88,37.16,TRADE
NSW1,17/08/2015 7:30,9367.66,34.64,TRADE
NSW1,17/08/2015 8:00,9602.01,36.02,TRADE
NSW1,17/08/2015 8:30,9514.1,34.81,TRADE
NSW1,17/08/2015 9:00,9287.97,34.32,TRADE
NSW1,17/08/2015 9:30,9129.33,33.15,TRADE
NSW1,17/08/2015 10:00,8971.54,32.86,TRADE
NSW1,17/08/2015 10:30,8853.71,34.24,TRADE
NSW1,17/08/2015 11:00,8689.27,34.93,TRADE
NSW1,17/08/2015 11:30,8534.27,32.68,TRADE
NSW1,17/08/2015 12:00,8426.61,31.24,TRADE
NSW1,17/08/2015 12:30,8346.46,30.8,TRADE
NSW1,17/08/2015 13:00,8256.71,31.65,TRADE
NSW1,17/08/2015 13:30,8160.06,32.0,TRADE
NSW1,17/08/2015 14:00,8137.1,32.2,TRADE
NSW1,17/08/2015 14:30,8175.41,33.0,TRADE
NSW1,17/08/2015 15:00,8119.41,32.11,TRADE
NSW1,17/08/2015 15:30,8131.0,32.21,TRADE
NSW1,17/08/2015 16:00,8298.46,33.85,TRADE
NSW1,17/08/2015 16:30,8504.99,31.95,TRADE
NSW1,17/08/2015 17:00,8904.91,32.01,TRADE
NSW1,17/08/2015 17:30,9378.32,35.02,TRADE
NSW1,17/08/2015 18:00,10113.48,43.35,TRADE
NSW1,17/08/2015 18:30,10436.93,40.56,TRADE
NSW1,17/08/2015 19:00,10418.08,40.07,TRADE
NSW1,17/08/2015 19:30,10170.97,35.73,TRADE
NSW1,17/08/2015 20:00,10042.22,35.82,TRADE
NSW1,17/08/2015 20:30,9761.12,33.43,TRADE
NSW1,17/08/2015 21:00,9496.32,34.78,TRADE
NSW1,17/08/2015 21:30,9275.68,33.44,TRADE
NSW1,17/08/2015 22:00,8945.19,31.24,TRADE
NSW1,17/08/2015 22:30,8751.28,34.9,TRADE
NSW1,17/08/2015 23:00,8526.35,35.18,TRADE
NSW1,17/08/2015 23:30,8370.81,33.82,TRADE
NSW1,18/08/2015 0:00,8258.4,34.17,TRADE
NSW1,18/08/2015 0:30,8057.86,35.98,TRADE
NSW1,18/08/2015 1:00,7894.08,36.03,TRADE
NSW1,18/08/2015 1:30,7735.93,37.66,TRADE
NSW1,18/08/2015 2:00,7521.33,36.02,TRADE
NSW1,18/08/2015 2:30,7207.06,33.34,TRADE
NSW1,18/08/2015 3:00,6927.29,32.47,TRADE
NSW1,18/08/2015 3:30,6808.23,31.91,TRADE
NSW1,18/08/2015 4:00,6740.18,30.9,TRADE
NSW1,18/08/2015 4:30,6716.1,30.33,TRADE
NSW1,18/08/2015 5:00,6788.1,32.54,TRADE
NSW1,18/08/2015 5:30,7125.62,39.28,TRADE
NSW1,18/08/2015 6:00,7644.32,36.59,TRADE
NSW1,18/08/2015 6:30,8504.77,36.56,TRADE
NSW1,18/08/2015 7:00,9271.36,47.07,TRADE
NSW1,18/08/2015 7:30,9609.58,38.94,TRADE
NSW1,18/08/2015 8:00,9793.39,40.66,TRADE
NSW1,18/08/2015 8:30,9679.31,38.34,TRADE
NSW1,18/08/2015 9:00,9397.37,35.83,TRADE
NSW1,18/08/2015 9:30,9223.14,35.88,TRADE
NSW1,18/08/2015 10:00,9077.5,36.11,TRADE
NSW1,18/08/2015 10:30,8891.54,33.52,TRADE
NSW1,18/08/2015 11:00,8661.99,35.83,TRADE
NSW1,18/08/2015 11:30,8561.78,36.21,TRADE
NSW1,18/08/2015 12:00,8413.05,36.05,TRADE
NSW1,18/08/2015 12:30,8375.73,36.04,TRADE
NSW1,18/08/2015 13:00,8278.28,36.0,TRADE
NSW1,18/08/2015 13:30,8278.2,36.28,TRADE
NSW1,18/08/2015 14:00,8204.06,36.11,TRADE
NSW1,18/08/2015 14:30,8174.07,35.82,TRADE
NSW1,18/08/2015 15:00,8196.19,35.98,TRADE
NSW1,18/08/2015 15:30,8215.69,35.16,TRADE
NSW1,18/08/2015 16:00,8406.39,35.87,TRADE
NSW1,18/08/2015 16:30,8627.71,35.44,TRADE
NSW1,18/08/2015 17:00,9038.15,38.89,TRADE
NSW1,18/08/2015 17:30,9664.57,36.15,TRADE
NSW1,18/08/2015 18:00,10513.19,49.58,TRADE
NSW1,18/08/2015 18:30,10862.62,62.01,TRADE
NSW1,18/08/2015 19:00,10918.55,67.23,TRADE
NSW1,18/08/2015 19:30,10746.52,40.89,TRADE
NSW1,18/08/2015 20:00,10512.76,37.14,TRADE
NSW1,18/08/2015 20:30,10386.18,53.36,TRADE
NSW1,18/08/2015 21:00,10190.2,54.91,TRADE
NSW1,18/08/2015 21:30,9939.59,40.77,TRADE
NSW1,18/08/2015 22:00,9575.59,35.32,TRADE
NSW1,18/08/2015 22:30,9414.55,43.79,TRADE
NSW1,18/08/2015 23:00,9069.54,39.9,TRADE
NSW1,18/08/2015 23:30,8850.11,35.17,TRADE
NSW1,19/08/2015 0:00,8696.61,36.21,TRADE
NSW1,19/08/2015 0:30,8443.08,38.42,TRADE
NSW1,19/08/2015 1:00,8279.85,36.54,TRADE
NSW1,19/08/2015 1:30,8072.95,36.04,TRADE
NSW1,19/08/2015 2:00,7843.74,37.15,TRADE
NSW1,19/08/2015 2:30,7528.42,36.47,TRADE
NSW1,19/08/2015 3:00,7186.67,34.44,TRADE
NSW1,19/08/2015 3:30,6994.65,34.73,TRADE
NSW1,19/08/2015 4:00,6909.87,33.84,TRADE
NSW1,19/08/2015 4:30,6845.49,34.19,TRADE
NSW1,19/08/2015 5:00,6973.64,36.08,TRADE
NSW1,19/08/2015 5:30,7298.73,39.01,TRADE
NSW1,19/08/2015 6:00,7773.25,40.39,TRADE
NSW1,19/08/2015 6:30,8667.1,36.35,TRADE
NSW1,19/08/2015 7:00,9462.41,159.14,TRADE
NSW1,19/08/2015 7:30,9837.52,38.76,TRADE
NSW1,19/08/2015 8:00,10065.78,43.33,TRADE
NSW1,19/08/2015 8:30,9895.03,39.35,TRADE
NSW1,19/08/2015 9:00,9604.25,36.62,TRADE
NSW1,19/08/2015 9:30,9430.83,38.75,TRADE
NSW1,19/08/2015 10:00,9171.28,35.17,TRADE
NSW1,19/08/2015 10:30,8963.49,35.62,TRADE
NSW1,19/08/2015 11:00,8831.81,35.8,TRADE
NSW1,19/08/2015 11:30,8635.97,36.04,TRADE
NSW1,19/08/2015 12:00,8551.94,36.02,TRADE
NSW1,19/08/2015 12:30,8477.46,36.05,TRADE
NSW1,19/08/2015 13:00,8418.48,35.82,TRADE
NSW1,19/08/2015 13:30,8366.69,35.64,TRADE
NSW1,19/08/2015 14:00,8385.12,35.93,TRADE
NSW1,19/08/2015 14:30,8377.55,35.15,TRADE
NSW1,19/08/2015 15:00,8352.2,35.7,TRADE
NSW1,19/08/2015 15:30,8324.09,35.99,TRADE
NSW1,19/08/2015 16:00,8442.58,35.91,TRADE
NSW1,19/08/2015 16:30,8671.28,35.68,TRADE
NSW1,19/08/2015 17:00,8976.43,35.26,TRADE
NSW1,19/08/2015 17:30,9469.8,35.42,TRADE
NSW1,19/08/2015 18:00,10230.15,42.92,TRADE
NSW1,19/08/2015 18:30,10610.65,69.9,TRADE
NSW1,19/08/2015 19:00,10598.34,55.1,TRADE
NSW1,19/08/2015 19:30,10426.23,43.21,TRADE
NSW1,19/08/2015 20:00,10249.55,42.66,TRADE
NSW1,19/08/2015 20:30,10126.67,41.46,TRADE
NSW1,19/08/2015 21:00,9883.14,36.28,TRADE
NSW1,19/08/2015 21:30,9628.94,35.07,TRADE
NSW1,19/08/2015 22:00,9174.75,33.12,TRADE
NSW1,19/08/2015 22:30,9032.13,35.95,TRADE
NSW1,19/08/2015 23:00,8758.69,35.61,TRADE
NSW1,19/08/2015 23:30,8621.8,35.71,TRADE
NSW1,20/08/2015 0:00,8478.15,34.67,TRADE
NSW1,20/08/2015 0:30,8291.24,35.91,TRADE
NSW1,20/08/2015 1:00,8042.07,35.01,TRADE
NSW1,20/08/2015 1:30,7907.93,35.1,TRADE
NSW1,20/08/2015 2:00,7693.88,33.94,TRADE
NSW1,20/08/2015 2:30,7349.51,32.58,TRADE
NSW1,20/08/2015 3:00,7079.6,31.68,TRADE
NSW1,20/08/2015 3:30,6919.85,29.92,TRADE
NSW1,20/08/2015 4:00,6771.78,28.61,TRADE
NSW1,20/08/2015 4:30,6779.8,29.11,TRADE
NSW1,20/08/2015 5:00,6894.79,30.55,TRADE
NSW1,20/08/2015 5:30,7220.32,33.77,TRADE
NSW1,20/08/2015 6:00,7693.97,32.87,TRADE
NSW1,20/08/2015 6:30,8585.69,24.66,TRADE
NSW1,20/08/2015 7:00,9382.02,41.39,TRADE
NSW1,20/08/2015 7:30,9735.07,38.14,TRADE
NSW1,20/08/2015 8:00,9949.52,38.43,TRADE
NSW1,20/08/2015 8:30,9824.08,38.73,TRADE
NSW1,20/08/2015 9:00,9521.79,36.73,TRADE
NSW1,20/08/2015 9:30,9290.76,35.81,TRADE
NSW1,20/08/2015 10:00,9033.49,35.8,TRADE
NSW1,20/08/2015 10:30,8842.88,36.42,TRADE
NSW1,20/08/2015 11:00,8666.4,35.83,TRADE
NSW1,20/08/2015 11:30,8410.73,35.37,TRADE
NSW1,20/08/2015 12:00,8247.63,33.37,TRADE
NSW1,20/08/2015 12:30,8099.48,32.42,TRADE
NSW1,20/08/2015 13:00,8029.19,32.66,TRADE
NSW1,20/08/2015 13:30,7956.12,33.38,TRADE
NSW1,20/08/2015 14:00,7944.87,32.7,TRADE
NSW1,20/08/2015 14:30,7924.34,32.05,TRADE
NSW1,20/08/2015 15:00,7931.61,31.84,TRADE
NSW1,20/08/2015 15:30,7961.33,31.82,TRADE
NSW1,20/08/2015 16:00,8100.32,32.78,TRADE
NSW1,20/08/2015 16:30,8326.87,31.74,TRADE
NSW1,20/08/2015 17:00,8550.37,32.96,TRADE
NSW1,20/08/2015 17:30,8985.39,35.41,TRADE
NSW1,20/08/2015 18:00,9688.82,37.75,TRADE
NSW1,20/08/2015 18:30,10100.09,39.3,TRADE
NSW1,20/08/2015 19:00,10124.74,40.16,TRADE
NSW1,20/08/2015 19:30,9973.37,37.27,TRADE
NSW1,20/08/2015 20:00,9764.83,37.85,TRADE
NSW1,20/08/2015 20:30,9676.16,37.15,TRADE
NSW1,20/08/2015 21:00,9516.86,36.24,TRADE
NSW1,20/08/2015 21:30,9275.15,35.72,TRADE
NSW1,20/08/2015 22:00,8920.79,35.6,TRADE
NSW1,20/08/2015 22:30,8844.07,38.39,TRADE
NSW1,20/08/2015 23:00,8565.99,36.04,TRADE
NSW1,20/08/2015 23:30,8435.93,35.85,TRADE
NSW1,21/08/2015 0:00,8326.41,36.33,TRADE
NSW1,21/08/2015 0:30,8097.76,36.41,TRADE
NSW1,21/08/2015 1:00,7882.35,36.23,TRADE
NSW1,21/08/2015 1:30,7727.12,34.89,TRADE
NSW1,21/08/2015 2:00,7525.11,35.46,TRADE
NSW1,21/08/2015 2:30,7171.77,32.84,TRADE
NSW1,21/08/2015 3:00,6918.13,32.5,TRADE
NSW1,21/08/2015 3:30,6694.84,31.67,TRADE
NSW1,21/08/2015 4:00,6598.15,32.7,TRADE
NSW1,21/08/2015 4:30,6613.04,33.91,TRADE
NSW1,21/08/2015 5:00,6678.59,33.7,TRADE
NSW1,21/08/2015 5:30,7029.47,36.03,TRADE
NSW1,21/08/2015 6:00,7464.24,36.79,TRADE
NSW1,21/08/2015 6:30,8329.14,34.72,TRADE
NSW1,21/08/2015 7:00,9016.77,37.44,TRADE
NSW1,21/08/2015 7:30,9348.09,78.97,TRADE
NSW1,21/08/2015 8:00,9503.65,84.95,TRADE
NSW1,21/08/2015 8:30,9382.24,44.11,TRADE
NSW1,21/08/2015 9:00,9105.39,43.13,TRADE
NSW1,21/08/2015 9:30,8941.43,49.45,TRADE
NSW1,21/08/2015 10:00,8779.18,44.81,TRADE
NSW1,21/08/2015 10:30,8620.46,43.94,TRADE
NSW1,21/08/2015 11:00,8477.71,42.04,TRADE
NSW1,21/08/2015 11:30,8225.98,36.85,TRADE
NSW1,21/08/2015 12:00,8093.77,36.29,TRADE
NSW1,21/08/2015 12:30,8048.29,36.19,TRADE
NSW1,21/08/2015 13:00,8000.55,35.97,TRADE
NSW1,21/08/2015 13:30,7961.52,36.06,TRADE
NSW1,21/08/2015 14:00,7918.17,36.05,TRADE
NSW1,21/08/2015 14:30,7887.26,36.07,TRADE
NSW1,21/08/2015 15:00,7882.56,36.6,TRADE
NSW1,21/08/2015 15:30,7968.09,36.08,TRADE
NSW1,21/08/2015 16:00,8086.07,39.57,TRADE
NSW1,21/08/2015 16:30,8262.25,39.56,TRADE
NSW1,21/08/2015 17:00,8423.07,38.32,TRADE
NSW1,21/08/2015 17:30,8811.8,40.81,TRADE
NSW1,21/08/2015 18:00,9299.76,48.02,TRADE
NSW1,21/08/2015 18:30,9406.27,42.19,TRADE
NSW1,21/08/2015 19:00,9344.65,39.26,TRADE
NSW1,21/08/2015 19:30,9159.79,37.11,TRADE
NSW1,21/08/2015 20:00,8879.92,36.63,TRADE
NSW1,21/08/2015 20:30,8785.78,37.14,TRADE
NSW1,21/08/2015 21:00,8665.63,37.33,TRADE
NSW1,21/08/2015 21:30,8537.53,36.05,TRADE
NSW1,21/08/2015 22:00,8338.69,36.06,TRADE
NSW1,21/08/2015 22:30,8337.46,43.01,TRADE
NSW1,21/08/2015 23:00,8166.36,45.58,TRADE
NSW1,21/08/2015 23:30,8074.8,40.52,TRADE
NSW1,22/08/2015 0:00,8005.13,48.29,TRADE
NSW1,22/08/2015 0:30,7861.41,45.45,TRADE
NSW1,22/08/2015 1:00,7664.58,39.11,TRADE
NSW1,22/08/2015 1:30,7448.7,36.69,TRADE
NSW1,22/08/2015 2:00,7163.44,38.13,TRADE
NSW1,22/08/2015 2:30,6804.65,32.21,TRADE
NSW1,22/08/2015 3:00,6522.6,31.95,TRADE
NSW1,22/08/2015 3:30,6352.57,32.53,TRADE
NSW1,22/08/2015 4:00,6158.39,30.21,TRADE
NSW1,22/08/2015 4:30,6109.14,29.89,TRADE
NSW1,22/08/2015 5:00,6097.44,30.08,TRADE
NSW1,22/08/2015 5:30,6186.2,31.73,TRADE
NSW1,22/08/2015 6:00,6362.37,33.85,TRADE
NSW1,22/08/2015 6:30,6653.03,33.15,TRADE
NSW1,22/08/2015 7:00,6906.13,33.61,TRADE
NSW1,22/08/2015 7:30,7232.9,34.44,TRADE
NSW1,22/08/2015 8:00,7538.84,35.65,TRADE
NSW1,22/08/2015 8:30,7735.51,38.04,TRADE
NSW1,22/08/2015 9:00,7823.95,36.43,TRADE
NSW1,22/08/2015 9:30,7879.39,36.63,TRADE
NSW1,22/08/2015 10:00,7657.89,35.4,TRADE
NSW1,22/08/2015 10:30,7548.43,35.0,TRADE
NSW1,22/08/2015 11:00,7371.4,32.72,TRADE
NSW1,22/08/2015 11:30,7150.44,31.8,TRADE
NSW1,22/08/2015 12:00,7060.92,31.49,TRADE
NSW1,22/08/2015 12:30,6997.85,31.87,TRADE
NSW1,22/08/2015 13:00,6887.03,31.53,TRADE
NSW1,22/08/2015 13:30,6840.64,31.73,TRADE
NSW1,22/08/2015 14:00,6752.82,30.25,TRADE
NSW1,22/08/2015 14:30,6770.69,28.23,TRADE
NSW1,22/08/2015 15:00,6786.72,26.72,TRADE
NSW1,22/08/2015 15:30,6831.59,30.58,TRADE
NSW1,22/08/2015 16:00,6987.2,32.21,TRADE
NSW1,22/08/2015 16:30,7135.44,33.57,TRADE
NSW1,22/08/2015 17:00,7352.65,35.29,TRADE
NSW1,22/08/2015 17:30,7473.13,35.56,TRADE
NSW1,22/08/2015 18:00,7947.73,37.8,TRADE
NSW1,22/08/2015 18:30,8220.01,43.93,TRADE
NSW1,22/08/2015 19:00,8156.83,41.77,TRADE
NSW1,22/08/2015 19:30,7905.52,34.77,TRADE
NSW1,22/08/2015 20:00,7703.42,34.48,TRADE
NSW1,22/08/2015 20:30,7568.96,35.08,TRADE
NSW1,22/08/2015 21:00,7483.57,35.28,TRADE
NSW1,22/08/2015 21:30,7399.3,36.05,TRADE
NSW1,22/08/2015 22:00,7258.16,35.49,TRADE
NSW1,22/08/2015 22:30,7265.98,35.96,TRADE
NSW1,22/08/2015 23:00,7198.28,34.96,TRADE
NSW1,22/08/2015 23:30,7152.34,35.3,TRADE
NSW1,23/08/2015 0:00,7030.05,34.94,TRADE
NSW1,23/08/2015 0:30,6787.87,35.13,TRADE
NSW1,23/08/2015 1:00,6589.5,32.87,TRADE
NSW1,23/08/2015 1:30,6407.11,31.9,TRADE
NSW1,23/08/2015 2:00,6236.39,31.11,TRADE
NSW1,23/08/2015 2:30,5985.31,28.19,TRADE
NSW1,23/08/2015 3:00,5816.34,25.23,TRADE
NSW1,23/08/2015 3:30,5686.14,25.63,TRADE
NSW1,23/08/2015 4:00,5632.78,24.95,TRADE
NSW1,23/08/2015 4:30,5630.08,20.51,TRADE
NSW1,23/08/2015 5:00,5623.02,21.28,TRADE
NSW1,23/08/2015 5:30,5712.83,24.37,TRADE
NSW1,23/08/2015 6:00,5795.62,24.78,TRADE
NSW1,23/08/2015 6:30,6013.54,26.98,TRADE
NSW1,23/08/2015 7:00,6212.92,24.57,TRADE
NSW1,23/08/2015 7:30,6376.14,26.14,TRADE
NSW1,23/08/2015 8:00,6779.63,30.5,TRADE
NSW1,23/08/2015 8:30,7168.69,33.5,TRADE
NSW1,23/08/2015 9:00,7463.54,34.91,TRADE
NSW1,23/08/2015 9:30,7657.89,35.35,TRADE
NSW1,23/08/2015 10:00,7724.6,35.86,TRADE
NSW1,23/08/2015 10:30,7749.08,36.48,TRADE
NSW1,23/08/2015 11:00,7658.07,36.01,TRADE
NSW1,23/08/2015 11:30,7628.27,36.05,TRADE
NSW1,23/08/2015 12:00,7573.79,35.28,TRADE
NSW1,23/08/2015 12:30,7590.62,34.95,TRADE
NSW1,23/08/2015 13:00,7546.03,34.95,TRADE
NSW1,23/08/2015 13:30,7563.83,34.17,TRADE
NSW1,23/08/2015 14:00,7535.13,34.91,TRADE
NSW1,23/08/2015 14:30,7514.55,32.97,TRADE
NSW1,23/08/2015 15:00,7567.67,34.21,TRADE
NSW1,23/08/2015 15:30,7589.04,33.15,TRADE
NSW1,23/08/2015 16:00,7729.51,32.14,TRADE
NSW1,23/08/2015 16:30,7993.34,33.13,TRADE
NSW1,23/08/2015 17:00,8310.08,36.73,TRADE
NSW1,23/08/2015 17:30,8540.25,35.59,TRADE
NSW1,23/08/2015 18:00,8975.78,36.17,TRADE
NSW1,23/08/2015 18:30,9147.76,40.43,TRADE
NSW1,23/08/2015 19:00,9022.82,38.32,TRADE
NSW1,23/08/2015 19:30,8728.71,34.77,TRADE
NSW1,23/08/2015 20:00,8499.78,35.27,TRADE
NSW1,23/08/2015 20:30,8346.32,35.97,TRADE
NSW1,23/08/2015 21:00,8130.54,36.03,TRADE
NSW1,23/08/2015 21:30,7886.8,35.17,TRADE
NSW1,23/08/2015 22:00,7691.91,32.99,TRADE
NSW1,23/08/2015 22:30,7580.82,32.97,TRADE
NSW1,23/08/2015 23:00,7394.93,30.6,TRADE
NSW1,23/08/2015 23:30,7256.48,31.58,TRADE
NSW1,24/08/2015 0:00,7192.05,30.73,TRADE
NSW1,24/08/2015 0:30,6961.81,27.55,TRADE
NSW1,24/08/2015 1:00,6792.68,25.63,TRADE
NSW1,24/08/2015 1:30,6627.3,25.45,TRADE
NSW1,24/08/2015 2:00,6478.76,22.22,TRADE
NSW1,24/08/2015 2:30,6224.37,22.63,TRADE
NSW1,24/08/2015 3:00,6032.22,20.49,TRADE
NSW1,24/08/2015 3:30,5916.11,18.9,TRADE
NSW1,24/08/2015 4:00,5888.39,20.58,TRADE
NSW1,24/08/2015 4:30,5913.18,22.24,TRADE
NSW1,24/08/2015 5:00,5991.74,25.65,TRADE
NSW1,24/08/2015 5:30,6233.67,24.59,TRADE
NSW1,24/08/2015 6:00,6587.78,18.98,TRADE
NSW1,24/08/2015 6:30,7283.21,16.12,TRADE
NSW1,24/08/2015 7:00,7903.36,25.41,TRADE
NSW1,24/08/2015 7:30,8254.59,31.29,TRADE
NSW1,24/08/2015 8:00,8584.07,35.57,TRADE
NSW1,24/08/2015 8:30,8736.07,36.05,TRADE
NSW1,24/08/2015 9:00,8731.85,36.01,TRADE
NSW1,24/08/2015 9:30,8834.35,36.06,TRADE
NSW1,24/08/2015 10:00,8864.1,34.09,TRADE
NSW1,24/08/2015 10:30,8819.02,34.15,TRADE
NSW1,24/08/2015 11:00,8803.2,34.99,TRADE
NSW1,24/08/2015 11:30,8725.11,34.87,TRADE
NSW1,24/08/2015 12:00,8744.53,34.93,TRADE
NSW1,24/08/2015 12:30,8799.23,35.17,TRADE
NSW1,24/08/2015 13:00,8852.53,34.99,TRADE
NSW1,24/08/2015 13:30,8822.2,35.69,TRADE
NSW1,24/08/2015 14:00,8769.51,34.56,TRADE
NSW1,24/08/2015 14:30,8758.79,33.99,TRADE
NSW1,24/08/2015 15:00,8593.47,32.15,TRADE
NSW1,24/08/2015 15:30,8596.25,31.72,TRADE
NSW1,24/08/2015 16:00,8714.62,32.14,TRADE
NSW1,24/08/2015 16:30,8874.08,35.01,TRADE
NSW1,24/08/2015 17:00,9142.13,36.03,TRADE
NSW1,24/08/2015 17:30,9451.75,36.93,TRADE
NSW1,24/08/2015 18:00,9930.05,37.46,TRADE
NSW1,24/08/2015 18:30,9944.97,36.35,TRADE
NSW1,24/08/2015 19:00,9808.47,36.05,TRADE
NSW1,24/08/2015 19:30,9493.19,35.57,TRADE
NSW1,24/08/2015 20:00,9282.3,35.92,TRADE
NSW1,24/08/2015 20:30,8991.4,33.87,TRADE
NSW1,24/08/2015 21:00,8750.59,31.68,TRADE
NSW1,24/08/2015 21:30,8514.63,31.08,TRADE
NSW1,24/08/2015 22:00,8197.26,30.61,TRADE
NSW1,24/08/2015 22:30,8181.97,32.83,TRADE
NSW1,24/08/2015 23:00,7968.0,32.1,TRADE
NSW1,24/08/2015 23:30,7849.81,32.36,TRADE
NSW1,25/08/2015 0:00,7826.22,32.64,TRADE
NSW1,25/08/2015 0:30,7595.49,30.48,TRADE
NSW1,25/08/2015 1:00,7427.08,28.4,TRADE
NSW1,25/08/2015 1:30,7248.95,29.07,TRADE
NSW1,25/08/2015 2:00,6988.76,24.47,TRADE
NSW1,25/08/2015 2:30,6657.09,19.01,TRADE
NSW1,25/08/2015 3:00,6420.73,18.99,TRADE
NSW1,25/08/2015 3:30,6163.76,18.83,TRADE
NSW1,25/08/2015 4:00,6061.82,16.87,TRADE
NSW1,25/08/2015 4:30,6063.44,18.39,TRADE
NSW1,25/08/2015 5:00,6142.67,18.4,TRADE
NSW1,25/08/2015 5:30,6439.12,18.89,TRADE
NSW1,25/08/2015 6:00,6824.17,19.37,TRADE
NSW1,25/08/2015 6:30,7571.88,21.16,TRADE
NSW1,25/08/2015 7:00,8225.07,28.5,TRADE
NSW1,25/08/2015 7:30,8575.43,30.85,TRADE
NSW1,25/08/2015 8:00,8864.7,34.65,TRADE
NSW1,25/08/2015 8:30,8907.34,34.19,TRADE
NSW1,25/08/2015 9:00,8781.91,34.67,TRADE
NSW1,25/08/2015 9:30,8732.61,35.09,TRADE
NSW1,25/08/2015 10:00,8626.53,33.63,TRADE
NSW1,25/08/2015 10:30,8569.86,34.0,TRADE
NSW1,25/08/2015 11:00,8670.62,35.12,TRADE
NSW1,25/08/2015 11:30,8498.52,31.78,TRADE
NSW1,25/08/2015 12:00,8387.6,31.97,TRADE
NSW1,25/08/2015 12:30,8371.68,31.97,TRADE
NSW1,25/08/2015 13:00,8419.09,32.22,TRADE
NSW1,25/08/2015 13:30,8405.26,31.95,TRADE
NSW1,25/08/2015 14:00,8383.46,32.03,TRADE
NSW1,25/08/2015 14:30,8361.78,32.33,TRADE
NSW1,25/08/2015 15:00,8365.55,32.51,TRADE
NSW1,25/08/2015 15:30,8306.88,32.12,TRADE
NSW1,25/08/2015 16:00,8436.36,32.67,TRADE
NSW1,25/08/2015 16:30,8622.29,33.61,TRADE
NSW1,25/08/2015 17:00,8862.18,36.4,TRADE
NSW1,25/08/2015 17:30,9162.44,38.03,TRADE
NSW1,25/08/2015 18:00,9756.0,45.21,TRADE
NSW1,25/08/2015 18:30,9985.16,44.68,TRADE
NSW1,25/08/2015 19:00,9890.95,41.3,TRADE
NSW1,25/08/2015 19:30,9603.11,37.09,TRADE
NSW1,25/08/2015 20:00,9446.47,37.52,TRADE
NSW1,25/08/2015 20:30,9247.85,37.52,TRADE
NSW1,25/08/2015 21:00,8970.07,36.51,TRADE
NSW1,25/08/2015 21:30,8687.21,34.05,TRADE
NSW1,25/08/2015 22:00,8369.52,32.2,TRADE
NSW1,25/08/2015 22:30,8319.83,34.7,TRADE
NSW1,25/08/2015 23:00,8100.32,31.65,TRADE
NSW1,25/08/2015 23:30,7964.61,31.4,TRADE
NSW1,26/08/2015 0:00,7930.35,32.04,TRADE
NSW1,26/08/2015 0:30,7684.99,32.22,TRADE
NSW1,26/08/2015 1:00,7529.15,33.42,TRADE
NSW1,26/08/2015 1:30,7381.6,30.79,TRADE
NSW1,26/08/2015 2:00,7138.5,32.03,TRADE
NSW1,26/08/2015 2:30,6788.43,32.54,TRADE
NSW1,26/08/2015 3:00,6477.9,31.91,TRADE
NSW1,26/08/2015 3:30,6268.85,29.12,TRADE
NSW1,26/08/2015 4:00,6168.38,28.5,TRADE
NSW1,26/08/2015 4:30,6187.86,28.88,TRADE
NSW1,26/08/2015 5:00,6247.48,30.19,TRADE
NSW1,26/08/2015 5:30,6579.8,29.36,TRADE
NSW1,26/08/2015 6:00,6921.11,22.54,TRADE
NSW1,26/08/2015 6:30,7704.45,27.12,TRADE
NSW1,26/08/2015 7:00,8304.65,35.56,TRADE
NSW1,26/08/2015 7:30,8650.12,36.68,TRADE
NSW1,26/08/2015 8:00,8891.18,37.66,TRADE
NSW1,26/08/2015 8:30,8891.51,37.42,TRADE
NSW1,26/08/2015 9:00,8759.49,37.3,TRADE
NSW1,26/08/2015 9:30,8723.88,37.03,TRADE
NSW1,26/08/2015 10:00,8627.82,34.87,TRADE
NSW1,26/08/2015 10:30,8521.2,36.59,TRADE
NSW1,26/08/2015 11:00,8464.04,35.73,TRADE
NSW1,26/08/2015 11:30,8328.37,36.05,TRADE
NSW1,26/08/2015 12:00,8281.29,35.77,TRADE
NSW1,26/08/2015 12:30,8196.68,35.78,TRADE
NSW1,26/08/2015 13:00,8181.15,35.8,TRADE
NSW1,26/08/2015 13:30,8136.51,36.11,TRADE
NSW1,26/08/2015 14:00,8151.33,37.65,TRADE
NSW1,26/08/2015 14:30,8117.09,36.09,TRADE
NSW1,26/08/2015 15:00,8069.81,33.05,TRADE
NSW1,26/08/2015 15:30,8117.32,35.18,TRADE
NSW1,26/08/2015 16:00,8291.87,36.13,TRADE
NSW1,26/08/2015 16:30,8439.43,36.25,TRADE
NSW1,26/08/2015 17:00,8688.14,38.57,TRADE
NSW1,26/08/2015 17:30,9052.02,40.35,TRADE
NSW1,26/08/2015 18:00,9534.0,44.18,TRADE
NSW1,26/08/2015 18:30,9785.41,59.64,TRADE
NSW1,26/08/2015 19:00,9737.7,49.56,TRADE
NSW1,26/08/2015 19:30,9489.66,40.03,TRADE
NSW1,26/08/2015 20:00,9263.52,41.79,TRADE
NSW1,26/08/2015 20:30,9105.3,40.64,TRADE
NSW1,26/08/2015 21:00,8874.59,36.87,TRADE
NSW1,26/08/2015 21:30,8627.65,36.97,TRADE
NSW1,26/08/2015 22:00,8309.84,35.94,TRADE
NSW1,26/08/2015 22:30,8321.06,48.03,TRADE
NSW1,26/08/2015 23:00,8069.15,36.35,TRADE
NSW1,26/08/2015 23:30,8002.16,36.22,TRADE
NSW1,27/08/2015 0:00,7915.08,36.72,TRADE
NSW1,27/08/2015 0:30,7716.81,38.97,TRADE
NSW1,27/08/2015 1:00,7516.73,38.39,TRADE
NSW1,27/08/2015 1:30,7369.87,37.58,TRADE
NSW1,27/08/2015 2:00,7170.13,36.65,TRADE
NSW1,27/08/2015 2:30,6814.47,36.19,TRADE
NSW1,27/08/2015 3:00,6583.46,32.69,TRADE
NSW1,27/08/2015 3:30,6415.44,31.87,TRADE
NSW1,27/08/2015 4:00,6282.74,31.65,TRADE
NSW1,27/08/2015 4:30,6289.38,31.96,TRADE
NSW1,27/08/2015 5:00,6391.32,32.04,TRADE
NSW1,27/08/2015 5:30,6682.52,34.58,TRADE
NSW1,27/08/2015 6:00,7090.85,31.33,TRADE
NSW1,27/08/2015 6:30,7850.27,38.03,TRADE
NSW1,27/08/2015 7:00,8453.43,38.66,TRADE
NSW1,27/08/2015 7:30,8790.87,39.68,TRADE
NSW1,27/08/2015 8:00,9004.91,40.43,TRADE
NSW1,27/08/2015 8:30,8963.68,43.1,TRADE
NSW1,27/08/2015 9:00,8874.97,40.04,TRADE
NSW1,27/08/2015 9:30,8852.65,40.64,TRADE
NSW1,27/08/2015 10:00,8810.74,39.23,TRADE
NSW1,27/08/2015 10:30,8814.38,39.3,TRADE
NSW1,27/08/2015 11:00,8692.37,40.43,TRADE
NSW1,27/08/2015 11:30,8499.7,39.12,TRADE
NSW1,27/08/2015 12:00,8431.18,41.05,TRADE
NSW1,27/08/2015 12:30,8431.75,38.53,TRADE
NSW1,27/08/2015 13:00,8313.2,37.55,TRADE
NSW1,27/08/2015 13:30,8267.41,37.5,TRADE
NSW1,27/08/2015 14:00,8281.88,40.92,TRADE
NSW1,27/08/2015 14:30,8310.85,39.04,TRADE
NSW1,27/08/2015 15:00,8232.59,37.12,TRADE
NSW1,27/08/2015 15:30,8192.67,36.96,TRADE
NSW1,27/08/2015 16:00,8259.33,38.66,TRADE
NSW1,27/08/2015 16:30,8401.98,38.17,TRADE
NSW1,27/08/2015 17:00,8591.11,38.23,TRADE
NSW1,27/08/2015 17:30,8937.05,40.8,TRADE
NSW1,27/08/2015 18:00,9531.18,50.07,TRADE
NSW1,27/08/2015 18:30,9831.94,55.62,TRADE
NSW1,27/08/2015 19:00,9869.91,52.32,TRADE
NSW1,27/08/2015 19:30,9725.54,43.21,TRADE
NSW1,27/08/2015 20:00,9496.73,41.78,TRADE
NSW1,27/08/2015 20:30,9350.6,39.1,TRADE
NSW1,27/08/2015 21:00,9111.51,41.89,TRADE
NSW1,27/08/2015 21:30,8849.55,37.61,TRADE
NSW1,27/08/2015 22:00,8548.14,35.99,TRADE
NSW1,27/08/2015 22:30,8510.77,38.64,TRADE
NSW1,27/08/2015 23:00,8318.43,37.15,TRADE
NSW1,27/08/2015 23:30,8214.43,35.7,TRADE
NSW1,28/08/2015 0:00,8118.99,36.34,TRADE
NSW1,28/08/2015 0:30,7968.49,36.6,TRADE
NSW1,28/08/2015 1:00,7716.66,37.9,TRADE
NSW1,28/08/2015 1:30,7515.81,35.14,TRADE
NSW1,28/08/2015 2:00,7326.46,33.78,TRADE
NSW1,28/08/2015 2:30,7011.28,33.07,TRADE
NSW1,28/08/2015 3:00,6694.59,31.65,TRADE
NSW1,28/08/2015 3:30,6476.63,31.45,TRADE
NSW1,28/08/2015 4:00,6364.11,28.78,TRADE
NSW1,28/08/2015 4:30,6324.37,26.52,TRADE
NSW1,28/08/2015 5:00,6357.79,30.06,TRADE
NSW1,28/08/2015 5:30,6706.63,32.14,TRADE
NSW1,28/08/2015 6:00,7177.32,30.25,TRADE
NSW1,28/08/2015 6:30,7933.8,35.36,TRADE
NSW1,28/08/2015 7:00,8656.75,38.75,TRADE
NSW1,28/08/2015 7:30,8901.11,42.07,TRADE
NSW1,28/08/2015 8:00,9109.66,43.71,TRADE
NSW1,28/08/2015 8:30,9064.29,44.45,TRADE
NSW1,28/08/2015 9:00,8844.76,42.81,TRADE
NSW1,28/08/2015 9:30,8696.95,39.26,TRADE
NSW1,28/08/2015 10:00,8613.38,39.93,TRADE
NSW1,28/08/2015 10:30,8557.61,38.59,TRADE
NSW1,28/08/2015 11:00,8445.34,36.2,TRADE
NSW1,28/08/2015 11:30,8216.81,37.37,TRADE
NSW1,28/08/2015 12:00,8128.8,37.45,TRADE
NSW1,28/08/2015 12:30,8097.79,35.77,TRADE
NSW1,28/08/2015 13:00,8049.04,37.5,TRADE
NSW1,28/08/2015 13:30,7989.17,37.52,TRADE
NSW1,28/08/2015 14:00,7966.86,37.51,TRADE
NSW1,28/08/2015 14:30,7942.44,37.47,TRADE
NSW1,28/08/2015 15:00,7940.97,37.43,TRADE
NSW1,28/08/2015 15:30,7965.5,37.37,TRADE
NSW1,28/08/2015 16:00,8053.76,37.46,TRADE
NSW1,28/08/2015 16:30,8264.41,37.39,TRADE
NSW1,28/08/2015 17:00,8515.24,40.3,TRADE
NSW1,28/08/2015 17:30,8864.57,39.42,TRADE
NSW1,28/08/2015 18:00,9332.15,41.31,TRADE
NSW1,28/08/2015 18:30,9545.85,44.56,TRADE
NSW1,28/08/2015 19:00,9539.99,43.17,TRADE
NSW1,28/08/2015 19:30,9371.78,41.33,TRADE
NSW1,28/08/2015 20:00,9173.23,43.06,TRADE
NSW1,28/08/2015 20:30,9016.68,43.47,TRADE
NSW1,28/08/2015 21:00,8881.53,40.41,TRADE
NSW1,28/08/2015 21:30,8726.73,40.29,TRADE
NSW1,28/08/2015 22:00,8491.35,38.17,TRADE
NSW1,28/08/2015 22:30,8560.65,42.98,TRADE
NSW1,28/08/2015 23:00,8320.14,39.01,TRADE
NSW1,28/08/2015 23:30,8205.5,38.58,TRADE
NSW1,29/08/2015 0:00,8132.35,39.1,TRADE
NSW1,29/08/2015 0:30,7962.96,41.17,TRADE
NSW1,29/08/2015 1:00,7765.27,39.22,TRADE
NSW1,29/08/2015 1:30,7559.9,37.45,TRADE
NSW1,29/08/2015 2:00,7293.97,35.92,TRADE
NSW1,29/08/2015 2:30,6859.44,33.5,TRADE
NSW1,29/08/2015 3:00,6610.69,34.1,TRADE
NSW1,29/08/2015 3:30,6441.03,33.01,TRADE
NSW1,29/08/2015 4:00,6279.37,30.2,TRADE
NSW1,29/08/2015 4:30,6246.12,32.64,TRADE
NSW1,29/08/2015 5:00,6246.88,33.12,TRADE
NSW1,29/08/2015 5:30,6272.61,32.97,TRADE
NSW1,29/08/2015 6:00,6482.71,28.96,TRADE
NSW1,29/08/2015 6:30,6775.48,25.03,TRADE
NSW1,29/08/2015 7:00,7062.34,27.52,TRADE
NSW1,29/08/2015 7:30,7453.03,34.66,TRADE
NSW1,29/08/2015 8:00,7738.78,36.77,TRADE
NSW1,29/08/2015 8:30,8020.52,42.41,TRADE
NSW1,29/08/2015 9:00,8039.16,42.38,TRADE
NSW1,29/08/2015 9:30,8052.75,41.2,TRADE
NSW1,29/08/2015 10:00,7839.26,40.98,TRADE
NSW1,29/08/2015 10:30,7715.58,36.04,TRADE
NSW1,29/08/2015 11:00,7550.39,36.03,TRADE
NSW1,29/08/2015 11:30,7340.52,35.96,TRADE
NSW1,29/08/2015 12:00,7179.99,35.8,TRADE
NSW1,29/08/2015 12:30,7060.34,35.82,TRADE
NSW1,29/08/2015 13:00,6977.6,33.53,TRADE
NSW1,29/08/2015 13:30,6952.8,33.48,TRADE
NSW1,29/08/2015 14:00,6874.58,34.42,TRADE
NSW1,29/08/2015 14:30,6889.73,34.86,TRADE
NSW1,29/08/2015 15:00,6931.2,34.07,TRADE
NSW1,29/08/2015 15:30,6972.41,33.75,TRADE
NSW1,29/08/2015 16:00,7135.55,35.69,TRADE
NSW1,29/08/2015 16:30,7281.5,36.68,TRADE
NSW1,29/08/2015 17:00,7506.02,37.12,TRADE
NSW1,29/08/2015 17:30,7797.8,36.78,TRADE
NSW1,29/08/2015 18:00,8460.85,45.44,TRADE
NSW1,29/08/2015 18:30,8924.3,46.93,TRADE
NSW1,29/08/2015 19:00,8993.25,43.14,TRADE
NSW1,29/08/2015 19:30,8774.77,38.72,TRADE
NSW1,29/08/2015 20:00,8602.74,37.57,TRADE
NSW1,29/08/2015 20:30,8593.3,39.22,TRADE
NSW1,29/08/2015 21:00,8561.75,42.37,TRADE
NSW1,29/08/2015 21:30,8432.05,38.57,TRADE
NSW1,29/08/2015 22:00,8277.46,37.42,TRADE
NSW1,29/08/2015 22:30,8235.63,37.86,TRADE
NSW1,29/08/2015 23:00,8065.85,37.86,TRADE
NSW1,29/08/2015 23:30,7958.22,37.97,TRADE
NSW1,30/08/2015 0:00,7825.86,38.24,TRADE
NSW1,30/08/2015 0:30,7574.61,41.62,TRADE
NSW1,30/08/2015 1:00,7328.12,37.4,TRADE
NSW1,30/08/2015 1:30,7172.49,36.88,TRADE
NSW1,30/08/2015 2:00,6960.11,35.46,TRADE
NSW1,30/08/2015 2:30,6623.86,32.43,TRADE
NSW1,30/08/2015 3:00,6468.9,32.22,TRADE
NSW1,30/08/2015 3:30,6306.02,32.29,TRADE
NSW1,30/08/2015 4:00,6221.31,31.82,TRADE
NSW1,30/08/2015 4:30,6167.9,29.89,TRADE
NSW1,30/08/2015 5:00,6194.37,31.2,TRADE
NSW1,30/08/2015 5:30,6268.05,33.4,TRADE
NSW1,30/08/2015 6:00,6341.11,31.23,TRADE
NSW1,30/08/2015 6:30,6562.95,25.78,TRADE
NSW1,30/08/2015 7:00,6874.66,26.76,TRADE
NSW1,30/08/2015 7:30,7179.15,31.44,TRADE
NSW1,30/08/2015 8:00,7515.12,36.84,TRADE
NSW1,30/08/2015 8:30,7778.78,37.38,TRADE
NSW1,30/08/2015 9:00,7937.46,37.52,TRADE
NSW1,30/08/2015 9:30,7912.66,37.37,TRADE
NSW1,30/08/2015 10:00,7862.39,37.49,TRADE
NSW1,30/08/2015 10:30,7705.49,37.23,TRADE
NSW1,30/08/2015 11:00,7482.05,36.36,TRADE
NSW1,30/08/2015 11:30,7329.41,34.92,TRADE
NSW1,30/08/2015 12:00,7236.98,32.57,TRADE
NSW1,30/08/2015 12:30,7128.36,32.08,TRADE
NSW1,30/08/2015 13:00,7040.28,31.9,TRADE
NSW1,30/08/2015 13:30,6986.31,31.69,TRADE
NSW1,30/08/2015 14:00,6980.68,31.95,TRADE
NSW1,30/08/2015 14:30,6975.37,35.18,TRADE
NSW1,30/08/2015 15:00,6972.5,36.7,TRADE
NSW1,30/08/2015 15:30,7124.34,37.41,TRADE
NSW1,30/08/2015 16:00,7306.03,36.4,TRADE
NSW1,30/08/2015 16:30,7571.57,37.26,TRADE
NSW1,30/08/2015 17:00,7889.31,38.23,TRADE
NSW1,30/08/2015 17:30,8225.19,39.79,TRADE
NSW1,30/08/2015 18:00,8932.07,49.74,TRADE
NSW1,30/08/2015 18:30,9459.63,144.22,TRADE
NSW1,30/08/2015 19:00,9559.85,99.68,TRADE
NSW1,30/08/2015 19:30,9363.91,43.15,TRADE
NSW1,30/08/2015 20:00,9135.81,41.36,TRADE
NSW1,30/08/2015 20:30,9015.54,40.88,TRADE
NSW1,30/08/2015 21:00,8830.36,38.18,TRADE
NSW1,30/08/2015 21:30,8638.7,37.51,TRADE
NSW1,30/08/2015 22:00,8357.73,37.25,TRADE
NSW1,30/08/2015 22:30,8192.26,40.31,TRADE
NSW1,30/08/2015 23:00,7860.38,37.01,TRADE
NSW1,30/08/2015 23:30,7727.78,37.49,TRADE
NSW1,31/08/2015 0:00,7559.62,39.2,TRADE
NSW1,31/08/2015 0:30,7338.31,38.25,TRADE
NSW1,31/08/2015 1:00,7191.25,37.51,TRADE
NSW1,31/08/2015 1:30,7046.59,34.3,TRADE
NSW1,31/08/2015 2:00,6878.5,35.17,TRADE
NSW1,31/08/2015 2:30,6628.08,37.35,TRADE
NSW1,31/08/2015 3:00,6485.32,38.39,TRADE
NSW1,31/08/2015 3:30,6375.38,31.45,TRADE
NSW1,31/08/2015 4:00,6314.8,34.92,TRADE
NSW1,31/08/2015 4:30,6379.63,30.17,TRADE
NSW1,31/08/2015 5:00,6487.38,35.27,TRADE
NSW1,31/08/2015 5:30,6810.31,37.84,TRADE
NSW1,31/08/2015 6:00,7283.61,38.88,TRADE
NSW1,31/08/2015 6:30,8085.37,35.62,TRADE
NSW1,31/08/2015 7:00,8761.6,46.94,TRADE
NSW1,31/08/2015 7:30,9014.31,59.64,TRADE
NSW1,31/08/2015 8:00,9244.89,78.99,TRADE
NSW1,31/08/2015 8:30,9133.84,46.98,TRADE
NSW1,31/08/2015 9:00,8878.7,40.39,TRADE
NSW1,31/08/2015 9:30,8736.45,37.51,TRADE
NSW1,31/08/2015 10:00,8602.57,37.5,TRADE
NSW1,31/08/2015 10:30,8515.17,38.25,TRADE
NSW1,31/08/2015 11:00,8376.02,38.45,TRADE
NSW1,31/08/2015 11:30,8210.61,37.52,TRADE
NSW1,31/08/2015 12:00,8081.99,37.52,TRADE
NSW1,31/08/2015 12:30,8070.46,37.52,TRADE
NSW1,31/08/2015 13:00,8056.2,37.51,TRADE
NSW1,31/08/2015 13:30,7997.78,37.26,TRADE
NSW1,31/08/2015 14:00,8018.5,37.52,TRADE
NSW1,31/08/2015 14:30,8021.62,37.68,TRADE
NSW1,31/08/2015 15:00,8008.5,37.52,TRADE
NSW1,31/08/2015 15:30,8018.74,37.71,TRADE
NSW1,31/08/2015 16:00,8161.82,37.93,TRADE
NSW1,31/08/2015 16:30,8343.52,37.24,TRADE
NSW1,31/08/2015 17:00,8569.91,37.8,TRADE
NSW1,31/08/2015 17:30,8910.27,36.0,TRADE
NSW1,31/08/2015 18:00,9535.95,42.44,TRADE
NSW1,31/08/2015 18:30,9963.12,130.29,TRADE
NSW1,31/08/2015 19:00,10001.86,64.76,TRADE
NSW1,31/08/2015 19:30,9860.97,42.3,TRADE
NSW1,31/08/2015 20:00,9656.38,46.65,TRADE
NSW1,31/08/2015 20:30,9490.6,44.06,TRADE
NSW1,31/08/2015 21:00,9243.13,38.69,TRADE
NSW1,31/08/2015 21:30,8980.44,37.66,TRADE
NSW1,31/08/2015 22:00,8663.28,37.49,TRADE
NSW1,31/08/2015 22:30,8575.36,37.52,TRADE
NSW1,31/08/2015 23:00,8314.15,37.44,TRADE
NSW1,31/08/2015 23:30,8214.21,37.57,TRADE
NSW1,1/09/2015 0:00,8205.82,36.9,TRADE
NSW1,1/09/2015 0:30,8024.71,37.51,TRADE
NSW1,1/09/2015 1:00,7849.09,37.52,TRADE
NSW1,1/09/2015 1:30,7659.86,39.36,TRADE
NSW1,1/09/2015 2:00,7501.53,37.52,TRADE
NSW1,1/09/2015 2:30,7199.03,37.25,TRADE
NSW1,1/09/2015 3:00,6974.84,37.01,TRADE
NSW1,1/09/2015 3:30,6745.22,34.37,TRADE
NSW1,1/09/2015 4:00,6654.44,32.65,TRADE
NSW1,1/09/2015 4:30,6631.8,36.05,TRADE
NSW1,1/09/2015 5:00,6730.67,38.02,TRADE
NSW1,1/09/2015 5:30,7099.82,40.94,TRADE
NSW1,1/09/2015 6:00,7525.67,40.51,TRADE
NSW1,1/09/2015 6:30,8348.63,42.48,TRADE
NSW1,1/09/2015 7:00,9075.74,56.0,TRADE
NSW1,1/09/2015 7:30,9303.77,45.4,TRADE
NSW1,1/09/2015 8:00,9504.07,49.27,TRADE
NSW1,1/09/2015 8:30,9348.59,38.05,TRADE
NSW1,1/09/2015 9:00,9043.63,41.44,TRADE
NSW1,1/09/2015 9:30,8889.01,39.25,TRADE
NSW1,1/09/2015 10:00,8698.4,42.23,TRADE
NSW1,1/09/2015 10:30,8538.12,42.44,TRADE
NSW1,1/09/2015 11:00,8406.57,40.28,TRADE
NSW1,1/09/2015 11:30,8182.28,40.48,TRADE
NSW1,1/09/2015 12:00,8045.89,40.16,TRADE
NSW1,1/09/2015 12:30,8003.65,38.37,TRADE
NSW1,1/09/2015 13:00,7968.02,39.21,TRADE
NSW1,1/09/2015 13:30,7905.46,36.06,TRADE
NSW1,1/09/2015 14:00,7857.16,38.51,TRADE
NSW1,1/09/2015 14:30,7766.89,37.51,TRADE
NSW1,1/09/2015 15:00,7824.33,36.35,TRADE
NSW1,1/09/2015 15:30,7834.15,36.67,TRADE
NSW1,1/09/2015 16:00,7976.73,41.4,TRADE
NSW1,1/09/2015 16:30,8165.9,37.01,TRADE
NSW1,1/09/2015 17:00,8419.09,37.95,TRADE
NSW1,1/09/2015 17:30,8845.3,37.57,TRADE
NSW1,1/09/2015 18:00,9490.99,46.88,TRADE
NSW1,1/09/2015 18:30,9989.28,128.52,TRADE
NSW1,1/09/2015 19:00,10104.07,76.7,TRADE
NSW1,1/09/2015 19:30,9934.72,45.81,TRADE
NSW1,1/09/2015 20:00,9756.15,67.55,TRADE
NSW1,1/09/2015 20:30,9632.34,55.35,TRADE
NSW1,1/09/2015 21:00,9419.26,47.21,TRADE
NSW1,1/09/2015 21:30,9174.91,41.05,TRADE
NSW1,1/09/2015 22:00,8854.37,36.61,TRADE
NSW1,1/09/2015 22:30,8769.64,42.63,TRADE
NSW1,1/09/2015 23:00,8495.41,42.72,TRADE
NSW1,1/09/2015 23:30,8403.07,48.21,TRADE
NSW1,2/09/2015 0:00,8311.05,45.89,TRADE
NSW1,2/09/2015 0:30,8047.14,42.14,TRADE
NSW1,2/09/2015 1:00,7910.01,41.48,TRADE
NSW1,2/09/2015 1:30,7721.87,41.07,TRADE
NSW1,2/09/2015 2:00,7488.94,39.98,TRADE
NSW1,2/09/2015 2:30,7158.55,36.81,TRADE
NSW1,2/09/2015 3:00,6982.68,37.65,TRADE
NSW1,2/09/2015 3:30,6728.88,36.47,TRADE
NSW1,2/09/2015 4:00,6654.0,36.78,TRADE
NSW1,2/09/2015 4:30,6643.13,37.51,TRADE
NSW1,2/09/2015 5:00,6753.61,37.97,TRADE
NSW1,2/09/2015 5:30,7091.72,44.7,TRADE
NSW1,2/09/2015 6:00,7543.43,39.1,TRADE
NSW1,2/09/2015 6:30,8295.25,42.13,TRADE
NSW1,2/09/2015 7:00,9019.44,51.42,TRADE
NSW1,2/09/2015 7:30,9339.25,104.8,TRADE
NSW1,2/09/2015 8:00,9547.93,65.5,TRADE
NSW1,2/09/2015 8:30,9414.35,46.62,TRADE
NSW1,2/09/2015 9:00,9207.81,43.73,TRADE
NSW1,2/09/2015 9:30,9194.21,43.88,TRADE
NSW1,2/09/2015 10:00,9035.37,41.95,TRADE
NSW1,2/09/2015 10:30,8896.12,42.98,TRADE
NSW1,2/09/2015 11:00,8676.52,40.76,TRADE
NSW1,2/09/2015 11:30,8442.31,39.08,TRADE
NSW1,2/09/2015 12:00,8263.58,38.32,TRADE
NSW1,2/09/2015 12:30,8176.14,38.01,TRADE
NSW1,2/09/2015 13:00,8058.16,36.65,TRADE
NSW1,2/09/2015 13:30,7948.94,37.95,TRADE
NSW1,2/09/2015 14:00,7889.98,37.54,TRADE
NSW1,2/09/2015 14:30,7902.07,40.42,TRADE
NSW1,2/09/2015 15:00,7904.18,38.7,TRADE
NSW1,2/09/2015 15:30,7942.63,41.58,TRADE
NSW1,2/09/2015 16:00,8067.0,42.24,TRADE
NSW1,2/09/2015 16:30,8262.94,42.34,TRADE
NSW1,2/09/2015 17:00,8513.85,48.46,TRADE
NSW1,2/09/2015 17:30,8850.35,46.78,TRADE
NSW1,2/09/2015 18:00,9484.07,65.09,TRADE
NSW1,2/09/2015 18:30,9859.42,148.16,TRADE
NSW1,2/09/2015 19:00,9895.63,54.93,TRADE
NSW1,2/09/2015 19:30,9717.76,48.86,TRADE
NSW1,2/09/2015 20:00,9525.79,49.18,TRADE
NSW1,2/09/2015 20:30,9353.22,45.07,TRADE
NSW1,2/09/2015 21:00,9109.3,40.95,TRADE
NSW1,2/09/2015 21:30,8854.32,41.12,TRADE
NSW1,2/09/2015 22:00,8528.69,36.77,TRADE
NSW1,2/09/2015 22:30,8476.12,44.46,TRADE
NSW1,2/09/2015 23:00,8196.08,39.24,TRADE
NSW1,2/09/2015 23:30,8135.44,44.6,TRADE
NSW1,3/09/2015 0:00,8047.49,37.29,TRADE
NSW1,3/09/2015 0:30,7879.88,39.4,TRADE
NSW1,3/09/2015 1:00,7676.93,38.06,TRADE
NSW1,3/09/2015 1:30,7490.55,37.73,TRADE
NSW1,3/09/2015 2:00,7236.74,37.22,TRADE
NSW1,3/09/2015 2:30,6887.69,37.31,TRADE
NSW1,3/09/2015 3:00,6632.34,35.88,TRADE
NSW1,3/09/2015 3:30,6403.91,33.57,TRADE
NSW1,3/09/2015 4:00,6281.89,33.36,TRADE
NSW1,3/09/2015 4:30,6260.19,34.51,TRADE
NSW1,3/09/2015 5:00,6339.06,31.82,TRADE
NSW1,3/09/2015 5:30,6655.32,33.95,TRADE
NSW1,3/09/2015 6:00,7085.57,33.91,TRADE
NSW1,3/09/2015 6:30,7833.82,35.27,TRADE
NSW1,3/09/2015 7:00,8500.81,43.44,TRADE
NSW1,3/09/2015 7:30,8691.09,41.43,TRADE
NSW1,3/09/2015 8:00,8796.43,45.15,TRADE
NSW1,3/09/2015 8:30,8745.13,43.61,TRADE
NSW1,3/09/2015 9:00,8615.0,39.02,TRADE
NSW1,3/09/2015 9:30,8633.3,37.49,TRADE
NSW1,3/09/2015 10:00,8570.31,38.39,TRADE
NSW1,3/09/2015 10:30,8607.0,42.71,TRADE
NSW1,3/09/2015 11:00,8572.76,40.47,TRADE
NSW1,3/09/2015 11:30,8441.68,36.24,TRADE
NSW1,3/09/2015 12:00,8408.52,36.05,TRADE
NSW1,3/09/2015 12:30,8296.12,32.73,TRADE
NSW1,3/09/2015 13:00,8265.28,35.96,TRADE
NSW1,3/09/2015 13:30,8223.73,34.22,TRADE
NSW1,3/09/2015 14:00,8183.22,34.72,TRADE
NSW1,3/09/2015 14:30,8228.5,34.7,TRADE
NSW1,3/09/2015 15:00,8245.9,35.43,TRADE
NSW1,3/09/2015 15:30,8180.98,35.86,TRADE
NSW1,3/09/2015 16:00,8310.0,39.61,TRADE
NSW1,3/09/2015 16:30,8459.61,37.73,TRADE
NSW1,3/09/2015 17:00,8687.25,40.26,TRADE
NSW1,3/09/2015 17:30,9019.66,41.33,TRADE
NSW1,3/09/2015 18:00,9550.22,57.64,TRADE
NSW1,3/09/2015 18:30,9957.26,63.64,TRADE
NSW1,3/09/2015 19:00,9920.83,61.7,TRADE
NSW1,3/09/2015 19:30,9667.04,44.88,TRADE
NSW1,3/09/2015 20:00,9490.02,46.36,TRADE
NSW1,3/09/2015 20:30,9419.34,47.26,TRADE
NSW1,3/09/2015 21:00,9179.91,38.49,TRADE
NSW1,3/09/2015 21:30,8966.81,37.1,TRADE
NSW1,3/09/2015 22:00,8638.73,36.87,TRADE
NSW1,3/09/2015 22:30,8597.65,44.31,TRADE
NSW1,3/09/2015 23:00,8390.43,39.08,TRADE
NSW1,3/09/2015 23:30,8285.04,37.77,TRADE
NSW1,4/09/2015 0:00,8184.94,37.63,TRADE
NSW1,4/09/2015 0:30,7963.35,37.52,TRADE
NSW1,4/09/2015 1:00,7801.69,38.26,TRADE
NSW1,4/09/2015 1:30,7628.88,37.52,TRADE
NSW1,4/09/2015 2:00,7418.75,37.64,TRADE
NSW1,4/09/2015 2:30,7041.45,39.53,TRADE
NSW1,4/09/2015 3:00,6818.02,39.22,TRADE
NSW1,4/09/2015 3:30,6625.89,37.35,TRADE
NSW1,4/09/2015 4:00,6482.97,34.73,TRADE
NSW1,4/09/2015 4:30,6508.59,35.27,TRADE
NSW1,4/09/2015 5:00,6571.34,38.28,TRADE
NSW1,4/09/2015 5:30,6899.49,41.43,TRADE
NSW1,4/09/2015 6:00,7290.28,44.95,TRADE
NSW1,4/09/2015 6:30,7995.95,38.6,TRADE
NSW1,4/09/2015 7:00,8640.76,52.35,TRADE
NSW1,4/09/2015 7:30,8893.55,47.12,TRADE
NSW1,4/09/2015 8:00,9148.09,54.2,TRADE
NSW1,4/09/2015 8:30,9146.52,42.46,TRADE
NSW1,4/09/2015 9:00,9018.34,41.18,TRADE
NSW1,4/09/2015 9:30,8981.64,40.03,TRADE
NSW1,4/09/2015 10:00,8897.31,37.7,TRADE
NSW1,4/09/2015 10:30,8818.89,40.79,TRADE
NSW1,4/09/2015 11:00,8693.37,42.42,TRADE
NSW1,4/09/2015 11:30,8523.73,41.99,TRADE
NSW1,4/09/2015 12:00,8434.56,41.97,TRADE
NSW1,4/09/2015 12:30,8374.19,41.65,TRADE
NSW1,4/09/2015 13:00,8251.37,41.23,TRADE
NSW1,4/09/2015 13:30,8151.54,40.11,TRADE
NSW1,4/09/2015 14:00,8006.66,37.59,TRADE
NSW1,4/09/2015 14:30,7911.29,39.75,TRADE
NSW1,4/09/2015 15:00,7857.78,41.21,TRADE
NSW1,4/09/2015 15:30,7915.72,39.74,TRADE
NSW1,4/09/2015 16:00,8008.6,40.53,TRADE
NSW1,4/09/2015 16:30,8164.32,40.33,TRADE
NSW1,4/09/2015 17:00,8404.78,37.48,TRADE
NSW1,4/09/2015 17:30,8670.82,42.14,TRADE
NSW1,4/09/2015 18:00,9189.56,73.48,TRADE
NSW1,4/09/2015 18:30,9479.93,116.63,TRADE
NSW1,4/09/2015 19:00,9500.38,129.48,TRADE
NSW1,4/09/2015 19:30,9320.64,53.55,TRADE
NSW1,4/09/2015 20:00,9055.33,45.86,TRADE
NSW1,4/09/2015 20:30,8948.35,48.9,TRADE
NSW1,4/09/2015 21:00,8751.7,51.15,TRADE
NSW1,4/09/2015 21:30,8596.86,51.77,TRADE
NSW1,4/09/2015 22:00,8390.34,41.05,TRADE
NSW1,4/09/2015 22:30,8462.94,58.67,TRADE
NSW1,4/09/2015 23:00,8283.18,46.14,TRADE
NSW1,4/09/2015 23:30,8188.7,39.68,TRADE
NSW1,5/09/2015 0:00,8094.94,38.01,TRADE
NSW1,5/09/2015 0:30,7965.86,37.6,TRADE
NSW1,5/09/2015 1:00,7756.45,38.2,TRADE
NSW1,5/09/2015 1:30,7578.17,40.73,TRADE
NSW1,5/09/2015 2:00,7311.36,40.78,TRADE
NSW1,5/09/2015 2:30,6938.6,38.92,TRADE
NSW1,5/09/2015 3:00,6700.88,37.39,TRADE
NSW1,5/09/2015 3:30,6480.97,38.79,TRADE
NSW1,5/09/2015 4:00,6333.02,37.49,TRADE
NSW1,5/09/2015 4:30,6295.95,36.52,TRADE
NSW1,5/09/2015 5:00,6281.72,37.03,TRADE
NSW1,5/09/2015 5:30,6399.14,41.22,TRADE
NSW1,5/09/2015 6:00,6573.61,37.8,TRADE
NSW1,5/09/2015 6:30,6880.21,36.12,TRADE
NSW1,5/09/2015 7:00,7166.85,37.81,TRADE
NSW1,5/09/2015 7:30,7430.67,40.5,TRADE
NSW1,5/09/2015 8:00,7731.77,41.42,TRADE
NSW1,5/09/2015 8:30,7952.18,42.11,TRADE
NSW1,5/09/2015 9:00,7966.68,41.4,TRADE
NSW1,5/09/2015 9:30,8017.8,42.67,TRADE
NSW1,5/09/2015 10:00,7862.62,41.87,TRADE
NSW1,5/09/2015 10:30,7783.81,41.09,TRADE
NSW1,5/09/2015 11:00,7571.35,38.45,TRADE
NSW1,5/09/2015 11:30,7348.47,37.72,TRADE
NSW1,5/09/2015 12:00,7262.27,37.74,TRADE
NSW1,5/09/2015 12:30,7187.26,40.91,TRADE
NSW1,5/09/2015 13:00,7128.77,41.91,TRADE
NSW1,5/09/2015 13:30,7074.01,42.18,TRADE
NSW1,5/09/2015 14:00,7038.25,41.93,TRADE
NSW1,5/09/2015 14:30,7013.44,41.03,TRADE
NSW1,5/09/2015 15:00,7019.77,38.12,TRADE
NSW1,5/09/2015 15:30,7098.54,40.7,TRADE
NSW1,5/09/2015 16:00,7259.55,43.3,TRADE
NSW1,5/09/2015 16:30,7436.92,41.77,TRADE
NSW1,5/09/2015 17:00,7645.86,43.54,TRADE
NSW1,5/09/2015 17:30,7908.88,42.31,TRADE
NSW1,5/09/2015 18:00,8394.85,82.85,TRADE
NSW1,5/09/2015 18:30,8844.39,192.46,TRADE
NSW1,5/09/2015 19:00,8817.05,58.72,TRADE
NSW1,5/09/2015 19:30,8597.83,48.44,TRADE
NSW1,5/09/2015 20:00,8469.03,58.96,TRADE
NSW1,5/09/2015 20:30,8340.04,42.0,TRADE
NSW1,5/09/2015 21:00,8252.39,42.86,TRADE
NSW1,5/09/2015 21:30,8051.29,43.11,TRADE
NSW1,5/09/2015 22:00,7914.09,41.09,TRADE
NSW1,5/09/2015 22:30,7911.71,50.98,TRADE
NSW1,5/09/2015 23:00,7799.68,45.57,TRADE
NSW1,5/09/2015 23:30,7695.2,43.62,TRADE
NSW1,6/09/2015 0:00,7554.35,40.69,TRADE
NSW1,6/09/2015 0:30,7325.04,42.34,TRADE
NSW1,6/09/2015 1:00,7104.71,41.98,TRADE
NSW1,6/09/2015 1:30,6937.07,42.18,TRADE
NSW1,6/09/2015 2:00,6720.43,40.98,TRADE
NSW1,6/09/2015 2:30,6416.84,41.01,TRADE
NSW1,6/09/2015 3:00,6270.71,40.88,TRADE
NSW1,6/09/2015 3:30,6051.25,37.47,TRADE
NSW1,6/09/2015 4:00,5976.77,36.8,TRADE
NSW1,6/09/2015 4:30,5960.19,36.36,TRADE
NSW1,6/09/2015 5:00,5922.75,35.44,TRADE
NSW1,6/09/2015 5:30,5955.25,35.91,TRADE
NSW1,6/09/2015 6:00,6058.02,33.58,TRADE
NSW1,6/09/2015 6:30,6224.43,27.89,TRADE
NSW1,6/09/2015 7:00,6453.16,31.07,TRADE
NSW1,6/09/2015 7:30,6731.05,33.25,TRADE
NSW1,6/09/2015 8:00,7098.03,39.16,TRADE
NSW1,6/09/2015 8:30,7453.73,41.53,TRADE
NSW1,6/09/2015 9:00,7697.51,43.51,TRADE
NSW1,6/09/2015 9:30,7882.2,45.81,TRADE
NSW1,6/09/2015 10:00,7927.89,45.26,TRADE
NSW1,6/09/2015 10:30,7923.34,44.63,TRADE
NSW1,6/09/2015 11:00,7883.68,41.53,TRADE
NSW1,6/09/2015 11:30,7778.72,40.83,TRADE
NSW1,6/09/2015 12:00,7652.09,37.83,TRADE
NSW1,6/09/2015 12:30,7594.49,36.47,TRADE
NSW1,6/09/2015 13:00,7426.69,35.68,TRADE
NSW1,6/09/2015 13:30,7344.77,34.64,TRADE
NSW1,6/09/2015 14:00,7173.56,33.16,TRADE
NSW1,6/09/2015 14:30,7193.06,34.13,TRADE
NSW1,6/09/2015 15:00,7282.13,36.42,TRADE
NSW1,6/09/2015 15:30,7344.16,37.88,TRADE
NSW1,6/09/2015 16:00,7443.21,39.24,TRADE
NSW1,6/09/2015 16:30,7627.54,39.11,TRADE
NSW1,6/09/2015 17:00,7894.46,39.6,TRADE
NSW1,6/09/2015 17:30,8199.2,41.59,TRADE
NSW1,6/09/2015 18:00,8681.45,47.73,TRADE
NSW1,6/09/2015 18:30,9002.74,74.75,TRADE
NSW1,6/09/2015 19:00,9002.3,53.61,TRADE
NSW1,6/09/2015 19:30,8792.03,39.93,TRADE
NSW1,6/09/2015 20:00,8618.41,37.5,TRADE
NSW1,6/09/2015 20:30,8499.26,37.96,TRADE
NSW1,6/09/2015 21:00,8344.98,39.14,TRADE
NSW1,6/09/2015 21:30,8192.73,37.08,TRADE
NSW1,6/09/2015 22:00,7940.42,35.6,TRADE
NSW1,6/09/2015 22:30,7874.56,38.51,TRADE
NSW1,6/09/2015 23:00,7589.14,34.84,TRADE
NSW1,6/09/2015 23:30,7466.03,35.4,TRADE
NSW1,7/09/2015 0:00,7342.59,35.36,TRADE
NSW1,7/09/2015 0:30,7064.9,36.05,TRADE
NSW1,7/09/2015 1:00,6818.54,36.2,TRADE
NSW1,7/09/2015 1:30,6693.17,32.94,TRADE
NSW1,7/09/2015 2:00,6528.3,30.5,TRADE
NSW1,7/09/2015 2:30,6205.24,24.51,TRADE
NSW1,7/09/2015 3:00,6045.84,26.34,TRADE
NSW1,7/09/2015 3:30,5890.22,25.45,TRADE
NSW1,7/09/2015 4:00,5826.27,25.39,TRADE
NSW1,7/09/2015 4:30,5862.88,25.34,TRADE
NSW1,7/09/2015 5:00,5965.17,26.37,TRADE
NSW1,7/09/2015 5:30,6268.16,32.12,TRADE
NSW1,7/09/2015 6:00,6729.64,33.34,TRADE
NSW1,7/09/2015 6:30,7401.07,34.68,TRADE
NSW1,7/09/2015 7:00,8061.61,39.46,TRADE
NSW1,7/09/2015 7:30,8353.4,41.32,TRADE
NSW1,7/09/2015 8:00,8541.31,40.86,TRADE
NSW1,7/09/2015 8:30,8441.0,38.44,TRADE
NSW1,7/09/2015 9:00,8242.77,35.2,TRADE
NSW1,7/09/2015 9:30,8093.01,34.54,TRADE
NSW1,7/09/2015 10:00,7739.25,32.55,TRADE
NSW1,7/09/2015 10:30,7925.8,34.49,TRADE
NSW1,7/09/2015 11:00,7833.29,35.83,TRADE
NSW1,7/09/2015 11:30,7755.77,36.51,TRADE
NSW1,7/09/2015 12:00,7719.39,37.38,TRADE
NSW1,7/09/2015 12:30,7698.11,38.03,TRADE
NSW1,7/09/2015 13:00,7716.54,37.39,TRADE
NSW1,7/09/2015 13:30,7735.37,37.87,TRADE
NSW1,7/09/2015 14:00,7752.0,37.89,TRADE
NSW1,7/09/2015 14:30,7779.88,38.77,TRADE
NSW1,7/09/2015 15:00,7805.78,38.53,TRADE
NSW1,7/09/2015 15:30,7764.25,36.51,TRADE
NSW1,7/09/2015 16:00,7912.83,38.97,TRADE
NSW1,7/09/2015 16:30,8011.52,36.82,TRADE
NSW1,7/09/2015 17:00,8189.18,37.02,TRADE
NSW1,7/09/2015 17:30,8436.51,37.75,TRADE
NSW1,7/09/2015 18:00,8966.15,41.77,TRADE
NSW1,7/09/2015 18:30,9388.55,85.83,TRADE
NSW1,7/09/2015 19:00,9389.74,103.81,TRADE
NSW1,7/09/2015 19:30,9198.31,47.39,TRADE
NSW1,7/09/2015 20:00,9054.03,45.04,TRADE
NSW1,7/09/2015 20:30,8843.5,41.12,TRADE
NSW1,7/09/2015 21:00,8650.14,40.32,TRADE
NSW1,7/09/2015 21:30,8450.72,37.42,TRADE
NSW1,7/09/2015 22:00,8128.64,33.97,TRADE
NSW1,7/09/2015 22:30,8101.82,40.63,TRADE
NSW1,7/09/2015 23:00,7902.57,35.28,TRADE
NSW1,7/09/2015 23:30,7795.83,34.28,TRADE
NSW1,8/09/2015 0:00,7726.45,34.45,TRADE
NSW1,8/09/2015 0:30,7536.58,33.49,TRADE
NSW1,8/09/2015 1:00,7336.0,29.87,TRADE
NSW1,8/09/2015 1:30,7102.8,29.46,TRADE
NSW1,8/09/2015 2:00,6985.15,31.37,TRADE
NSW1,8/09/2015 2:30,6706.36,33.62,TRADE
NSW1,8/09/2015 3:00,6451.31,32.08,TRADE
NSW1,8/09/2015 3:30,6251.12,33.89,TRADE
NSW1,8/09/2015 4:00,6144.78,33.01,TRADE
NSW1,8/09/2015 4:30,6139.4,31.6,TRADE
NSW1,8/09/2015 5:00,6251.02,33.22,TRADE
NSW1,8/09/2015 5:30,6575.75,37.46,TRADE
NSW1,8/09/2015 6:00,7011.77,39.58,TRADE
NSW1,8/09/2015 6:30,7836.57,41.03,TRADE
NSW1,8/09/2015 7:00,8518.35,49.55,TRADE
NSW1,8/09/2015 7:30,8713.06,46.45,TRADE
NSW1,8/09/2015 8:00,8903.49,52.35,TRADE
NSW1,8/09/2015 8:30,8784.96,46.18,TRADE
NSW1,8/09/2015 9:00,8582.45,41.01,TRADE
NSW1,8/09/2015 9:30,8561.91,39.37,TRADE
NSW1,8/09/2015 10:00,8379.54,37.09,TRADE
NSW1,8/09/2015 10:30,8326.46,36.97,TRADE
NSW1,8/09/2015 11:00,8137.22,36.75,TRADE
NSW1,8/09/2015 11:30,7972.91,37.77,TRADE
NSW1,8/09/2015 12:00,7916.15,37.73,TRADE
NSW1,8/09/2015 12:30,7860.29,37.84,TRADE
NSW1,8/09/2015 13:00,7849.74,39.38,TRADE
NSW1,8/09/2015 13:30,7766.46,37.51,TRADE
NSW1,8/09/2015 14:00,7786.86,37.12,TRADE
NSW1,8/09/2015 14:30,7864.46,38.82,TRADE
NSW1,8/09/2015 15:00,7887.61,37.98,TRADE
NSW1,8/09/2015 15:30,7914.84,37.45,TRADE
NSW1,8/09/2015 16:00,8021.86,37.85,TRADE
NSW1,8/09/2015 16:30,8153.16,38.6,TRADE
NSW1,8/09/2015 17:00,8335.73,41.14,TRADE
NSW1,8/09/2015 17:30,8605.92,40.25,TRADE
NSW1,8/09/2015 18:00,9195.28,47.76,TRADE
NSW1,8/09/2015 18:30,9633.88,65.87,TRADE
NSW1,8/09/2015 19:00,9706.11,75.15,TRADE
NSW1,8/09/2015 19:30,9456.87,48.6,TRADE
NSW1,8/09/2015 20:00,9234.16,51.42,TRADE
NSW1,8/09/2015 20:30,9061.84,47.49,TRADE
NSW1,8/09/2015 21:00,8898.57,43.2,TRADE
NSW1,8/09/2015 21:30,8628.34,40.82,TRADE
NSW1,8/09/2015 22:00,8343.39,37.2,TRADE
NSW1,8/09/2015 22:30,8339.57,40.93,TRADE
NSW1,8/09/2015 23:00,8101.24,37.63,TRADE
NSW1,8/09/2015 23:30,8030.26,36.43,TRADE
NSW1,9/09/2015 0:00,7919.16,37.16,TRADE
NSW1,9/09/2015 0:30,7695.8,38.79,TRADE
NSW1,9/09/2015 1:00,7551.67,38.32,TRADE
NSW1,9/09/2015 1:30,7413.74,37.38,TRADE
NSW1,9/09/2015 2:00,7205.25,37.44,TRADE
NSW1,9/09/2015 2:30,6878.71,38.0,TRADE
NSW1,9/09/2015 3:00,6618.37,37.52,TRADE
NSW1,9/09/2015 3:30,6454.73,37.81,TRADE
NSW1,9/09/2015 4:00,6382.83,36.89,TRADE
NSW1,9/09/2015 4:30,6318.64,38.55,TRADE
NSW1,9/09/2015 5:00,6463.04,41.97,TRADE
NSW1,9/09/2015 5:30,6763.68,46.98,TRADE
NSW1,9/09/2015 6:00,7232.48,37.49,TRADE
NSW1,9/09/2015 6:30,7891.29,39.5,TRADE
NSW1,9/09/2015 7:00,8624.58,45.04,TRADE
NSW1,9/09/2015 7:30,8830.94,43.23,TRADE
NSW1,9/09/2015 8:00,8892.11,46.18,TRADE
NSW1,9/09/2015 8:30,8821.88,43.36,TRADE
NSW1,9/09/2015 9:00,8549.12,41.24,TRADE
NSW1,9/09/2015 9:30,8426.91,42.25,TRADE
NSW1,9/09/2015 10:00,8255.56,40.12,TRADE
NSW1,9/09/2015 10:30,8193.08,41.17,TRADE
NSW1,9/09/2015 11:00,8038.33,39.26,TRADE
NSW1,9/09/2015 11:30,7935.15,36.1,TRADE
NSW1,9/09/2015 12:00,7758.46,35.92,TRADE
NSW1,9/09/2015 12:30,7701.04,37.98,TRADE
NSW1,9/09/2015 13:00,7654.98,37.74,TRADE
NSW1,9/09/2015 13:30,7569.6,38.06,TRADE
NSW1,9/09/2015 14:00,7589.8,37.84,TRADE
NSW1,9/09/2015 14:30,7624.94,37.94,TRADE
NSW1,9/09/2015 15:00,7602.44,37.73,TRADE
NSW1,9/09/2015 15:30,7622.32,36.53,TRADE
NSW1,9/09/2015 16:00,7721.06,38.51,TRADE
NSW1,9/09/2015 16:30,7924.55,36.34,TRADE
NSW1,9/09/2015 17:00,8181.32,36.96,TRADE
NSW1,9/09/2015 17:30,8486.51,38.72,TRADE
NSW1,9/09/2015 18:00,8981.23,39.38,TRADE
NSW1,9/09/2015 18:30,9474.22,59.13,TRADE
NSW1,9/09/2015 19:00,9496.9,55.78,TRADE
NSW1,9/09/2015 19:30,9320.03,45.05,TRADE
NSW1,9/09/2015 20:00,9155.16,45.26,TRADE
NSW1,9/09/2015 20:30,9005.29,43.79,TRADE
NSW1,9/09/2015 21:00,8829.27,39.93,TRADE
NSW1,9/09/2015 21:30,8590.8,39.61,TRADE
NSW1,9/09/2015 22:00,8344.64,37.03,TRADE
NSW1,9/09/2015 22:30,8352.16,44.45,TRADE
NSW1,9/09/2015 23:00,8088.75,37.44,TRADE
NSW1,9/09/2015 23:30,8017.77,37.48,TRADE
NSW1,10/09/2015 0:00,7914.8,39.04,TRADE
NSW1,10/09/2015 0:30,7712.81,45.36,TRADE
NSW1,10/09/2015 1:00,7539.69,44.13,TRADE
NSW1,10/09/2015 1:30,7422.0,41.94,TRADE
NSW1,10/09/2015 2:00,7166.76,42.1,TRADE
NSW1,10/09/2015 2:30,6865.84,41.9,TRADE
NSW1,10/09/2015 3:00,6593.19,41.9,TRADE
NSW1,10/09/2015 3:30,6396.4,41.9,TRADE
NSW1,10/09/2015 4:00,6270.79,41.88,TRADE
NSW1,10/09/2015 4:30,6266.98,40.22,TRADE
NSW1,10/09/2015 5:00,6398.75,38.54,TRADE
NSW1,10/09/2015 5:30,6735.21,42.07,TRADE
NSW1,10/09/2015 6:00,7135.41,42.67,TRADE
NSW1,10/09/2015 6:30,7859.98,44.87,TRADE
NSW1,10/09/2015 7:00,8501.65,64.31,TRADE
NSW1,10/09/2015 7:30,8714.83,49.54,TRADE
NSW1,10/09/2015 8:00,8858.6,58.36,TRADE
NSW1,10/09/2015 8:30,8808.16,59.24,TRADE
NSW1,10/09/2015 9:00,8552.89,44.92,TRADE
NSW1,10/09/2015 9:30,8386.39,43.79,TRADE
NSW1,10/09/2015 10:00,8280.42,41.86,TRADE
NSW1,10/09/2015 10:30,8165.03,41.23,TRADE
NSW1,10/09/2015 11:00,8116.32,40.8,TRADE
NSW1,10/09/2015 11:30,7991.54,39.41,TRADE
NSW1,10/09/2015 12:00,7910.16,37.59,TRADE
NSW1,10/09/2015 12:30,7949.1,40.24,TRADE
NSW1,10/09/2015 13:00,7931.34,41.95,TRADE
NSW1,10/09/2015 13:30,7921.5,41.88,TRADE
NSW1,10/09/2015 14:00,7874.1,41.78,TRADE
NSW1,10/09/2015 14:30,7836.09,41.55,TRADE
NSW1,10/09/2015 15:00,7810.07,41.38,TRADE
NSW1,10/09/2015 15:30,7734.91,40.55,TRADE
NSW1,10/09/2015 16:00,7872.74,41.5,TRADE
NSW1,10/09/2015 16:30,7992.58,40.77,TRADE
NSW1,10/09/2015 17:00,8144.57,41.13,TRADE
NSW1,10/09/2015 17:30,8413.22,40.53,TRADE
NSW1,10/09/2015 18:00,8922.59,45.78,TRADE
NSW1,10/09/2015 18:30,9394.49,90.0,TRADE
NSW1,10/09/2015 19:00,9518.95,144.19,TRADE
NSW1,10/09/2015 19:30,9264.87,58.27,TRADE
NSW1,10/09/2015 20:00,9104.05,50.76,TRADE
NSW1,10/09/2015 20:30,8992.85,69.24,TRADE
NSW1,10/09/2015 21:00,8799.55,51.29,TRADE
NSW1,10/09/2015 21:30,8566.06,43.34,TRADE
NSW1,10/09/2015 22:00,8343.46,38.31,TRADE
NSW1,10/09/2015 22:30,8296.79,41.55,TRADE
NSW1,10/09/2015 23:00,8115.73,40.18,TRADE
NSW1,10/09/2015 23:30,8049.65,43.42,TRADE
NSW1,11/09/2015 0:00,7982.14,41.88,TRADE
NSW1,11/09/2015 0:30,7770.77,40.84,TRADE
NSW1,11/09/2015 1:00,7574.1,40.51,TRADE
NSW1,11/09/2015 1:30,7349.57,37.44,TRADE
NSW1,11/09/2015 2:00,7123.29,39.12,TRADE
NSW1,11/09/2015 2:30,6770.28,37.77,TRADE
NSW1,11/09/2015 3:00,6495.67,37.01,TRADE
NSW1,11/09/2015 3:30,6306.02,37.53,TRADE
NSW1,11/09/2015 4:00,6203.3,37.33,TRADE
NSW1,11/09/2015 4:30,6195.02,36.54,TRADE
NSW1,11/09/2015 5:00,6293.11,37.34,TRADE
NSW1,11/09/2015 5:30,6593.78,40.28,TRADE
NSW1,11/09/2015 6:00,7031.15,39.97,TRADE
NSW1,11/09/2015 6:30,7709.54,36.4,TRADE
NSW1,11/09/2015 7:00,8243.33,43.75,TRADE
NSW1,11/09/2015 7:30,8410.82,40.87,TRADE
NSW1,11/09/2015 8:00,8561.2,43.62,TRADE
NSW1,11/09/2015 8:30,8504.17,40.53,TRADE
NSW1,11/09/2015 9:00,8225.25,37.5,TRADE
NSW1,11/09/2015 9:30,8131.81,37.67,TRADE
NSW1,11/09/2015 10:00,8058.15,37.8,TRADE
NSW1,11/09/2015 10:30,8033.65,37.52,TRADE
NSW1,11/09/2015 11:00,7904.75,36.5,TRADE
NSW1,11/09/2015 11:30,7750.1,34.83,TRADE
NSW1,11/09/2015 12:00,7696.81,35.33,TRADE
NSW1,11/09/2015 12:30,7603.19,33.46,TRADE
NSW1,11/09/2015 13:00,7513.91,31.48,TRADE
NSW1,11/09/2015 13:30,7555.65,34.37,TRADE
NSW1,11/09/2015 14:00,7474.3,30.27,TRADE
NSW1,11/09/2015 14:30,7460.97,31.43,TRADE
NSW1,11/09/2015 15:00,7455.95,36.18,TRADE
NSW1,11/09/2015 15:30,7497.08,36.89,TRADE
NSW1,11/09/2015 16:00,7637.12,38.76,TRADE
NSW1,11/09/2015 16:30,7785.4,41.72,TRADE
NSW1,11/09/2015 17:00,7982.71,39.6,TRADE
NSW1,11/09/2015 17:30,8143.4,38.81,TRADE
NSW1,11/09/2015 18:00,8466.71,45.63,TRADE
NSW1,11/09/2015 18:30,8779.72,69.24,TRADE
NSW1,11/09/2015 19:00,8814.84,60.15,TRADE
NSW1,11/09/2015 19:30,8586.82,47.23,TRADE
NSW1,11/09/2015 20:00,8399.54,44.13,TRADE
NSW1,11/09/2015 20:30,8270.48,41.36,TRADE
NSW1,11/09/2015 21:00,8120.89,41.6,TRADE
NSW1,11/09/2015 21:30,8007.1,36.72,TRADE
NSW1,11/09/2015 22:00,7818.0,36.69,TRADE
NSW1,11/09/2015 22:30,7869.77,42.77,TRADE
NSW1,11/09/2015 23:00,7806.94,38.54,TRADE
NSW1,11/09/2015 23:30,7840.63,40.36,TRADE
NSW1,12/09/2015 0:00,7808.91,42.16,TRADE
NSW1,12/09/2015 0:30,7638.42,37.96,TRADE
NSW1,12/09/2015 1:00,7414.56,39.77,TRADE
NSW1,12/09/2015 1:30,7220.17,37.17,TRADE
NSW1,12/09/2015 2:00,6966.38,37.64,TRADE
NSW1,12/09/2015 2:30,6599.43,36.22,TRADE
NSW1,12/09/2015 3:00,6361.43,34.89,TRADE
NSW1,12/09/2015 3:30,6126.4,36.94,TRADE
NSW1,12/09/2015 4:00,6008.1,37.36,TRADE
NSW1,12/09/2015 4:30,5941.21,38.15,TRADE
NSW1,12/09/2015 5:00,6023.36,40.34,TRADE
NSW1,12/09/2015 5:30,6143.69,41.81,TRADE
NSW1,12/09/2015 6:00,6302.88,41.71,TRADE
NSW1,12/09/2015 6:30,6533.63,39.71,TRADE
NSW1,12/09/2015 7:00,6811.52,41.97,TRADE
NSW1,12/09/2015 7:30,6971.84,41.6,TRADE
NSW1,12/09/2015 8:00,7217.63,40.92,TRADE
NSW1,12/09/2015 8:30,7458.1,42.13,TRADE
NSW1,12/09/2015 9:00,7500.95,39.74,TRADE
NSW1,12/09/2015 9:30,7569.54,41.8,TRADE
NSW1,12/09/2015 10:00,7448.54,37.42,TRADE
NSW1,12/09/2015 10:30,7357.69,37.95,TRADE
NSW1,12/09/2015 11:00,7179.39,37.22,TRADE
NSW1,12/09/2015 11:30,7018.29,37.54,TRADE
NSW1,12/09/2015 12:00,6946.15,38.32,TRADE
NSW1,12/09/2015 12:30,6883.91,38.46,TRADE
NSW1,12/09/2015 13:00,6811.56,36.33,TRADE
NSW1,12/09/2015 13:30,6760.89,36.37,TRADE
NSW1,12/09/2015 14:00,6731.86,36.7,TRADE
NSW1,12/09/2015 14:30,6725.85,37.51,TRADE
NSW1,12/09/2015 15:00,6790.14,35.69,TRADE
NSW1,12/09/2015 15:30,6832.15,34.9,TRADE
NSW1,12/09/2015 16:00,6932.04,38.5,TRADE
NSW1,12/09/2015 16:30,7064.42,40.32,TRADE
NSW1,12/09/2015 17:00,7258.97,41.74,TRADE
NSW1,12/09/2015 17:30,7354.28,39.76,TRADE
NSW1,12/09/2015 18:00,7674.37,54.03,TRADE
NSW1,12/09/2015 18:30,8065.7,72.11,TRADE
NSW1,12/09/2015 19:00,8087.62,54.12,TRADE
NSW1,12/09/2015 19:30,7885.88,40.09,TRADE
NSW1,12/09/2015 20:00,7716.1,44.92,TRADE
NSW1,12/09/2015 20:30,7698.73,44.54,TRADE
NSW1,12/09/2015 21:00,7521.08,40.78,TRADE
NSW1,12/09/2015 21:30,7447.24,37.33,TRADE
NSW1,12/09/2015 22:00,7278.85,37.37,TRADE
NSW1,12/09/2015 22:30,7359.45,42.14,TRADE
NSW1,12/09/2015 23:00,7295.72,38.84,TRADE
NSW1,12/09/2015 23:30,7269.8,38.96,TRADE
NSW1,13/09/2015 0:00,7134.64,37.77,TRADE
NSW1,13/09/2015 0:30,6962.65,38.36,TRADE
NSW1,13/09/2015 1:00,6718.65,37.81,TRADE
NSW1,13/09/2015 1:30,6541.67,37.33,TRADE
NSW1,13/09/2015 2:00,6350.74,37.12,TRADE
NSW1,13/09/2015 2:30,6072.15,36.45,TRADE
NSW1,13/09/2015 3:00,5927.75,35.22,TRADE
NSW1,13/09/2015 3:30,5768.02,33.86,TRADE
NSW1,13/09/2015 4:00,5693.56,34.03,TRADE
NSW1,13/09/2015 4:30,5676.57,34.92,TRADE
NSW1,13/09/2015 5:00,5699.6,34.27,TRADE
NSW1,13/09/2015 5:30,5775.65,32.76,TRADE
NSW1,13/09/2015 6:00,5937.1,31.77,TRADE
NSW1,13/09/2015 6:30,6041.77,27.01,TRADE
NSW1,13/09/2015 7:00,6272.08,30.71,TRADE
NSW1,13/09/2015 7:30,6466.41,31.41,TRADE
NSW1,13/09/2015 8:00,6664.59,31.44,TRADE
NSW1,13/09/2015 8:30,6876.92,33.58,TRADE
NSW1,13/09/2015 9:00,6975.42,34.18,TRADE
NSW1,13/09/2015 9:30,7082.42,35.98,TRADE
NSW1,13/09/2015 10:00,7082.44,37.21,TRADE
