pred,true
42.738128662109375,30.389999389648438
42.738128662109375,25.190000534057617
42.738128662109375,24.799999237060547
42.738128662109375,25.200000762939453
42.738128662109375,25.450000762939453
42.738128662109375,25.399999618530273
42.738128662109375,27.329999923706055
42.738128662109375,33.65999984741211
42.738128662109375,34.060001373291016
42.738128662109375,41.880001068115234
42.738128662109375,47.06999969482422
42.738128662109375,49.650001525878906
42.738128662109375,47.220001220703125
42.738128662109375,48.290000915527344
42.738128662109375,49.470001220703125
42.738128662109375,47.790000915527344
42.738128662109375,47.36000061035156
42.738128662109375,46.11000061035156
42.738128662109375,47.56999969482422
42.738128662109375,46.099998474121094
42.738128662109375,43.2400016784668
42.738128662109375,44.380001068115234
42.738128662109375,48.34000015258789
42.738128662109375,47.41999816894531
42.738128662109375,46.150001525878906
42.738128662109375,44.0099983215332
42.738128662109375,41.900001525878906
42.738128662109375,44.11000061035156
42.738128662109375,43.220001220703125
42.738128662109375,42.08000183105469
42.738128662109375,41.880001068115234
42.738128662109375,41.959999084472656
42.738128662109375,41.959999084472656
42.738128662109375,41.959999084472656
42.738128662109375,40.72999954223633
42.738128662109375,41.959999084472656
42.738128662109375,41.959999084472656
42.738128662109375,40.400001525878906
42.738128662109375,37.22999954223633
42.738128662109375,35.04999923706055
42.738128662109375,35.029998779296875
42.738128662109375,32.95000076293945
42.738128662109375,34.5
42.738128662109375,35.959999084472656
42.738128662109375,35.650001525878906
42.738128662109375,34.97999954223633
42.738128662109375,35.31999969482422
42.738128662109375,36.880001068115234
34.06014633178711,34.15999984741211
41.879722595214844,28.989999771118164
47.070335388183594,25.34000015258789
49.650081634521484,25.299999237060547
47.22016906738281,25.389999389648438
48.28999710083008,25.459999084472656
49.4698486328125,29.18000030517578
47.78982925415039,39.81999969482422
47.35987091064453,47.209999084472656
46.10980987548828,42.7599983215332
47.56978225708008,43.560001373291016
46.099674224853516,45.369998931884766
43.23980712890625,41.900001525878906
44.379844665527344,41.869998931884766
48.339942932128906,41.959999084472656
47.41994857788086,40.959999084472656
46.15034484863281,42.0
44.00996780395508,41.93000030517578
41.89999008178711,42.150001525878906
44.10985565185547,41.939998626708984
43.22026443481445,41.959999084472656
42.08022689819336,42.150001525878906
41.879722595214844,41.959999084472656
41.96006774902344,41.720001220703125
41.96006774902344,39.119998931884766
41.96006774902344,38.709999084472656
40.73027801513672,36.9900016784668
41.96006774902344,39.38999938964844
41.96006774902344,40.9900016784668
40.40020751953125,43.150001525878906
37.22981643676758,42.09000015258789
35.050350189208984,43.150001525878906
35.03008270263672,40.5099983215332
32.94978713989258,40.209999084472656
34.50023651123047,39.41999816894531
35.96021270751953,42.54999923706055
35.64968490600586,40.650001525878906
34.980140686035156,36.9900016784668
35.320343017578125,35.08000183105469
36.88020324707031,34.56999969482422
34.06014633178711,33.130001068115234
41.879722595214844,33.83000183105469
47.070335388183594,34.84000015258789
49.650081634521484,36.279998779296875
47.22016906738281,37.90999984741211
48.28999710083008,36.47999954223633
49.4698486328125,36.22999954223633
47.78982925415039,35.97999954223633
38.19354248046875,32.290000915527344
38.19354248046875,25.190000534057617
38.19354248046875,25.440000534057617
38.19354248046875,27.780000686645508
38.19354248046875,24.209999084472656
38.19354248046875,26.90999984741211
38.19354248046875,37.040000915527344
38.19354248046875,40.59000015258789
38.19354248046875,44.369998931884766
38.19354248046875,38.779998779296875
38.19354248046875,41.20000076293945
38.19354248046875,48.13999938964844
38.19354248046875,46.84000015258789
38.19354248046875,47.97999954223633
38.19354248046875,48.970001220703125
38.19354248046875,49.099998474121094
38.19354248046875,49.11000061035156
38.19354248046875,49.09000015258789
38.19354248046875,48.09000015258789
38.19354248046875,48.09000015258789
38.19354248046875,43.40999984741211
38.19354248046875,41.7599983215332
38.19354248046875,43.119998931884766
38.19354248046875,43.119998931884766
38.19354248046875,41.959999084472656
38.19354248046875,41.959999084472656
38.19354248046875,41.880001068115234
38.19354248046875,41.65999984741211
38.19354248046875,47.54999923706055
38.19354248046875,48.9900016784668
38.19354248046875,44.15999984741211
38.19354248046875,38.209999084472656
38.19354248046875,37.5
38.19354248046875,37.380001068115234
38.19354248046875,38.779998779296875
38.19354248046875,41.310001373291016
38.19354248046875,40.70000076293945
38.19354248046875,39.33000183105469
38.19354248046875,35.41999816894531
38.19354248046875,34.09000015258789
38.19354248046875,33.97999954223633
38.19354248046875,33.79999923706055
38.19354248046875,37.540000915527344
38.19354248046875,32.349998474121094
38.19354248046875,34.16999816894531
38.19354248046875,35.849998474121094
38.19354248046875,36.630001068115234
38.19354248046875,34.63999938964844
44.370323181152344,31.670000076293945
38.78031921386719,26.8700008392334
41.19969940185547,24.360000610351562
48.140167236328125,25.280000686645508
46.84014892578125,24.489999771118164
47.97996520996094,25.459999084472656
48.96980667114258,25.469999313354492
49.100013732910156,27.440000534057617
49.11023712158203,34.290000915527344
49.089786529541016,36.04999923706055
48.0897216796875,38.779998779296875
48.0897216796875,40.029998779296875
43.40979766845703,41.5099983215332
41.76006317138672,44.34000015258789
43.12007141113281,45.16999816894531
43.12007141113281,42.88999938964844
41.95980453491211,43.939998626708984
41.95980453491211,39.7400016784668
41.880043029785156,38.900001525878906
41.65985107421875,37.279998779296875
47.549808502197266,35.959999084472656
48.990257263183594,35.97999954223633
44.15967559814453,35.459999084472656
38.2097282409668,29.389999389648438
37.50007247924805,33.95000076293945
37.38009262084961,34.130001068115234
38.78031921386719,35.619998931884766
41.31013488769531,37.11000061035156
40.700008392333984,35.97999954223633
39.329776763916016,40.790000915527344
35.42018127441406,35.63999938964844
34.09016799926758,36.5
33.979732513427734,36.16999816894531
33.79976272583008,36.72999954223633
37.54029083251953,38.0099983215332
32.349769592285156,40.9900016784668
34.16992950439453,40.2400016784668
35.850337982177734,37.439998626708984
36.630210876464844,35.689998626708984
34.64030838012695,35.290000915527344
44.370323181152344,32.720001220703125
38.78031921386719,32.02000045776367
41.19969940185547,34.150001525878906
48.140167236328125,31.43000030517578
46.84014892578125,29.959999084472656
47.97996520996094,27.299999237060547
48.96980667114258,31.010000228881836
49.100013732910156,30.950000762939453
34.28995132446289,24.280000686645508
36.04974365234375,23.34000015258789
38.780067443847656,19.270000457763672
40.03004455566406,18.959999084472656
41.509849548339844,18.959999084472656
44.33997344970703,18.959999084472656
45.17023468017578,23.469999313354492
42.88984298706055,23.110000610351562
43.940216064453125,23.989999771118164
39.73980712890625,24.209999084472656
38.89982986450195,25.450000762939453
37.27976608276367,25.459999084472656
35.96018981933594,25.299999237060547
35.98015213012695,25.469999313354492
35.46009063720703,25.469999313354492
29.38983154296875,25.760000228881836
33.950077056884766,25.469999313354492
34.13026428222656,25.469999313354492
35.61977767944336,26.459999084472656
37.10982894897461,25.479999542236328
35.98015213012695,25.6200008392334
40.79017639160156,26.3799991607666
35.63973617553711,25.670000076293945
36.500213623046875,26.200000762939453
36.170047760009766,29.90999984741211
36.73003005981445,30.799999237060547
38.010223388671875,31.649999618530273
40.989784240722656,34.099998474121094
40.239906311035156,33.97999954223633
37.43999099731445,35.880001068115234
35.689910888671875,34.459999084472656
35.29015350341797,34.90999984741211
32.72005844116211,35.099998474121094
32.01980972290039,37.849998474121094
34.15022659301758,37.91999816894531
31.43015480041504,47.119998931884766
29.960063934326172,40.47999954223633
27.299875259399414,37.93000030517578
31.009897232055664,35.54999923706055
30.950016021728516,35.77000045776367
34.28995132446289,34.959999084472656
36.04974365234375,29.959999084472656
38.780067443847656,32.349998474121094
40.03004455566406,27.1200008392334
41.509849548339844,25.65999984741211
44.33997344970703,27.219999313354492
45.17023468017578,27.31999969482422
42.88984298706055,32.04999923706055
23.990203857421875,25.459999084472656
24.20973777770996,24.399999618530273
25.449893951416016,24.31999969482422
25.460289001464844,24.389999389648438
25.300071716308594,24.5
25.470073699951172,25.459999084472656
25.470073699951172,24.950000762939453
25.759931564331055,25.450000762939453
25.470073699951172,33.790000915527344
25.470073699951172,37.91999816894531
26.46011734008789,45.59000015258789
25.4798583984375,45.189998626708984
25.61989402770996,41.529998779296875
26.3800106048584,42.0099983215332
25.670040130615234,42.38999938964844
26.200223922729492,40.40999984741211
29.910293579101562,42.790000915527344
30.800048828125,44.7599983215332
31.650056838989258,42.0099983215332
34.09979248046875,39.61000061035156
33.97993469238281,40.33000183105469
35.879913330078125,43.20000076293945
34.45997619628906,45.81999969482422
34.91004943847656,41.470001220703125
35.1002311706543,40.709999084472656
37.8502197265625,37.970001220703125
37.9199333190918,37.15999984741211
47.12019348144531,38.09000015258789
40.479740142822266,38.81999969482422
37.929718017578125,41.06999969482422
35.54969787597656,41.58000183105469
35.76984405517578,44.66999816894531
34.9601936340332,46.04999923706055
29.95982551574707,43.93000030517578
32.350242614746094,41.709999084472656
27.119943618774414,43.400001525878906
25.660255432128906,40.79999923706055
27.220233917236328,37.400001525878906
27.319910049438477,36.470001220703125
32.04998779296875,35.5099983215332
23.990203857421875,35.20000076293945
24.20973777770996,31.010000228881836
25.449893951416016,34.970001220703125
25.460289001464844,31.1299991607666
25.300071716308594,25.670000076293945
25.470073699951172,28.170000076293945
25.470073699951172,25.84000015258789
25.759931564331055,25.40999984741211
33.7897834777832,22.989999771118164
37.92007827758789,19.850000381469727
45.590003967285156,18.959999084472656
45.190155029296875,18.959999084472656
41.53035354614258,18.959999084472656
42.01031494140625,18.959999084472656
42.3897705078125,25.200000762939453
40.41020202636719,25.479999542236328
42.79034423828125,31.829999923706055
44.75971984863281,35.369998931884766
42.01031494140625,39.150001525878906
39.609779357910156,48.56999969482422
40.33008575439453,38.04999923706055
43.19966125488281,35.91999816894531
45.820152282714844,35.959999084472656
41.46990203857422,35.16999816894531
40.71026611328125,35.52000045776367
37.970333099365234,36.06999969482422
37.15971374511719,39.5099983215332
38.089778900146484,41.0099983215332
38.820281982421875,37.900001525878906
41.0700569152832,37.61000061035156
41.57987976074219,37.18000030517578
44.670135498046875,37.4900016784668
46.05030059814453,38.029998779296875
43.9301643371582,37.5099983215332
41.71025085449219,37.2400016784668
43.39994812011719,37.5
40.79985046386719,38.06999969482422
37.40005874633789,40.22999954223633
36.46999740600586,37.810001373291016
35.510074615478516,38.83000183105469
35.19981002807617,37.529998779296875
31.00979232788086,37.310001373291016
34.969661712646484,37.4900016784668
31.12996482849121,38.529998779296875
25.669761657714844,37.060001373291016
28.17007827758789,36.720001220703125
25.840187072753906,32.61000061035156
25.409751892089844,31.8799991607666
25.409751892089844,31.889999389648438
25.409751892089844,28.229999542236328
25.409751892089844,34.369998931884766
25.409751892089844,30.520000457763672
25.409751892089844,30.34000015258789
25.409751892089844,29.59000015258789
25.409751892089844,28.270000457763672
25.409751892089844,32.79999923706055
31.829694747924805,26.510000228881836
35.37009048461914,21.760000228881836
39.15019226074219,19.06999969482422
48.57022476196289,19.229999542236328
38.049957275390625,19.829999923706055
35.91987609863281,22.920000076293945
35.959716796875,25.479999542236328
35.170230865478516,32.150001525878906
35.5201530456543,38.029998779296875
36.06993865966797,41.130001068115234
39.510074615478516,41.08000183105469
41.01002883911133,42.72999954223633
37.89989471435547,41.459999084472656
37.60973358154297,42.56999969482422
37.18013000488281,40.97999954223633
37.49021530151367,39.13999938964844
38.03003692626953,42.59000015258789
37.510135650634766,42.95000076293945
37.239891052246094,40.84000015258789
37.50017547607422,42.38999938964844
38.06987762451172,42.34000015258789
40.22983932495117,46.029998779296875
37.81025695800781,49.02000045776367
38.83014678955078,46.13999938964844
37.530052185058594,39.90999984741211
37.310272216796875,40.970001220703125
37.49021530151367,41.97999954223633
38.53002166748047,41.72999954223633
37.0599479675293,42.310001373291016
36.71998596191406,42.040000915527344
32.60988235473633,42.150001525878906
31.880157470703125,41.97999954223633
31.890117645263672,42.029998779296875
28.230201721191406,41.97999954223633
34.370121002197266,36.939998626708984
30.520305633544922,42.38999938964844
30.339698791503906,40.83000183105469
29.59005355834961,39.86000061035156
28.27004051208496,36.90999984741211
32.79978561401367,34.70000076293945
31.829694747924805,33.34000015258789
35.37009048461914,29.06999969482422
39.15019226074219,32.66999816894531
48.57022476196289,32.720001220703125
38.049957275390625,34.619998931884766
35.91987609863281,34.59000015258789
35.959716796875,28.0
35.170230865478516,30.329999923706055
36.883750915527344,23.690000534057617
36.883750915527344,20.899999618530273
36.883750915527344,17.979999542236328
36.883750915527344,18.959999084472656
36.883750915527344,18.260000228881836
36.883750915527344,19.149999618530273
36.883750915527344,24.1299991607666
36.883750915527344,30.559999465942383
36.883750915527344,38.689998626708984
36.883750915527344,37.880001068115234
36.883750915527344,43.61000061035156
36.883750915527344,38.4900016784668
36.883750915527344,37.25
36.883750915527344,35.52000045776367
36.883750915527344,35.4900016784668
36.883750915527344,35.97999954223633
36.883750915527344,38.29999923706055
36.883750915527344,35.97999954223633
36.883750915527344,34.36000061035156
36.883750915527344,35.97999954223633
36.883750915527344,39.970001220703125
36.883750915527344,39.970001220703125
36.883750915527344,35.97999954223633
36.883750915527344,36.11000061035156
36.883750915527344,35.97999954223633
36.883750915527344,36.97999954223633
36.883750915527344,35.97999954223633
36.883750915527344,39.47999954223633
36.883750915527344,39.86000061035156
36.883750915527344,39.7400016784668
36.883750915527344,40.65999984741211
36.883750915527344,38.060001373291016
36.883750915527344,38.2599983215332
36.883750915527344,37.779998779296875
36.883750915527344,37.84000015258789
36.883750915527344,40.06999969482422
36.883750915527344,38.970001220703125
36.883750915527344,36.06999969482422
36.883750915527344,33.68000030517578
36.883750915527344,31.260000228881836
36.883750915527344,30.59000015258789
36.883750915527344,30.139999389648438
36.883750915527344,33.959999084472656
36.883750915527344,29.56999969482422
36.883750915527344,34.29999923706055
36.883750915527344,31.5
36.883750915527344,35.290000915527344
36.883750915527344,32.290000915527344
38.68973159790039,25.209999084472656
37.880245208740234,25.1200008392334
43.61001205444336,24.979999542236328
38.490081787109375,23.719999313354492
37.24993133544922,24.959999084472656
35.5202522277832,25.459999084472656
35.49017333984375,31.989999771118164
35.979705810546875,35.959999084472656
38.300025939941406,40.939998626708984
35.979705810546875,36.84000015258789
34.36009216308594,40.81999969482422
35.979705810546875,47.61000061035156
39.97019577026367,42.290000915527344
39.97019577026367,41.97999954223633
35.979705810546875,41.97999954223633
36.11024856567383,41.970001220703125
35.979705810546875,42.72999954223633
36.979888916015625,41.97999954223633
35.979705810546875,41.97999954223633
39.48002243041992,42.119998931884766
39.860130310058594,42.02000045776367
39.73982620239258,43.119998931884766
40.66001892089844,41.88999938964844
38.06005859375,41.970001220703125
38.25971221923828,41.970001220703125
37.77977752685547,41.97999954223633
37.83993148803711,41.970001220703125
40.07002258300781,41.95000076293945
38.97001266479492,43.59000015258789
36.0699348449707,42.060001373291016
33.67986297607422,41.11000061035156
31.259719848632812,36.20000076293945
30.589731216430664,34.9900016784668
30.139873504638672,34.790000915527344
33.960147857666016,34.52000045776367
29.569713592529297,37.79999923706055
34.2999382019043,35.4900016784668
31.499685287475586,34.220001220703125
35.28988265991211,34.189998626708984
32.28997802734375,33.63999938964844
38.68973159790039,33.939998626708984
37.880245208740234,32.09000015258789
43.61001205444336,36.09000015258789
38.490081787109375,35.290000915527344
37.24993133544922,35.970001220703125
35.5202522277832,34.779998779296875
35.49017333984375,35.470001220703125
35.979705810546875,36.02000045776367
40.93984603881836,31.920000076293945
36.8399543762207,25.459999084472656
40.81977844238281,25.200000762939453
47.609779357910156,25.40999984741211
42.289878845214844,25.329999923706055
41.980045318603516,25.399999618530273
41.980045318603516,25.559999465942383
41.970088958740234,25.479999542236328
42.729740142822266,25.610000610351562
41.980045318603516,25.479999542236328
41.980045318603516,27.84000015258789
42.120025634765625,34.63999938964844
42.019874572753906,34.95000076293945
43.119815826416016,36.33000183105469
41.88984680175781,39.95000076293945
41.970088958740234,36.380001068115234
41.970088958740234,39.52000045776367
41.980045318603516,40.459999084472656
41.970088958740234,42.52000045776367
41.95017623901367,41.970001220703125
43.59012985229492,42.31999969482422
42.06028747558594,41.43000030517578
41.11028289794922,39.130001068115234
36.19978713989258,37.0099983215332
34.9897346496582,35.93000030517578
34.79001235961914,33.9900016784668
34.52000427246094,34.2400016784668
37.7999153137207,35.099998474121094
35.48992156982422,34.529998779296875
34.22012710571289,35.18000030517578
34.19025421142578,35.52000045776367
33.64028549194336,35.95000076293945
33.940162658691406,35.0
32.08993911743164,35.900001525878906
36.09026336669922,35.970001220703125
35.29019546508789,37.06999969482422
35.970191955566406,35.79999923706055
34.780052185058594,34.97999954223633
35.47000503540039,32.380001068115234
36.01997756958008,30.260000228881836
40.93984603881836,29.200000762939453
36.8399543762207,26.440000534057617
40.81977844238281,32.470001220703125
47.609779357910156,30.110000610351562
42.289878845214844,27.209999084472656
41.980045318603516,29.860000610351562
41.980045318603516,30.899999618530273
41.970088958740234,27.260000228881836
30.40864372253418,24.280000686645508
30.40864372253418,20.940000534057617
30.40864372253418,18.959999084472656
30.40864372253418,18.959999084472656
30.40864372253418,18.959999084472656
30.40864372253418,18.959999084472656
30.40864372253418,18.959999084472656
30.40864372253418,18.959999084472656
30.40864372253418,18.959999084472656
30.40864372253418,19.0
30.40864372253418,19.6200008392334
30.40864372253418,25.489999771118164
30.40864372253418,25.420000076293945
30.40864372253418,25.59000015258789
30.40864372253418,25.790000915527344
30.40864372253418,25.90999984741211
30.40864372253418,25.90999984741211
30.40864372253418,26.15999984741211
30.40864372253418,29.459999084472656
30.40864372253418,29.200000762939453
30.40864372253418,29.18000030517578
30.40864372253418,32.459999084472656
30.40864372253418,33.720001220703125
30.40864372253418,34.540000915527344
30.40864372253418,35.08000183105469
30.40864372253418,35.75
30.40864372253418,35.79999923706055
30.40864372253418,35.16999816894531
30.40864372253418,35.79999923706055
30.40864372253418,35.959999084472656
30.40864372253418,36.119998931884766
30.40864372253418,37.34000015258789
30.40864372253418,39.66999816894531
30.40864372253418,41.0
30.40864372253418,42.09000015258789
30.40864372253418,40.33000183105469
30.40864372253418,38.209999084472656
30.40864372253418,36.91999816894531
30.40864372253418,35.79999923706055
30.40864372253418,34.939998626708984
30.40864372253418,33.349998474121094
30.40864372253418,27.440000534057617
30.40864372253418,26.719999313354492
30.40864372253418,26.040000915527344
30.40864372253418,25.799999237060547
30.40864372253418,25.850000381469727
30.40864372253418,25.84000015258789
30.40864372253418,24.510000228881836
25.9097900390625,20.030000686645508
25.9097900390625,18.959999084472656
26.16014289855957,18.8700008392334
29.459745407104492,18.959999084472656
29.20024871826172,18.959999084472656
29.179855346679688,18.959999084472656
32.45976638793945,25.459999084472656
33.719970703125,26.010000228881836
34.53995132446289,32.02000045776367
35.080039978027344,37.29999923706055
35.75022506713867,36.22999954223633
35.80015563964844,37.349998474121094
35.17005157470703,36.66999816894531
35.80015563964844,36.970001220703125
35.95979309082031,37.40999984741211
36.12013244628906,37.43000030517578
37.34025192260742,36.310001373291016
39.67008590698242,35.970001220703125
40.99991226196289,36.15999984741211
42.089935302734375,36.27000045776367
40.32972717285156,35.959999084472656
38.21015930175781,37.41999816894531
36.919715881347656,41.189998626708984
35.80015563964844,40.45000076293945
34.940093994140625,42.099998474121094
33.350067138671875,40.959999084472656
27.440040588378906,42.0
26.719921112060547,41.970001220703125
26.039888381958008,42.15999984741211
25.80008316040039,42.43000030517578
25.850013732910156,42.9900016784668
25.840167999267578,42.0099983215332
24.51034164428711,41.97999954223633
24.51034164428711,41.97999954223633
24.51034164428711,41.97999954223633
24.51034164428711,50.61000061035156
24.51034164428711,43.27000045776367
24.51034164428711,40.060001373291016
24.51034164428711,37.970001220703125
24.51034164428711,36.58000183105469
24.51034164428711,35.56999969482422
24.51034164428711,35.060001373291016
24.51034164428711,33.25
24.51034164428711,29.09000015258789
24.51034164428711,25.959999084472656
24.51034164428711,28.389999389648438
24.51034164428711,25.829999923706055
24.51034164428711,24.989999771118164
32.0201530456543,19.40999984741211
37.29983901977539,18.40999984741211
36.22971725463867,18.790000915527344
37.35003662109375,13.369999885559082
36.67035675048828,18.959999084472656
36.9699592590332,17.1200008392334
37.40979766845703,18.959999084472656
37.429718017578125,18.959999084472656
36.31019592285156,24.25
35.96995544433594,26.420000076293945
36.160396575927734,31.100000381469727
36.270355224609375,38.59000015258789
35.96039581298828,37.20000076293945
37.42015838623047,39.72999954223633
41.189884185791016,41.97999954223633
40.449642181396484,42.04999923706055
42.09984588623047,43.20000076293945
40.95960235595703,41.97999954223633
42.000244140625,41.86000061035156
41.96996307373047,41.95000076293945
42.15960693359375,39.970001220703125
42.429725646972656,39.72999954223633
42.98988342285156,38.68000030517578
42.009803771972656,40.33000183105469
41.980323791503906,37.93000030517578
41.980323791503906,30.600000381469727
41.980323791503906,28.8700008392334
50.60981369018555,34.29999923706055
43.270362854003906,34.150001525878906
40.060001373291016,35.95000076293945
37.9699592590332,38.25
36.58031463623047,39.849998474121094
35.5699577331543,38.630001068115234
35.05999755859375,37.650001525878906
33.2496337890625,39.43000030517578
29.090269088745117,46.439998626708984
25.960384368896484,38.459999084472656
28.389869689941406,36.41999816894531
25.829708099365234,34.75
24.989864349365234,33.959999084472656
24.989864349365234,35.7400016784668
24.989864349365234,28.479999542236328
24.989864349365234,28.75
24.989864349365234,25.649999618530273
24.989864349365234,25.850000381469727
24.989864349365234,27.5
24.989864349365234,29.579999923706055
24.989864349365234,25.059999465942383
24.25019645690918,19.030000686645508
26.41992950439453,17.56999969482422
31.100290298461914,12.869999885559082
38.58988571166992,11.949999809265137
37.2000732421875,16.31999969482422
39.73015594482422,19.139999389648438
41.980247497558594,20.81999969482422
42.04961395263672,23.239999771118164
43.200035095214844,29.389999389648438
41.980247497558594,40.52000045776367
41.860130310058594,42.54999923706055
41.949798583984375,38.279998779296875
39.97039031982422,36.11000061035156
39.73015594482422,36.029998779296875
38.680397033691406,36.5
40.329898834228516,38.20000076293945
37.930084228515625,43.41999816894531
30.600364685058594,46.36000061035156
28.869653701782227,47.9900016784668
34.30032730102539,38.38999938964844
34.149757385253906,40.810001373291016
35.949832916259766,41.279998779296875
38.24983215332031,39.2599983215332
39.85027313232422,37.09000015258789
38.629642486572266,38.33000183105469
37.650089263916016,41.66999816894531
39.42986297607422,39.130001068115234
46.4398307800293,38.619998931884766
38.459617614746094,42.56999969482422
36.42015075683594,38.4900016784668
34.75034713745117,36.7400016784668
33.96027755737305,37.06999969482422
35.740047454833984,37.040000915527344
28.479694366455078,35.790000915527344
28.750381469726562,35.20000076293945
25.65015983581543,39.77000045776367
25.84979248046875,35.88999938964844
27.500141143798828,35.959999084472656
29.580209732055664,34.18000030517578
25.059722900390625,27.790000915527344
24.25019645690918,30.149999618530273
26.41992950439453,28.110000610351562
31.100290298461914,31.0
38.58988571166992,28.469999313354492
37.2000732421875,28.809999465942383
39.73015594482422,27.260000228881836
41.980247497558594,31.239999771118164
42.04961395263672,29.739999771118164
29.389677047729492,21.440000534057617
40.52022933959961,17.030000686645508
42.550357818603516,16.709999084472656
38.280059814453125,18.15999984741211
36.11018753051758,18.959999084472656
36.02960205078125,19.18000030517578
36.500267028808594,19.399999618530273
38.2003288269043,27.6200008392334
43.419677734375,33.04999923706055
46.36027526855469,39.97999954223633
47.99003601074219,46.130001068115234
38.389793395996094,48.11000061035156
40.810001373291016,45.810001373291016
41.27981185913086,44.060001373291016
39.259971618652344,46.33000183105469
37.09010314941406,45.7599983215332
38.32978439331055,43.15999984741211
41.669891357421875,40.470001220703125
39.129661560058594,39.70000076293945
38.62041473388672,40.86000061035156
42.57007598876953,42.15999984741211
38.4901008605957,41.959999084472656
36.740318298339844,42.0
37.07038497924805,43.099998474121094
37.04037857055664,44.369998931884766
35.790409088134766,37.5099983215332
35.1997184753418,36.810001373291016
39.770076751708984,38.58000183105469
35.88985824584961,35.810001373291016
35.96015930175781,35.97999954223633
34.18036651611328,36.40999984741211
27.78992462158203,37.66999816894531
30.150117874145508,36.04999923706055
28.109703063964844,36.66999816894531
30.999719619750977,36.290000915527344
28.469776153564453,46.70000076293945
28.810131072998047,41.5099983215332
27.260101318359375,40.83000183105469
31.239768981933594,35.75
29.740320205688477,34.22999954223633
29.389677047729492,32.900001525878906
40.52022933959961,28.479999542236328
42.550357818603516,28.780000686645508
38.280059814453125,29.790000915527344
36.11018753051758,32.31999969482422
36.02960205078125,30.65999984741211
36.500267028808594,29.899999618530273
38.2003288269043,28.850000381469727
33.0496826171875,25.68000030517578
39.98038101196289,20.700000762939453
46.13031005859375,18.809999465942383
48.11038589477539,18.959999084472656
45.80968475341797,18.959999084472656
44.060115814208984,18.959999084472656
46.329620361328125,20.299999237060547
45.760292053222656,24.93000030517578
43.159767150878906,30.239999771118164
40.4699821472168,35.15999984741211
39.699615478515625,37.66999816894531
40.85993194580078,37.66999816894531
42.15976333618164,35.810001373291016
41.95958709716797,36.040000915527344
42.00031661987305,36.66999816894531
43.099971771240234,37.15999984741211
44.37034225463867,37.470001220703125
37.50983428955078,37.4900016784668
36.809661865234375,37.33000183105469
38.58002853393555,37.560001373291016
35.80965805053711,37.31999969482422
35.980369567871094,37.5099983215332
36.410179138183594,38.150001525878906
37.67014694213867,37.150001525878906
36.0496940612793,37.56999969482422
36.670143127441406,35.20000076293945
36.28972625732422,34.459999084472656
46.69963836669922,33.95000076293945
41.50984573364258,34.93000030517578
40.8296012878418,35.630001068115234
35.7498664855957,36.709999084472656
34.22993087768555,34.52000045776367
32.8997688293457,33.66999816894531
28.4803466796875,34.959999084472656
28.780174255371094,34.959999084472656
29.789709091186523,45.650001525878906
32.320045471191406,37.470001220703125
30.65972900390625,36.63999938964844
29.899761199951172,34.970001220703125
28.850364685058594,32.90999984741211
33.0496826171875,32.20000076293945
39.98038101196289,29.110000610351562
46.13031005859375,35.150001525878906
48.11038589477539,33.5
45.80968475341797,32.060001373291016
44.060115814208984,29.93000030517578
46.329620361328125,35.06999969482422
45.760292053222656,34.060001373291016
30.23979377746582,25.850000381469727
35.159889221191406,23.350000381469727
37.66996765136719,20.3799991607666
37.66996765136719,18.3700008392334
35.81028747558594,18.959999084472656
36.03969955444336,18.959999084472656
36.66996383666992,19.34000015258789
37.15989685058594,18.959999084472656
37.469844818115234,21.520000457763672
37.4899787902832,25.31999969482422
37.33012390136719,29.84000015258789
37.560142517089844,34.04999923706055
37.31975173950195,34.0099983215332
37.51011276245117,34.310001373291016
38.15013885498047,35.97999954223633
37.1501350402832,36.029998779296875
37.569908142089844,36.20000076293945
35.200157165527344,34.7599983215332
34.46006774902344,30.799999237060547
33.95000076293945,35.95000076293945
34.92987060546875,34.599998474121094
35.63029861450195,35.59000015258789
36.71023178100586,31.5
34.51986312866211,33.439998626708984
33.66994857788086,31.860000610351562
34.95976638793945,31.31999969482422
34.95976638793945,33.959999084472656
45.64986801147461,34.369998931884766
37.469844818115234,35.29999923706055
36.64006805419922,35.970001220703125
34.97013854980469,34.619998931884766
32.909725189208984,35.959999084472656
32.20014572143555,34.34000015258789
29.109830856323242,35.369998931884766
35.15012741088867,34.97999954223633
33.49972152709961,37.2599983215332
32.059814453125,36.650001525878906
29.929847717285156,35.86000061035156
35.0702018737793,35.95000076293945
34.05982208251953,35.119998931884766
30.23979377746582,33.20000076293945
35.159889221191406,30.84000015258789
37.66996765136719,35.02000045776367
37.66996765136719,32.90999984741211
35.81028747558594,30.540000915527344
36.03969955444336,30.959999084472656
36.66996383666992,31.84000015258789
37.15989685058594,27.56999969482422
30.799776077270508,24.420000076293945
30.799776077270508,18.959999084472656
30.799776077270508,18.3700008392334
30.799776077270508,18.959999084472656
30.799776077270508,18.959999084472656
30.799776077270508,18.68000030517578
30.799776077270508,18.959999084472656
30.799776077270508,18.959999084472656
30.799776077270508,18.959999084472656
30.799776077270508,19.100000381469727
30.799776077270508,18.969999313354492
30.799776077270508,22.170000076293945
30.799776077270508,24.5
30.799776077270508,25.469999313354492
30.799776077270508,26.15999984741211
30.799776077270508,28.34000015258789
30.799776077270508,28.43000030517578
30.799776077270508,28.899999618530273
30.799776077270508,27.770000457763672
30.799776077270508,26.309999465942383
30.799776077270508,26.780000686645508
30.799776077270508,27.440000534057617
30.799776077270508,26.799999237060547
30.799776077270508,30.389999389648438
30.799776077270508,26.649999618530273
30.799776077270508,29.1200008392334
30.799776077270508,29.68000030517578
30.799776077270508,30.6200008392334
30.799776077270508,29.989999771118164
30.799776077270508,32.63999938964844
30.799776077270508,34.45000076293945
30.799776077270508,36.04999923706055
30.799776077270508,36.20000076293945
30.799776077270508,35.91999816894531
30.799776077270508,35.90999984741211
30.799776077270508,40.41999816894531
30.799776077270508,38.18000030517578
30.799776077270508,36.77000045776367
30.799776077270508,37.470001220703125
30.799776077270508,34.93000030517578
30.799776077270508,32.90999984741211
30.799776077270508,28.190000534057617
30.799776077270508,29.18000030517578
30.799776077270508,27.25
30.799776077270508,26.420000076293945
30.799776077270508,26.729999542236328
30.799776077270508,26.06999969482422
30.799776077270508,23.65999984741211
26.310073852539062,18.399999618530273
26.780048370361328,18.829999923706055
27.440078735351562,14.020000457763672
26.800086975097656,11.329999923706055
30.389877319335938,13.699999809265137
26.65010643005371,15.550000190734863
29.12021255493164,18.959999084472656
29.680055618286133,19.15999984741211
30.620006561279297,25.219999313354492
29.989728927612305,31.0
32.640174865722656,30.540000915527344
34.45024871826172,35.5099983215332
36.05023193359375,30.860000610351562
36.20021057128906,31.309999465942383
35.9202880859375,33.790000915527344
35.90996551513672,34.65999984741211
40.42028045654297,34.59000015258789
38.18030548095703,35.52000045776367
36.76976776123047,36.099998474121094
37.46987533569336,35.720001220703125
34.92993927001953,35.810001373291016
32.90977478027344,35.959999084472656
28.18997573852539,36.40999984741211
29.179718017578125,38.029998779296875
27.250024795532227,40.40999984741211
26.41997718811035,44.90999984741211
26.73025894165039,45.86000061035156
26.070226669311523,48.20000076293945
23.660234451293945,47.95000076293945
23.660234451293945,48.75
23.660234451293945,49.45000076293945
23.660234451293945,51.439998626708984
23.660234451293945,45.54999923706055
23.660234451293945,43.65999984741211
23.660234451293945,39.93000030517578
23.660234451293945,47.33000183105469
23.660234451293945,45.970001220703125
23.660234451293945,43.97999954223633
23.660234451293945,37.810001373291016
23.660234451293945,36.5099983215332
23.660234451293945,34.95000076293945
23.660234451293945,32.189998626708984
23.660234451293945,32.709999084472656
23.660234451293945,33.36000061035156
23.660234451293945,31.31999969482422
23.660234451293945,30.610000610351562
23.660234451293945,28.93000030517578
23.660234451293945,27.610000610351562
25.220298767089844,25.459999084472656
31.00031280517578,25.020000457763672
30.54031753540039,20.200000762939453
35.510498046875,18.959999084472656
30.859560012817383,18.959999084472656
31.310375213623047,21.440000534057617
33.78985595703125,29.93000030517578
34.65986633300781,30.90999984741211
34.5894889831543,35.75
35.519676208496094,43.349998474121094
36.10002517700195,34.400001525878906
35.71958541870117,37.0099983215332
35.810359954833984,34.36000061035156
35.96029281616211,34.91999816894531
36.41008758544922,35.95000076293945
38.029754638671875,36.29999923706055
40.410301208496094,36.45000076293945
44.9102897644043,36.18000030517578
45.85985565185547,36.470001220703125
48.19960403442383,36.97999954223633
47.9497184753418,41.13999938964844
48.75037384033203,37.900001525878906
49.45005416870117,43.25
51.439964294433594,48.13999938964844
45.5497932434082,39.41999816894531
43.65983963012695,36.66999816894531
39.929908752441406,37.599998474121094
47.329593658447266,40.47999954223633
45.970008850097656,43.970001220703125
43.9801025390625,46.47999954223633
37.81047058105469,45.15999984741211
36.510040283203125,36.790000915527344
34.94953155517578,36.040000915527344
32.1895637512207,36.09000015258789
32.70973587036133,36.11000061035156
33.36045837402344,43.70000076293945
31.31955337524414,40.97999954223633
30.60967445373535,38.0099983215332
28.929828643798828,35.66999816894531
27.610023498535156,33.83000183105469
25.220298767089844,34.11000061035156
31.00031280517578,31.510000228881836
30.54031753540039,33.689998626708984
35.510498046875,33.959999084472656
30.859560012817383,31.860000610351562
31.310375213623047,32.459999084472656
33.78985595703125,36.560001373291016
34.65986633300781,31.309999465942383
35.749839782714844,27.079999923706055
43.35017395019531,25.25
34.39986801147461,19.579999923706055
37.009769439697266,18.959999084472656
34.35977554321289,19.030000686645508
34.919742584228516,22.1200008392334
35.95029830932617,28.239999771118164
36.299949645996094,30.68000030517578
36.44980239868164,33.7599983215332
36.1796760559082,42.779998779296875
36.470176696777344,49.45000076293945
36.980194091796875,46.81999969482422
41.13987350463867,41.43000030517578
37.89967346191406,36.59000015258789
43.250274658203125,43.060001373291016
48.1401481628418,39.369998931884766
39.41987228393555,41.810001373291016
36.66997528076172,41.81999969482422
37.599971771240234,43.63999938964844
40.480003356933594,44.709999084472656
43.96995544433594,39.58000183105469
46.479957580566406,41.66999816894531
45.16021728515625,39.029998779296875
36.790252685546875,42.349998474121094
36.0396842956543,38.2400016784668
36.09029006958008,36.849998474121094
36.110008239746094,37.68000030517578
43.6998291015625,42.439998626708984
40.98016357421875,42.119998931884766
38.01008987426758,40.939998626708984
35.67031478881836,38.58000183105469
33.830039978027344,38.97999954223633
34.110023498535156,37.650001525878906
31.509977340698242,41.310001373291016
33.69004440307617,41.45000076293945
33.96017074584961,42.20000076293945
31.860286712646484,41.540000915527344
32.45969009399414,40.47999954223633
36.560218811035156,38.5
31.310176849365234,35.0
35.749839782714844,35.31999969482422
43.35017395019531,34.25
34.39986801147461,37.599998474121094
37.009769439697266,37.5099983215332
34.35977554321289,35.68000030517578
34.919742584228516,35.25
35.95029830932617,35.790000915527344
36.299949645996094,36.150001525878906
33.75971984863281,31.25
42.77997970581055,27.479999542236328
49.45022964477539,23.299999237060547
46.82004165649414,21.790000915527344
41.4302978515625,20.829999923706055
36.58983612060547,25.809999465942383
43.060157775878906,32.22999954223633
39.37014389038086,37.540000915527344
41.810089111328125,43.18000030517578
41.81977462768555,45.2599983215332
43.63987731933594,41.9900016784668
44.710079193115234,63.900001525878906
39.57975769042969,42.63999938964844
41.669654846191406,43.310001373291016
39.029781341552734,41.650001525878906
42.34968566894531,38.5099983215332
38.2397575378418,43.58000183105469
36.84994888305664,46.189998626708984
37.68009948730469,46.7599983215332
42.440311431884766,45.880001068115234
42.12001419067383,47.119998931884766
40.939815521240234,47.720001220703125
38.580116271972656,48.470001220703125
38.97997283935547,48.65999984741211
37.649658203125,48.470001220703125
41.3099250793457,46.959999084472656
41.449668884277344,40.15999984741211
42.200260162353516,41.869998931884766
41.54029083251953,41.599998474121094
40.479774475097656,47.68000030517578
38.49987030029297,41.560001373291016
35.000099182128906,41.290000915527344
35.319705963134766,35.790000915527344
34.25019836425781,35.15999984741211
37.599849700927734,37.22999954223633
37.509918212890625,43.84000015258789
35.68013000488281,42.310001373291016
35.24983596801758,42.619998931884766
35.790122985839844,35.880001068115234
36.14985656738281,34.130001068115234
33.75971984863281,33.290000915527344
42.77997970581055,31.0
49.45022964477539,34.2599983215332
46.82004165649414,32.869998931884766
41.4302978515625,33.619998931884766
36.58983612060547,33.720001220703125
43.060157775878906,36.77000045776367
39.37014389038086,36.06999969482422
43.179935455322266,28.530000686645508
45.25984573364258,26.600000381469727
41.98992156982422,21.06999969482422
63.90019226074219,25.170000076293945
42.64004135131836,19.1299991607666
43.310279846191406,20.100000381469727
41.65037536621094,29.969999313354492
38.50999069213867,34.0099983215332
43.57982635498047,37.869998931884766
46.189971923828125,40.400001525878906
46.75963592529297,46.349998474121094
45.88019943237305,49.880001068115234
47.12009811401367,42.900001525878906
47.7203369140625,38.439998626708984
48.47023010253906,40.04999923706055
48.660118103027344,41.04999923706055
48.47023010253906,41.5
46.959983825683594,43.70000076293945
40.160240173339844,41.220001220703125
41.870033264160156,39.209999084472656
41.59968566894531,42.400001525878906
47.68010711669922,41.279998779296875
41.56026077270508,40.150001525878906
41.28990936279297,44.77000045776367
35.78961181640625,42.310001373291016
35.159603118896484,40.650001525878906
37.2298583984375,35.130001068115234
43.83971405029297,36.29999923706055
42.31015396118164,39.220001220703125
42.61992645263672,37.75
35.879730224609375,38.93000030517578
34.12970733642578,40.310001373291016
33.289695739746094,38.0099983215332
30.99978256225586,36.9900016784668
34.26005172729492,36.220001220703125
32.86968994140625,41.720001220703125
33.620391845703125,37.369998931884766
33.72016143798828,37.47999954223633
36.769622802734375,36.45000076293945
36.06961441040039,35.349998474121094
43.179935455322266,35.27000045776367
45.25984573364258,33.7599983215332
41.98992156982422,35.29999923706055
63.90019226074219,35.400001525878906
42.64004135131836,34.689998626708984
43.310279846191406,33.060001373291016
41.65037536621094,35.47999954223633
38.50999069213867,34.27000045776367
36.73270797729492,30.889999389648438
36.73270797729492,29.770000457763672
36.73270797729492,26.84000015258789
36.73270797729492,19.920000076293945
36.73270797729492,19.229999542236328
36.73270797729492,19.1299991607666
36.73270797729492,22.709999084472656
36.73270797729492,29.979999542236328
36.73270797729492,33.060001373291016
36.73270797729492,32.33000183105469
36.73270797729492,41.369998931884766
36.73270797729492,48.95000076293945
36.73270797729492,43.66999816894531
36.73270797729492,49.25
36.73270797729492,52.77000045776367
36.73270797729492,49.45000076293945
36.73270797729492,44.90999984741211
36.73270797729492,40.9900016784668
36.73270797729492,43.56999969482422
36.73270797729492,47.54999923706055
36.73270797729492,46.4900016784668
36.73270797729492,37.5099983215332
36.73270797729492,37.5
36.73270797729492,37.5099983215332
36.73270797729492,37.5
36.73270797729492,39.150001525878906
36.73270797729492,38.25
36.73270797729492,37.290000915527344
36.73270797729492,37.38999938964844
36.73270797729492,37.66999816894531
36.73270797729492,39.029998779296875
36.73270797729492,46.61000061035156
36.73270797729492,41.7599983215332
36.73270797729492,40.72999954223633
36.73270797729492,41.22999954223633
36.73270797729492,44.060001373291016
36.73270797729492,41.209999084472656
36.73270797729492,43.29999923706055
36.73270797729492,41.689998626708984
36.73270797729492,36.349998474121094
36.73270797729492,36.90999984741211
36.73270797729492,35.720001220703125
36.73270797729492,35.619998931884766
36.73270797729492,35.4900016784668
36.73270797729492,35.34000015258789
36.73270797729492,33.029998779296875
36.73270797729492,29.329999923706055
36.73270797729492,30.06999969482422
33.06008529663086,27.579999923706055
32.33005905151367,19.979999542236328
41.37026596069336,18.889999389648438
48.94964599609375,19.040000915527344
43.66996765136719,18.959999084472656
49.24974060058594,18.979999542236328
52.770042419433594,19.1200008392334
49.45032501220703,18.959999084472656
44.910003662109375,19.09000015258789
40.99009323120117,22.799999237060547
43.569679260253906,25.540000915527344
47.55023193359375,27.729999542236328
46.48978805541992,30.790000915527344
37.51021957397461,31.06999969482422
37.5001106262207,31.559999465942383
37.51021957397461,33.97999954223633
37.5001106262207,35.45000076293945
39.149864196777344,34.849998474121094
38.2503547668457,33.970001220703125
37.290199279785156,33.68000030517578
37.389713287353516,32.91999816894531
37.67037582397461,34.459999084472656
39.03013610839844,33.970001220703125
46.61029052734375,30.799999237060547
41.759769439697266,32.029998779296875
40.72964859008789,31.850000381469727
41.23032760620117,32.459999084472656
44.06024932861328,32.900001525878906
41.210113525390625,34.72999954223633
43.299903869628906,34.84000015258789
41.68980026245117,35.849998474121094
36.35026168823242,38.5
36.91002655029297,40.060001373291016
35.71974563598633,40.400001525878906
35.620235443115234,41.4900016784668
35.489620208740234,48.33000183105469
35.34035110473633,46.36000061035156
33.029762268066406,44.599998474121094
29.329872131347656,40.400001525878906
30.070005416870117,36.45000076293945
33.06008529663086,35.810001373291016
32.33005905151367,34.65999984741211
41.37026596069336,35.09000015258789
48.94964599609375,33.7400016784668
43.66996765136719,33.779998779296875
49.24974060058594,32.77000045776367
52.770042419433594,30.799999237060547
49.45032501220703,30.3799991607666
30.800216674804688,27.690000534057617
30.800216674804688,23.200000762939453
30.800216674804688,19.760000228881836
30.800216674804688,20.770000457763672
30.800216674804688,20.649999618530273
30.800216674804688,26.65999984741211
30.800216674804688,30.190000534057617
30.800216674804688,32.349998474121094
30.800216674804688,39.630001068115234
30.800216674804688,43.5
30.800216674804688,46.79999923706055
30.800216674804688,45.59000015258789
30.800216674804688,40.20000076293945
30.800216674804688,39.7400016784668
30.800216674804688,38.25
30.800216674804688,37.529998779296875
30.800216674804688,37.900001525878906
30.800216674804688,36.79999923706055
30.800216674804688,39.58000183105469
30.800216674804688,41.38999938964844
30.800216674804688,40.81999969482422
30.800216674804688,43.34000015258789
30.800216674804688,42.79999923706055
30.800216674804688,42.41999816894531
30.800216674804688,44.060001373291016
30.800216674804688,43.790000915527344
30.800216674804688,42.880001068115234
30.800216674804688,40.45000076293945
30.800216674804688,44.099998474121094
30.800216674804688,45.18000030517578
30.800216674804688,46.47999954223633
30.800216674804688,42.099998474121094
30.800216674804688,39.2400016784668
30.800216674804688,37.5099983215332
30.800216674804688,37.18000030517578
30.800216674804688,43.790000915527344
30.800216674804688,41.619998931884766
30.800216674804688,38.790000915527344
30.800216674804688,37.380001068115234
30.800216674804688,36.61000061035156
30.800216674804688,36.27000045776367
30.800216674804688,34.880001068115234
30.800216674804688,39.310001373291016
30.800216674804688,39.189998626708984
30.800216674804688,35.900001525878906
30.800216674804688,36.040000915527344
30.800216674804688,36.41999816894531
30.800216674804688,31.969999313354492
37.681251525878906,25.5
37.681251525878906,25.84000015258789
37.681251525878906,22.90999984741211
37.681251525878906,18.959999084472656
37.681251525878906,18.969999313354492
37.681251525878906,19.290000915527344
37.681251525878906,28.829999923706055
37.681251525878906,33.58000183105469
37.681251525878906,32.040000915527344
37.681251525878906,29.06999969482422
37.681251525878906,32.4900016784668
37.681251525878906,34.599998474121094
37.681251525878906,33.81999969482422
37.681251525878906,33.880001068115234
37.681251525878906,34.77000045776367
37.681251525878906,35.130001068115234
37.681251525878906,34.47999954223633
37.681251525878906,35.369998931884766
37.681251525878906,35.90999984741211
37.681251525878906,36.59000015258789
37.681251525878906,37.63999938964844
37.681251525878906,38.220001220703125
37.681251525878906,38.869998931884766
37.681251525878906,41.709999084472656
37.681251525878906,46.33000183105469
37.681251525878906,42.65999984741211
37.681251525878906,41.060001373291016
37.681251525878906,42.15999984741211
37.681251525878906,38.09000015258789
37.681251525878906,44.470001220703125
37.681251525878906,41.84000015258789
37.681251525878906,44.810001373291016
37.681251525878906,45.959999084472656
37.681251525878906,44.77000045776367
37.681251525878906,40.33000183105469
37.681251525878906,48.36000061035156
37.681251525878906,48.38999938964844
37.681251525878906,47.02000045776367
37.681251525878906,45.18000030517578
37.681251525878906,39.119998931884766
37.681251525878906,37.04999923706055
37.681251525878906,35.709999084472656
37.681251525878906,42.33000183105469
37.681251525878906,37.599998474121094
37.681251525878906,37.790000915527344
37.681251525878906,36.529998779296875
37.681251525878906,35.540000915527344
37.681251525878906,35.18000030517578
32.04006576538086,25.670000076293945
29.07013702392578,29.959999084472656
32.4898567199707,19.06999969482422
34.59989547729492,18.959999084472656
33.82011413574219,18.959999084472656
33.87964630126953,18.969999313354492
34.76966857910156,23.139999389648438
35.12979507446289,34.33000183105469
34.480098724365234,39.599998474121094
35.370121002197266,35.20000076293945
35.910308837890625,32.619998931884766
36.59013748168945,36.2599983215332
37.639644622802734,35.16999816894531
38.22025680541992,35.97999954223633
38.86994934082031,37.310001373291016
41.70979309082031,38.36000061035156
46.32968521118164,40.40999984741211
42.66008377075195,41.16999816894531
41.06010055541992,43.209999084472656
42.16032028198242,45.75
38.09016799926758,47.040000915527344
44.47026443481445,44.810001373291016
41.839881896972656,51.290000915527344
44.809810638427734,50.06999969482422
45.96000671386719,59.33000183105469
44.77012252807617,61.63999938964844
40.33029556274414,76.30999755859375
48.3603515625,149.3000030517578
48.389747619628906,208.0500030517578
47.019805908203125,163.47999572753906
45.18022537231445,203.32000732421875
39.119834899902344,97.66999816894531
37.05021667480469,93.31999969482422
35.70966720581055,77.95999908447266
42.33009338378906,66.11000061035156
37.59995651245117,91.81999969482422
37.79030990600586,64.2699966430664
36.52987289428711,49.560001373291016
35.539894104003906,44.349998474121094
35.179771423339844,43.310001373291016
32.04006576538086,43.810001373291016
29.07013702392578,37.099998474121094
32.4898567199707,40.93000030517578
34.59989547729492,39.41999816894531
33.82011413574219,37.52000045776367
33.87964630126953,37.5
34.76966857910156,37.689998626708984
35.12979507446289,37.22999954223633
39.60113525390625,37.439998626708984
35.201576232910156,36.75
32.61857986450195,32.849998474121094
36.26017761230469,35.36000061035156
35.171932220458984,36.45000076293945
35.98070526123047,36.5
37.31031036376953,38.0099983215332
38.360450744628906,37.939998626708984
40.409908294677734,47.040000915527344
41.17210388183594,46.689998626708984
43.208858489990234,49.27000045776367
45.749507904052734,58.33000183105469
47.0410041809082,44.560001373291016
44.80946731567383,49.06999969482422
51.288124084472656,56.58000183105469
50.0686149597168,164.63999938964844
59.32928466796875,155.67999267578125
61.64127731323242,76.0999984741211
76.30929565429688,67.93000030517578
149.29795837402344,84.61000061035156
208.0504913330078,82.69999694824219
163.47901916503906,99.48999786376953
203.32066345214844,107.04000091552734
97.67193603515625,165.3000030517578
93.31895446777344,139.0399932861328
77.96072387695312,144.35000610351562
66.10858917236328,132.24000549316406
91.81997680664062,141.02999877929688
64.2708511352539,146.32000732421875
49.56048583984375,268.260009765625
44.34791564941406,2504.340087890625
43.310482025146484,763.4400024414062
43.81014633178711,95.36000061035156
37.098594665527344,51.9900016784668
40.93074035644531,41.810001373291016
39.41905212402344,126.11000061035156
37.52203369140625,92.66000366210938
37.50086212158203,91.7300033569336
37.691410064697266,75.76000213623047
37.2298583984375,49.06999969482422
37.2298583984375,40.349998474121094
37.2298583984375,37.36000061035156
37.2298583984375,123.19000244140625
37.2298583984375,49.970001220703125
37.2298583984375,45.650001525878906
37.2298583984375,38.7599983215332
37.2298583984375,37.5099983215332
37.2298583984375,41.25
47.054443359375,39.15999984741211
46.693267822265625,39.33000183105469
49.25762939453125,39.58000183105469
58.323204040527344,41.29999923706055
44.56231689453125,40.79999923706055
49.07704162597656,41.91999816894531
56.58955383300781,41.130001068115234
164.65406799316406,48.939998626708984
155.69683837890625,49.29999923706055
76.09317016601562,41.529998779296875
67.9305419921875,44.189998626708984
84.61698150634766,50.06999969482422
82.7027359008789,43.36000061035156
99.49752044677734,43.81999969482422
107.046142578125,57.20000076293945
165.30418395996094,44.33000183105469
139.04653930664062,51.59000015258789
144.35585021972656,68.56999969482422
132.25637817382812,65.11000061035156
141.0330047607422,76.94999694824219
146.30621337890625,69.91999816894531
268.2760925292969,91.48999786376953
2504.330322265625,54.83000183105469
763.451416015625,45.97999954223633
95.3439712524414,37.790000915527344
52.002586364746094,37.11000061035156
41.817359924316406,150.17999267578125
126.11634826660156,165.3800048828125
92.67124938964844,2552.199951171875
91.73219299316406,2484.739990234375
75.76811218261719,169.52999877929688
49.07704162597656,220.82000732421875
40.33653259277344,37.869998931884766
37.3748779296875,35.90999984741211
123.19081115722656,36.9900016784668
49.97998809814453,43.02000045776367
45.645851135253906,44.52000045776367
38.747344970703125,46.97999954223633
37.51934051513672,37.43000030517578
41.239479064941406,34.9900016784668
47.054443359375,34.63999938964844
46.693267822265625,31.799999237060547
49.25762939453125,39.349998474121094
58.323204040527344,38.84000015258789
44.56231689453125,36.34000015258789
49.07704162597656,34.709999084472656
56.58955383300781,35.52000045776367
164.65406799316406,31.15999984741211
49.29027557373047,25.520000457763672
41.54252624511719,28.510000228881836
44.207359313964844,27.260000228881836
50.079864501953125,26.989999771118164
43.368431091308594,25.540000915527344
43.81256866455078,25.6299991607666
57.186073303222656,33.400001525878906
44.306060791015625,31.270000457763672
51.60966491699219,33.779998779296875
68.58562469482422,34.689998626708984
65.13121795654297,38.150001525878906
76.9255599975586,45.34000015258789
69.91803741455078,39.63999938964844
91.48342895507812,36.47999954223633
54.81733703613281,40.91999816894531
45.983917236328125,37.97999954223633
37.792030334472656,40.689998626708984
37.10114288330078,37.38999938964844
150.15904235839844,37.4900016784668
165.3584442138672,37.540000915527344
2552.20751953125,36.52000045776367
2484.748046875,37.29999923706055
169.55308532714844,38.7400016784668
220.82640075683594,38.5099983215332
37.89073181152344,36.65999984741211
35.916786193847656,36.220001220703125
37.00244903564453,36.7400016784668
43.02299499511719,38.52000045776367
44.503448486328125,37.939998626708984
46.97089385986328,39.04999923706055
37.44658660888672,37.9900016784668
34.979148864746094,37.5099983215332
34.63371276855469,37.5
31.820838928222656,37.2400016784668
39.371185302734375,36.40999984741211
38.828346252441406,37.68000030517578
36.36091613769531,37.529998779296875
34.73240661621094,37.5099983215332
35.52198791503906,38.04999923706055
31.179306030273438,36.16999816894531
31.179306030273438,34.91999816894531
31.179306030273438,33.63999938964844
31.179306030273438,34.2599983215332
31.179306030273438,34.970001220703125
31.179306030273438,35.900001525878906
31.179306030273438,34.02000045776367
31.179306030273438,33.75
31.179306030273438,30.579999923706055
33.77985763549805,29.040000915527344
34.6901741027832,29.700000762939453
38.149959564208984,30.760000228881836
45.33987808227539,27.969999313354492
39.640174865722656,25.399999618530273
36.47993469238281,25.489999771118164
40.920127868652344,28.229999542236328
37.98016357421875,28.690000534057617
40.68983459472656,30.440000534057617
37.38983154296875,25.760000228881836
37.489959716796875,32.06999969482422
37.54002380371094,34.13999938964844
36.51998519897461,35.59000015258789
37.30013656616211,36.7599983215332
38.739871978759766,37.560001373291016
38.5099983215332,41.20000076293945
36.660160064697266,38.9900016784668
36.22002029418945,37.31999969482422
36.739845275878906,37.36000061035156
38.52001190185547,37.38999938964844
37.94011306762695,36.189998626708984
39.04984664916992,34.459999084472656
37.99017333984375,34.11000061035156
37.509986877441406,33.970001220703125
37.49997329711914,33.970001220703125
37.24005889892578,34.380001068115234
36.40984344482422,34.0
37.680198669433594,34.09000015258789
37.53001022338867,35.18000030517578
37.509986877441406,36.7400016784668
38.049835205078125,38.70000076293945
36.169960021972656,40.630001068115234
34.920047760009766,45.459999084472656
33.64009475708008,47.959999084472656
34.260047912597656,47.88999938964844
34.97010803222656,47.90999984741211
35.9000358581543,49.47999954223633
34.02016067504883,49.63999938964844
33.74981689453125,44.63999938964844
30.579980850219727,41.0099983215332
33.77985763549805,38.45000076293945
34.6901741027832,36.650001525878906
38.149959564208984,40.34000015258789
45.33987808227539,38.45000076293945
39.640174865722656,39.22999954223633
36.47993469238281,40.150001525878906
40.920127868652344,35.08000183105469
37.98016357421875,35.380001068115234
30.440279006958008,34.119998931884766
25.76013946533203,31.84000015258789
32.069725036621094,31.040000915527344
34.14005661010742,29.420000076293945
35.590087890625,31.8799991607666
36.76027297973633,30.729999542236328
37.559993743896484,36.63999938964844
41.199764251708984,39.04999923706055
38.98981475830078,38.41999816894531
37.3199577331543,37.29999923706055
37.35976028442383,43.7599983215332
37.38976287841797,48.099998474121094
36.190181732177734,39.08000183105469
34.45970153808594,44.70000076293945
34.11005401611328,44.47999954223633
33.969825744628906,44.70000076293945
33.969825744628906,45.400001525878906
34.380096435546875,40.439998626708984
33.99983215332031,38.959999084472656
34.08984375,40.02000045776367
35.17981719970703,40.18000030517578
36.74006652832031,39.86000061035156
38.70017623901367,38.9900016784668
40.63028335571289,37.7400016784668
45.459835052490234,38.439998626708984
47.96003341674805,37.5
47.89022445678711,38.59000015258789
47.909820556640625,41.630001068115234
49.4798698425293,43.68000030517578
49.64030456542969,47.61000061035156
44.63990783691406,45.209999084472656
41.00993728637695,48.86000061035156
38.449729919433594,42.209999084472656
36.65005111694336,43.68000030517578
40.34003448486328,42.27000045776367
38.449729919433594,52.95000076293945
39.229854583740234,52.15999984741211
40.15020751953125,61.59000015258789
35.08000564575195,50.689998626708984
35.38005447387695,41.650001525878906
30.440279006958008,38.880001068115234
25.76013946533203,36.83000183105469
32.069725036621094,40.150001525878906
34.14005661010742,38.689998626708984
35.590087890625,37.5099983215332
36.76027297973633,40.08000183105469
37.559993743896484,39.81999969482422
41.199764251708984,37.0099983215332
38.41973114013672,35.400001525878906
37.30022048950195,31.950000762939453
43.760189056396484,27.469999313354492
48.10002899169922,33.11000061035156
39.07997131347656,29.969999313354492
44.69985580444336,35.27000045776367
44.48017501831055,39.04999923706055
44.69985580444336,40.47999954223633
45.399925231933594,47.72999954223633
40.44028091430664,40.02000045776367
38.95987319946289,41.2400016784668
40.02023696899414,46.72999954223633
40.18016815185547,38.470001220703125
39.859703063964844,38.20000076293945
38.990047454833984,39.54999923706055
37.740177154541016,38.5099983215332
38.440250396728516,44.13999938964844
37.49998092651367,42.630001068115234
38.58992004394531,43.459999084472656
41.629798889160156,49.959999084472656
43.67992401123047,49.470001220703125
47.60997772216797,49.58000183105469
45.20981979370117,48.2599983215332
48.85984802246094,51.369998931884766
42.209774017333984,50.93000030517578
43.67992401123047,49.11000061035156
42.27012252807617,49.400001525878906
52.949832916259766,49.959999084472656
52.15983963012695,51.709999084472656
61.59028625488281,62.25
50.69029235839844,60.380001068115234
41.649715423583984,73.4800033569336
38.88020706176758,45.369998931884766
36.83008575439453,45.689998626708984
40.149993896484375,39.02000045776367
38.690101623535156,50.4900016784668
37.5102424621582,51.119998931884766
40.079986572265625,49.45000076293945
39.81987380981445,51.33000183105469
37.00992965698242,40.88999938964844
38.41973114013672,39.869998931884766
37.30022048950195,36.369998931884766
43.760189056396484,41.97999954223633
48.10002899169922,41.4900016784668
39.07997131347656,41.16999816894531
44.69985580444336,38.63999938964844
44.48017501831055,37.900001525878906
44.69985580444336,39.75
44.1618766784668,36.40999984741211
44.1618766784668,36.29999923706055
44.1618766784668,29.8700008392334
44.1618766784668,31.829999923706055
44.1618766784668,32.189998626708984
44.1618766784668,31.09000015258789
44.1618766784668,32.369998931884766
44.1618766784668,32.7599983215332
44.1618766784668,31.520000457763672
44.1618766784668,32.130001068115234
44.1618766784668,44.720001220703125
44.1618766784668,47.7400016784668
44.1618766784668,36.060001373291016
44.1618766784668,37.5099983215332
44.1618766784668,39.310001373291016
44.1618766784668,40.36000061035156
44.1618766784668,42.20000076293945
44.1618766784668,48.290000915527344
44.1618766784668,40.86000061035156
44.1618766784668,45.459999084472656
44.1618766784668,50.15999984741211
44.1618766784668,71.30999755859375
44.1618766784668,86.66999816894531
44.1618766784668,51.959999084472656
44.1618766784668,83.83000183105469
44.1618766784668,139.8000030517578
44.1618766784668,99.0199966430664
44.1618766784668,198.35000610351562
44.1618766784668,103.70999908447266
44.1618766784668,230.6999969482422
44.1618766784668,126.37999725341797
44.1618766784668,87.33000183105469
44.1618766784668,60.65999984741211
44.1618766784668,49.43000030517578
44.1618766784668,40.70000076293945
44.1618766784668,48.77000045776367
44.1618766784668,53.66999816894531
44.1618766784668,50.22999954223633
44.1618766784668,43.7599983215332
44.1618766784668,37.099998474121094
44.1618766784668,34.70000076293945
44.1618766784668,31.799999237060547
44.1618766784668,37.70000076293945
44.1618766784668,36.04999923706055
44.1618766784668,35.45000076293945
44.1618766784668,33.189998626708984
44.1618766784668,31.459999084472656
44.1618766784668,27.790000915527344
31.518163681030273,24.969999313354492
32.13130187988281,28.979999542236328
44.72130584716797,24.790000915527344
47.741416931152344,24.6299991607666
36.058685302734375,23.010000228881836
37.508670806884766,30.0
39.310794830322266,36.16999816894531
40.358924865722656,29.239999771118164
42.198333740234375,35.880001068115234
48.28826904296875,32.599998474121094
40.860206604003906,34.93000030517578
45.4587287902832,41.16999816894531
50.16082000732422,34.849998474121094
71.30987548828125,34.13999938964844
86.67143249511719,45.11000061035156
51.95880126953125,48.84000015258789
83.82946014404297,48.970001220703125
139.79885864257812,43.18000030517578
99.02114868164062,46.0099983215332
198.34922790527344,48.66999816894531
103.7108154296875,52.88999938964844
230.70045471191406,46.04999923706055
126.38028717041016,44.68000030517578
87.33013916015625,80.12999725341797
60.65870666503906,58.68000030517578
49.43168640136719,81.08999633789062
40.698638916015625,155.27000427246094
48.768836975097656,264.1499938964844
53.66978454589844,242.67999267578125
50.23124694824219,84.76000213623047
43.76017379760742,39.810001373291016
37.098533630371094,41.45000076293945
34.69984436035156,38.34000015258789
31.799875259399414,34.869998931884766
37.699241638183594,32.88999938964844
36.05039978027344,36.45000076293945
35.44969177246094,39.09000015258789
33.191856384277344,42.470001220703125
31.46016502380371,39.04999923706055
27.789630889892578,36.810001373291016
31.518163681030273,35.5099983215332
32.13130187988281,30.040000915527344
44.72130584716797,84.41999816894531
47.741416931152344,39.040000915527344
36.058685302734375,39.72999954223633
37.508670806884766,40.58000183105469
39.310794830322266,39.72999954223633
40.358924865722656,38.349998474121094
35.87986373901367,37.5099983215332
32.59837341308594,40.279998779296875
34.930206298828125,35.43000030517578
41.16880416870117,37.15999984741211
34.850284576416016,37.52000045776367
34.14038848876953,37.810001373291016
45.10847473144531,40.7400016784668
48.84129333496094,41.88999938964844
48.96822738647461,46.66999816894531
43.18095397949219,40.220001220703125
46.01112365722656,47.34000015258789
48.67204666137695,61.90999984741211
52.889095306396484,46.66999816894531
46.04873275756836,46.27000045776367
44.680660247802734,42.34000015258789
80.12831115722656,41.63999938964844
58.68107223510742,42.77000045776367
81.09207153320312,43.75
155.26885986328125,41.97999954223633
264.1505126953125,44.189998626708984
242.67974853515625,41.7400016784668
84.75907135009766,41.650001525878906
39.81013488769531,41.5099983215332
41.45088195800781,38.130001068115234
38.3386344909668,37.56999969482422
34.86908721923828,37.33000183105469
32.88985061645508,37.5099983215332
36.4487190246582,37.560001373291016
39.09083938598633,37.650001525878906
42.4710578918457,37.66999816894531
39.048526763916016,37.58000183105469
36.81071853637695,37.52000045776367
35.508460998535156,37.5
30.040874481201172,37.369998931884766
84.42057800292969,36.08000183105469
39.03912353515625,37.7599983215332
39.7302131652832,37.81999969482422
40.58114242553711,37.65999984741211
39.7302131652832,37.45000076293945
38.34803771972656,36.68000030517578
35.87986373901367,36.08000183105469
32.59837341308594,35.34000015258789
34.930206298828125,38.880001068115234
41.16880416870117,37.5
34.850284576416016,39.439998626708984
34.14038848876953,40.869998931884766
45.10847473144531,38.7599983215332
48.84129333496094,36.900001525878906
38.1300163269043,37.5
37.57014846801758,36.040000915527344
37.330078125,34.650001525878906
37.50990676879883,33.060001373291016
37.559959411621094,33.189998626708984
37.64987564086914,33.47999954223633
37.66980743408203,35.36000061035156
37.579891204833984,35.66999816894531
37.52009582519531,38.77000045776367
37.50016403198242,37.95000076293945
37.36994171142578,39.11000061035156
36.08012008666992,37.52000045776367
37.76016616821289,41.72999954223633
37.81996154785156,45.2599983215332
37.66006088256836,49.470001220703125
37.450111389160156,46.93000030517578
36.67985153198242,64.38999938964844
36.08012008666992,48.29999923706055
35.3399772644043,49.279998779296875
38.87990188598633,49.83000183105469
37.50016403198242,42.0
39.44021224975586,41.79999923706055
40.87000274658203,41.720001220703125
38.759864807128906,37.52000045776367
36.899986267089844,37.52000045776367
38.1300163269043,37.5
37.57014846801758,37.5099983215332
37.330078125,38.25
37.50990676879883,38.2599983215332
37.559959411621094,38.52000045776367
37.64987564086914,38.77000045776367
37.66980743408203,40.36000061035156
37.579891204833984,39.81999969482422
37.52009582519531,39.189998626708984
37.50016403198242,37.52000045776367
37.36994171142578,39.189998626708984
36.08012008666992,41.63999938964844
37.76016616821289,43.09000015258789
37.81996154785156,44.33000183105469
37.66006088256836,40.47999954223633
37.450111389160156,41.16999816894531
36.67985153198242,40.459999084472656
36.08012008666992,41.959999084472656
35.3399772644043,39.04999923706055
38.87990188598633,39.15999984741211
37.50016403198242,36.31999969482422
39.44021224975586,35.970001220703125
40.87000274658203,35.959999084472656
38.76995849609375,35.93000030517578
37.9501838684082,36.93000030517578
39.10991668701172,35.25
37.51985549926758,35.459999084472656
41.73007583618164,35.97999954223633
45.25983810424805,35.97999954223633
49.47005844116211,35.11000061035156
46.93004608154297,34.0099983215332
64.39006042480469,33.7400016784668
48.30010223388672,33.56999969482422
49.280174255371094,34.369998931884766
49.829917907714844,34.18000030517578
42.00010681152344,34.93000030517578
41.80000305175781,35.900001525878906
41.71985626220703,37.0
37.51985549926758,38.68000030517578
37.51985549926758,42.02000045776367
37.49995422363281,37.720001220703125
37.51017379760742,37.5099983215332
38.24979782104492,37.5099983215332
38.2600212097168,37.25
38.51982879638672,37.5
38.76995849609375,37.2400016784668
40.36001968383789,36.689998626708984
39.8199577331543,37.5099983215332
39.1900634765625,37.5099983215332
37.51985549926758,37.52000045776367
39.1900634765625,39.83000183105469
41.64024353027344,42.939998626708984
43.08991241455078,45.36000061035156
44.32979202270508,44.709999084472656
40.47997283935547,47.95000076293945
41.17011260986328,49.290000915527344
40.4600715637207,50.90999984741211
41.95976257324219,51.34000015258789
39.050209045410156,48.5099983215332
39.159942626953125,48.61000061035156
36.31977844238281,47.630001068115234
35.97013854980469,44.189998626708984
35.95991897583008,43.56999969482422
38.76995849609375,39.790000915527344
37.9501838684082,35.209999084472656
39.10991668701172,36.209999084472656
37.51985549926758,36.130001068115234
41.73007583618164,35.970001220703125
45.25983810424805,35.779998779296875
49.47005844116211,34.5099983215332
46.93004608154297,32.900001525878906
37.51004409790039,33.970001220703125
37.51004409790039,36.70000076293945
37.51004409790039,34.619998931884766
37.51004409790039,34.15999984741211
37.51004409790039,35.25
37.51004409790039,36.56999969482422
37.51004409790039,41.68000030517578
37.51004409790039,41.400001525878906
37.51004409790039,41.029998779296875
37.51004409790039,36.08000183105469
37.51004409790039,37.310001373291016
37.51004409790039,36.7599983215332
37.51004409790039,36.060001373291016
37.51004409790039,37.5099983215332
37.51004409790039,37.52000045776367
37.51004409790039,37.5099983215332
37.51004409790039,37.52000045776367
37.51004409790039,37.61000061035156
37.51004409790039,37.25
37.51004409790039,42.61000061035156
37.51004409790039,42.58000183105469
37.51004409790039,39.599998474121094
37.51004409790039,41.0099983215332
37.51004409790039,45.36000061035156
37.51004409790039,51.16999816894531
37.51004409790039,55.11000061035156
37.51004409790039,97.73999786376953
37.51004409790039,85.37000274658203
37.51004409790039,172.77999877929688
37.51004409790039,153.6300048828125
37.51004409790039,48.130001068115234
37.51004409790039,80.06999969482422
37.51004409790039,49.939998626708984
37.51004409790039,41.599998474121094
37.51004409790039,39.709999084472656
37.51004409790039,38.29999923706055
37.51004409790039,43.5
37.51004409790039,47.040000915527344
37.51004409790039,43.20000076293945
37.51004409790039,37.5099983215332
37.51004409790039,37.5099983215332
37.51004409790039,36.34000015258789
37.51004409790039,42.41999816894531
37.51004409790039,41.38999938964844
37.51004409790039,37.599998474121094
37.51004409790039,37.2400016784668
37.51004409790039,41.91999816894531
37.51004409790039,40.0099983215332
37.50939178466797,37.400001525878906
37.50939178466797,39.939998626708984
37.50939178466797,35.20000076293945
37.50939178466797,35.38999938964844
37.50939178466797,35.380001068115234
37.50939178466797,34.72999954223633
37.50939178466797,35.91999816894531
37.50939178466797,37.4900016784668
37.50939178466797,37.36000061035156
37.50939178466797,37.5099983215332
37.50939178466797,41.52000045776367
37.50939178466797,47.09000015258789
37.50939178466797,36.47999954223633
37.50939178466797,37.25
37.50939178466797,37.52000045776367
37.50939178466797,39.61000061035156
37.50939178466797,37.959999084472656
37.50939178466797,37.0
37.50939178466797,38.2400016784668
37.50939178466797,40.189998626708984
37.50939178466797,43.36000061035156
37.50939178466797,44.90999984741211
37.50939178466797,40.900001525878906
37.50939178466797,41.56999969482422
37.50939178466797,52.20000076293945
37.50939178466797,63.810001373291016
37.50939178466797,39.540000915527344
37.50939178466797,42.040000915527344
37.50939178466797,102.88999938964844
37.50939178466797,255.77999877929688
37.50939178466797,46.720001220703125
37.50939178466797,-37.400001525878906
37.50939178466797,35.310001373291016
37.50939178466797,51.900001525878906
37.50939178466797,36.9900016784668
37.50939178466797,43.45000076293945
37.50939178466797,45.41999816894531
37.50939178466797,50.02000045776367
37.50939178466797,38.93000030517578
37.50939178466797,37.56999969482422
37.50939178466797,36.91999816894531
37.50939178466797,35.88999938964844
37.50939178466797,49.40999984741211
37.50939178466797,48.45000076293945
37.50939178466797,41.349998474121094
37.50939178466797,40.15999984741211
37.50939178466797,39.08000183105469
37.50939178466797,37.34000015258789
37.35950469970703,36.93000030517578
37.510894775390625,35.97999954223633
41.51924514770508,35.11000061035156
47.08965301513672,35.689998626708984
36.47869873046875,36.689998626708984
37.24940490722656,37.599998474121094
37.521217346191406,40.720001220703125
39.60968780517578,45.619998931884766
37.96162033081055,42.22999954223633
37.001678466796875,38.06999969482422
38.24031066894531,37.47999954223633
40.191158294677734,37.52000045776367
43.35999298095703,36.04999923706055
44.90828323364258,37.400001525878906
40.89992904663086,39.0
41.57085418701172,38.18000030517578
52.19900894165039,36.72999954223633
63.811187744140625,37.0
39.54087448120117,37.2599983215332
42.03878402709961,37.56999969482422
102.89004516601562,41.93000030517578
255.778564453125,41.380001068115234
46.72150421142578,38.099998474121094
-37.398841857910156,35.9900016784668
35.30887985229492,36.099998474121094
51.89967346191406,36.16999816894531
36.991355895996094,35.95000076293945
43.44944763183594,36.290000915527344
45.420936584472656,36.2400016784668
50.021080017089844,37.5099983215332
38.92844009399414,36.220001220703125
37.56938552856445,36.9900016784668
36.91910171508789,35.869998931884766
35.890350341796875,35.97999954223633
49.40864562988281,35.95000076293945
48.448707580566406,35.97999954223633
41.35065460205078,37.52000045776367
40.16019058227539,37.2599983215332
39.07982635498047,37.560001373291016
37.33885955810547,36.220001220703125
37.35950469970703,35.970001220703125
37.510894775390625,35.54999923706055
41.51924514770508,36.47999954223633
47.08965301513672,36.83000183105469
36.47869873046875,36.939998626708984
37.24940490722656,37.380001068115234
37.521217346191406,36.650001525878906
39.60968780517578,33.939998626708984
37.28708267211914,30.5
37.28708267211914,28.190000534057617
37.28708267211914,27.079999923706055
37.28708267211914,25.959999084472656
37.28708267211914,25.959999084472656
37.28708267211914,30.700000762939453
37.28708267211914,30.950000762939453
37.28708267211914,29.510000228881836
37.28708267211914,33.68000030517578
37.28708267211914,32.70000076293945
37.28708267211914,41.52000045776367
37.28708267211914,41.97999954223633
37.28708267211914,38.65999984741211
37.28708267211914,37.52000045776367
37.28708267211914,38.310001373291016
37.28708267211914,37.599998474121094
37.28708267211914,37.560001373291016
37.28708267211914,37.529998779296875
37.28708267211914,37.52000045776367
37.28708267211914,39.029998779296875
37.28708267211914,37.81999969482422
37.28708267211914,37.720001220703125
37.28708267211914,38.45000076293945
37.28708267211914,38.58000183105469
37.28708267211914,38.91999816894531
37.28708267211914,37.84000015258789
37.28708267211914,37.52000045776367
37.28708267211914,40.59000015258789
37.28708267211914,37.52000045776367
37.28708267211914,39.0
37.28708267211914,37.54999923706055
37.28708267211914,37.5099983215332
37.28708267211914,37.209999084472656
37.28708267211914,36.77000045776367
37.28708267211914,35.97999954223633
37.28708267211914,35.970001220703125
37.28708267211914,36.900001525878906
37.28708267211914,36.970001220703125
37.28708267211914,36.689998626708984
37.28708267211914,34.459999084472656
37.28708267211914,34.63999938964844
37.28708267211914,30.489999771118164
37.28708267211914,32.709999084472656
37.28708267211914,31.56999969482422
37.28708267211914,31.010000228881836
37.28708267211914,31.649999618530273
37.28708267211914,30.479999542236328
37.28708267211914,28.84000015258789
33.679988861083984,26.469999313354492
32.699867248535156,25.959999084472656
41.52016830444336,21.450000762939453
41.9798583984375,25.959999084472656
38.659828186035156,25.31999969482422
37.520042419433594,25.959999084472656
38.31013488769531,29.079999923706055
37.60007858276367,28.690000534057617
37.55985641479492,35.45000076293945
37.5298957824707,35.13999938964844
37.520042419433594,33.470001220703125
39.03004455566406,32.65999984741211
37.820072174072266,34.150001525878906
37.71992492675781,36.06999969482422
38.450096130371094,37.5
38.580204010009766,37.5099983215332
38.9200439453125,37.77000045776367
37.84018325805664,37.52000045776367
37.520042419433594,37.5099983215332
40.59011459350586,40.029998779296875
37.520042419433594,39.619998931884766
39.00008010864258,38.2599983215332
37.55000686645508,37.5099983215332
37.51019287109375,37.52000045776367
37.21016311645508,37.52000045776367
36.77017593383789,37.52000045776367
35.98008346557617,37.52000045776367
35.96982192993164,37.52000045776367
36.899871826171875,38.25
36.97005844116211,37.529998779296875
36.69013977050781,37.5099983215332
34.45981979370117,37.52000045776367
34.6400032043457,37.52000045776367
30.490070343017578,37.52000045776367
32.71012496948242,37.52000045776367
31.569931030273438,37.52000045776367
31.010093688964844,39.0
31.649967193603516,37.52000045776367
30.479808807373047,37.52000045776367
28.840110778808594,37.2599983215332
33.679988861083984,37.5099983215332
32.699867248535156,35.540000915527344
41.52016830444336,37.560001373291016
41.9798583984375,38.189998626708984
38.659828186035156,37.5099983215332
37.520042419433594,36.18000030517578
38.31013488769531,35.290000915527344
37.60007858276367,30.979999542236328
35.45020294189453,27.200000762939453
35.13992691040039,27.600000381469727
33.470191955566406,25.889999389648438
32.6599235534668,26.260000228881836
34.150142669677734,25.959999084472656
36.06986999511719,26.690000534057617
37.49980926513672,27.260000228881836
37.51000213623047,26.020000457763672
37.77019119262695,25.959999084472656
37.520198822021484,29.280000686645508
37.51000213623047,31.649999618530273
40.02989959716797,31.90999984741211
39.61988830566406,33.150001525878906
38.259986877441406,40.29999923706055
37.51000213623047,37.72999954223633
37.520198822021484,39.880001068115234
37.520198822021484,49.650001525878906
37.520198822021484,49.27000045776367
37.520198822021484,48.619998931884766
37.520198822021484,48.9900016784668
38.249794006347656,49.34000015258789
37.52994918823242,54.560001373291016
37.51000213623047,56.04999923706055
37.520198822021484,47.0
37.520198822021484,40.65999984741211
37.520198822021484,37.5
37.520198822021484,41.40999984741211
37.520198822021484,41.18000030517578
39.000221252441406,47.15999984741211
37.520198822021484,46.84000015258789
37.520198822021484,42.68000030517578
37.260005950927734,39.7400016784668
37.51000213623047,70.37000274658203
35.540184020996094,45.630001068115234
37.560089111328125,37.84000015258789
38.1899528503418,42.27000045776367
37.51000213623047,43.869998931884766
36.1797981262207,44.08000183105469
35.29018783569336,40.52000045776367
30.979991912841797,39.060001373291016
35.45020294189453,37.02000045776367
35.13992691040039,33.77000045776367
33.470191955566406,37.16999816894531
32.6599235534668,38.099998474121094
34.150142669677734,39.97999954223633
36.06986999511719,39.470001220703125
37.49980926513672,31.059999465942383
37.51000213623047,28.100000381469727
38.05595016479492,27.31999969482422
38.05595016479492,29.25
38.05595016479492,24.510000228881836
38.05595016479492,24.3700008392334
38.05595016479492,25.510000228881836
38.05595016479492,26.010000228881836
38.05595016479492,27.6299991607666
38.05595016479492,24.709999084472656
38.05595016479492,24.389999389648438
38.05595016479492,25.959999084472656
38.05595016479492,26.020000457763672
38.05595016479492,26.020000457763672
38.05595016479492,31.530000686645508
38.05595016479492,33.5099983215332
38.05595016479492,33.56999969482422
38.05595016479492,33.31999969482422
38.05595016479492,37.689998626708984
38.05595016479492,38.15999984741211
38.05595016479492,42.38999938964844
38.05595016479492,42.68000030517578
38.05595016479492,45.220001220703125
38.05595016479492,45.2400016784668
38.05595016479492,44.77000045776367
38.05595016479492,49.36000061035156
38.05595016479492,47.45000076293945
38.05595016479492,50.040000915527344
38.05595016479492,48.84000015258789
38.05595016479492,49.970001220703125
38.05595016479492,48.68000030517578
38.05595016479492,49.529998779296875
38.05595016479492,50.06999969482422
38.05595016479492,48.41999816894531
38.05595016479492,46.970001220703125
38.05595016479492,48.869998931884766
38.05595016479492,42.56999969482422
38.05595016479492,38.939998626708984
38.05595016479492,45.119998931884766
38.05595016479492,43.439998626708984
38.05595016479492,38.779998779296875
38.05595016479492,36.88999938964844
38.05595016479492,37.0
38.05595016479492,36.59000015258789
38.05595016479492,49.209999084472656
38.05595016479492,41.7599983215332
38.05595016479492,38.540000915527344
38.05595016479492,35.08000183105469
38.05595016479492,30.889999389648438
38.05595016479492,33.0
37.15816879272461,29.350000381469727
37.15816879272461,29.780000686645508
37.15816879272461,30.309999465942383
37.15816879272461,27.899999618530273
37.15816879272461,29.780000686645508
37.15816879272461,33.36000061035156
37.15816879272461,36.279998779296875
37.15816879272461,33.27000045776367
37.15816879272461,31.989999771118164
37.15816879272461,32.20000076293945
37.15816879272461,32.36000061035156
37.15816879272461,37.16999816894531
37.15816879272461,37.5099983215332
37.15816879272461,37.52000045776367
37.15816879272461,38.41999816894531
37.15816879272461,40.0
37.15816879272461,47.0
37.15816879272461,43.63999938964844
37.15816879272461,39.619998931884766
37.15816879272461,41.119998931884766
37.15816879272461,41.970001220703125
37.15816879272461,40.5
37.15816879272461,41.41999816894531
37.15816879272461,44.779998779296875
37.15816879272461,47.439998626708984
37.15816879272461,45.84000015258789
37.15816879272461,47.81999969482422
37.15816879272461,49.779998779296875
37.15816879272461,48.849998474121094
37.15816879272461,48.849998474121094
37.15816879272461,46.04999923706055
37.15816879272461,47.93000030517578
37.15816879272461,43.060001373291016
37.15816879272461,42.06999969482422
37.15816879272461,40.65999984741211
37.15816879272461,49.72999954223633
37.15816879272461,47.380001068115234
37.15816879272461,43.470001220703125
37.15816879272461,39.68000030517578
37.15816879272461,37.439998626708984
37.15816879272461,36.970001220703125
37.15816879272461,35.90999984741211
37.15816879272461,44.130001068115234
37.15816879272461,36.439998626708984
37.15816879272461,37.47999954223633
37.15816879272461,34.38999938964844
37.15816879272461,31.700000762939453
37.15816879272461,30.5
36.25968551635742,29.579999923706055
36.25968551635742,28.690000534057617
36.25968551635742,31.110000610351562
36.25968551635742,30.170000076293945
36.25968551635742,32.27000045776367
36.25968551635742,30.549999237060547
36.25968551635742,32.150001525878906
36.25968551635742,37.5
36.25968551635742,37.290000915527344
36.25968551635742,36.70000076293945
36.25968551635742,38.459999084472656
36.25968551635742,42.849998474121094
36.25968551635742,45.9900016784668
36.25968551635742,42.02000045776367
36.25968551635742,42.43000030517578
36.25968551635742,42.06999969482422
36.25968551635742,41.22999954223633
36.25968551635742,40.31999969482422
36.25968551635742,38.869998931884766
36.25968551635742,44.29999923706055
36.25968551635742,36.83000183105469
36.25968551635742,40.43000030517578
36.25968551635742,38.4900016784668
36.25968551635742,37.52000045776367
36.25968551635742,38.31999969482422
36.25968551635742,41.54999923706055
36.25968551635742,42.9900016784668
36.25968551635742,46.560001373291016
36.25968551635742,61.939998626708984
36.25968551635742,61.95000076293945
36.25968551635742,61.86000061035156
36.25968551635742,45.47999954223633
36.25968551635742,34.61000061035156
36.25968551635742,35.70000076293945
36.25968551635742,31.399999618530273
36.25968551635742,39.27000045776367
36.25968551635742,37.93000030517578
36.25968551635742,37.939998626708984
36.25968551635742,38.459999084472656
36.25968551635742,35.83000183105469
36.25968551635742,36.7599983215332
36.25968551635742,33.38999938964844
36.25968551635742,45.36000061035156
36.25968551635742,38.27000045776367
36.25968551635742,36.959999084472656
36.25968551635742,35.970001220703125
36.25968551635742,35.0
36.25968551635742,35.439998626708984
37.290122985839844,31.860000610351562
36.699954986572266,30.790000915527344
38.460227966308594,28.190000534057617
42.84996032714844,27.639999389648438
45.989967346191406,28.010000228881836
42.02022171020508,29.739999771118164
42.42997741699219,30.260000228881836
42.069889068603516,33.58000183105469
41.229923248291016,32.22999954223633
40.31983947753906,32.16999816894531
38.86998748779297,35.88999938964844
44.29981231689453,39.709999084472656
36.8299674987793,35.40999984741211
40.43013000488281,37.90999984741211
38.490177154541016,37.52000045776367
37.520198822021484,38.900001525878906
38.31999206542969,42.83000183105469
41.54983901977539,47.90999984741211
42.990196228027344,47.41999816894531
46.55968475341797,47.06999969482422
61.93981170654297,41.779998779296875
61.950035095214844,46.83000183105469
61.86019515991211,57.83000183105469
45.48014831542969,59.5
34.610267639160156,64.2699966430664
35.70003128051758,55.150001525878906
31.4001407623291,51.13999938964844
39.27024841308594,60.099998474121094
37.929954528808594,59.720001220703125
37.940181732177734,76.94000244140625
38.460227966308594,88.55000305175781
35.83004379272461,76.9000015258789
36.759849548339844,50.81999969482422
33.38976287841797,49.720001220703125
45.36035919189453,49.66999816894531
38.27032470703125,62.630001068115234
36.95998001098633,55.72999954223633
35.970279693603516,54.619998931884766
35.00030517578125,54.02000045776367
35.440006256103516,51.45000076293945
37.290122985839844,43.11000061035156
36.699954986572266,37.439998626708984
38.460227966308594,46.900001525878906
42.84996032714844,43.11000061035156
45.989967346191406,40.380001068115234
42.02022171020508,37.4900016784668
42.42997741699219,37.52000045776367
42.069889068603516,37.52000045776367
43.110321044921875,36.95000076293945
43.110321044921875,36.70000076293945
43.110321044921875,37.84000015258789
43.110321044921875,37.43000030517578
43.110321044921875,36.90999984741211
43.110321044921875,34.43000030517578
43.110321044921875,37.83000183105469
43.110321044921875,39.880001068115234
43.110321044921875,42.029998779296875
43.110321044921875,42.08000183105469
43.110321044921875,43.459999084472656
43.110321044921875,41.619998931884766
43.110321044921875,38.88999938964844
43.110321044921875,37.58000183105469
43.110321044921875,39.380001068115234
43.110321044921875,39.06999969482422
43.110321044921875,44.380001068115234
43.110321044921875,45.150001525878906
43.110321044921875,45.40999984741211
43.110321044921875,48.54999923706055
43.110321044921875,52.7400016784668
43.110321044921875,51.08000183105469
43.110321044921875,48.790000915527344
43.110321044921875,49.65999984741211
43.110321044921875,61.869998931884766
43.110321044921875,57.95000076293945
43.110321044921875,55.189998626708984
43.110321044921875,62.2400016784668
43.110321044921875,59.810001373291016
43.110321044921875,57.95000076293945
43.110321044921875,61.970001220703125
43.110321044921875,65.26000213623047
43.110321044921875,56.61000061035156
43.110321044921875,46.130001068115234
43.110321044921875,41.40999984741211
43.110321044921875,48.06999969482422
43.110321044921875,48.0
43.110321044921875,49.27000045776367
43.110321044921875,47.72999954223633
43.110321044921875,37.459999084472656
43.110321044921875,36.790000915527344
43.110321044921875,33.59000015258789
43.110321044921875,41.150001525878906
43.110321044921875,37.66999816894531
43.110321044921875,37.27000045776367
43.110321044921875,35.349998474121094
43.110321044921875,35.150001525878906
43.110321044921875,33.369998931884766
42.029563903808594,29.18000030517578
42.080299377441406,29.559999465942383
43.45980453491211,28.6299991607666
41.620174407958984,26.770000457763672
38.89002990722656,25.959999084472656
37.57963180541992,28.1200008392334
39.37989807128906,29.459999084472656
39.07023239135742,29.489999771118164
44.38005828857422,27.559999465942383
45.14985275268555,30.209999084472656
45.4096565246582,35.939998626708984
48.55006408691406,38.0
52.74018859863281,34.90999984741211
51.07988739013672,36.2400016784668
48.78974914550781,36.4900016784668
49.66014099121094,33.939998626708984
61.8701171875,40.650001525878906
57.950294494628906,38.13999938964844
55.190406799316406,37.52000045776367
62.240142822265625,42.220001220703125
59.81004333496094,37.77000045776367
57.950294494628906,39.70000076293945
61.96984100341797,43.7599983215332
65.25983428955078,45.810001373291016
56.61015319824219,39.400001525878906
46.12958908081055,42.13999938964844
41.41022872924805,38.38999938964844
48.06981658935547,41.31999969482422
47.99983596801758,43.310001373291016
49.269996643066406,41.47999954223633
47.73040771484375,44.2599983215332
37.45978927612305,41.81999969482422
36.78971862792969,35.25
33.58982467651367,35.470001220703125
41.15042495727539,35.619998931884766
37.66973114013672,35.52000045776367
37.26996612548828,37.2599983215332
35.349853515625,37.52000045776367
35.15040588378906,36.66999816894531
33.370262145996094,34.650001525878906
42.029563903808594,31.260000228881836
42.080299377441406,30.6200008392334
43.45980453491211,46.27000045776367
41.620174407958984,40.540000915527344
38.89002990722656,37.9900016784668
37.57963180541992,34.81999969482422
39.37989807128906,35.52000045776367
39.07023239135742,33.13999938964844
33.94004821777344,30.75
33.94004821777344,31.43000030517578
33.94004821777344,34.25
33.94004821777344,30.799999237060547
33.94004821777344,30.59000015258789
33.94004821777344,33.279998779296875
33.94004821777344,37.18000030517578
33.94004821777344,37.0099983215332
33.94004821777344,38.20000076293945
33.94004821777344,36.720001220703125
33.94004821777344,34.52000045776367
33.94004821777344,37.2599983215332
33.94004821777344,37.52000045776367
33.94004821777344,39.2400016784668
33.94004821777344,41.25
33.94004821777344,42.810001373291016
33.94004821777344,42.56999969482422
33.94004821777344,40.869998931884766
33.94004821777344,41.779998779296875
33.94004821777344,41.83000183105469
33.94004821777344,37.5099983215332
33.94004821777344,37.52000045776367
33.94004821777344,37.52000045776367
33.94004821777344,37.52000045776367
33.94004821777344,37.52000045776367
33.94004821777344,37.52000045776367
33.94004821777344,37.52000045776367
33.94004821777344,37.52000045776367
33.94004821777344,38.06999969482422
33.94004821777344,37.52000045776367
33.94004821777344,37.52000045776367
33.94004821777344,39.119998931884766
33.94004821777344,38.060001373291016
33.94004821777344,38.08000183105469
33.94004821777344,37.52000045776367
33.94004821777344,37.72999954223633
33.94004821777344,38.369998931884766
33.94004821777344,38.95000076293945
33.94004821777344,43.38999938964844
33.94004821777344,38.220001220703125
33.94004821777344,37.52000045776367
33.94004821777344,36.529998779296875
33.94004821777344,38.70000076293945
33.94004821777344,38.540000915527344
33.94004821777344,37.5099983215332
33.94004821777344,37.5099983215332
33.94004821777344,38.84000015258789
33.94004821777344,37.939998626708984
38.19992446899414,36.689998626708984
36.71991729736328,36.5099983215332
34.51987075805664,35.619998931884766
37.25994110107422,35.20000076293945
37.520111083984375,33.689998626708984
39.24003982543945,34.040000915527344
41.24995040893555,30.18000030517578
42.81011962890625,30.780000686645508
42.56991958618164,30.829999923706055
40.86996078491211,30.040000915527344
41.78013229370117,30.809999465942383
41.82991409301758,32.470001220703125
37.509986877441406,34.84000015258789
37.520111083984375,37.11000061035156
37.520111083984375,37.849998474121094
37.520111083984375,39.130001068115234
37.520111083984375,43.06999969482422
37.520111083984375,37.5099983215332
37.520111083984375,38.029998779296875
37.520111083984375,37.45000076293945
38.06998062133789,37.150001525878906
37.520111083984375,36.90999984741211
37.520111083984375,36.08000183105469
39.119937896728516,34.65999984741211
38.06013870239258,35.22999954223633
38.080108642578125,37.5
37.520111083984375,37.54999923706055
37.72993469238281,37.540000915527344
38.37009048461914,40.290000915527344
38.95005798339844,46.040000915527344
43.39008331298828,49.459999084472656
38.21989440917969,49.59000015258789
37.520111083984375,49.7599983215332
36.53006362915039,54.68000030517578
38.70001220703125,49.779998779296875
38.539974212646484,61.91999816894531
37.509986877441406,62.11000061035156
37.509986877441406,61.90999984741211
38.84008026123047,60.15999984741211
37.94003677368164,49.38999938964844
38.19992446899414,49.0
36.71991729736328,45.720001220703125
34.51987075805664,48.189998626708984
37.25994110107422,47.349998474121094
37.520111083984375,48.849998474121094
39.24003982543945,46.869998931884766
41.24995040893555,43.34000015258789
42.81011962890625,37.130001068115234
37.50970458984375,35.7400016784668
38.029823303222656,32.220001220703125
37.449588775634766,33.0
37.14988708496094,30.799999237060547
36.910301208496094,34.5
36.08002471923828,35.599998474121094
34.65993118286133,37.91999816894531
35.22970962524414,44.4900016784668
37.500118255615234,47.709999084472656
37.54977798461914,41.779998779296875
37.54019546508789,45.369998931884766
40.28977584838867,49.0099983215332
46.03984832763672,46.599998474121094
49.460269927978516,49.33000183105469
49.590084075927734,49.40999984741211
49.759971618652344,49.59000015258789
54.67976760864258,49.59000015258789
49.78001022338867,49.29999923706055
61.91963195800781,48.869998931884766
62.11043167114258,49.06999969482422
61.91004943847656,49.52000045776367
60.159759521484375,49.7400016784668
49.38970184326172,55.540000915527344
49.00026321411133,61.060001373291016
45.72010803222656,60.45000076293945
48.190025329589844,66.38999938964844
47.35016632080078,64.61000061035156
48.85041427612305,47.43000030517578
46.87012481689453,58.7599983215332
43.339927673339844,79.41000366210938
37.12984848022461,66.98999786376953
37.12984848022461,49.29999923706055
37.12984848022461,42.16999816894531
37.12984848022461,50.720001220703125
37.12984848022461,38.66999816894531
37.12984848022461,49.63999938964844
37.12984848022461,51.029998779296875
37.12984848022461,53.970001220703125
37.12984848022461,49.40999984741211
37.12984848022461,44.29999923706055
37.12984848022461,40.70000076293945
37.12984848022461,37.7599983215332
37.12984848022461,46.36000061035156
37.12984848022461,47.150001525878906
37.12984848022461,42.20000076293945
37.12984848022461,35.529998779296875
37.12984848022461,35.7400016784668
37.12984848022461,36.939998626708984
47.710113525390625,32.08000183105469
41.77973937988281,30.149999618530273
45.37018966674805,29.440000534057617
49.01007080078125,29.770000457763672
46.59996032714844,28.170000076293945
49.33036422729492,29.459999084472656
49.410438537597656,38.25
49.590354919433594,38.38999938964844
49.590354919433594,34.81999969482422
49.299720764160156,37.18000030517578
48.86969757080078,54.58000183105469
49.07037353515625,54.310001373291016
49.52016830444336,42.97999954223633
49.739627838134766,40.709999084472656
55.539512634277344,43.18000030517578
61.05963897705078,48.650001525878906
60.4496955871582,48.810001373291016
66.38995361328125,41.65999984741211
64.60955810546875,49.349998474121094
47.43035125732422,51.06999969482422
58.76024627685547,51.650001525878906
79.41029357910156,64.45999908447266
66.9900131225586,61.34000015258789
49.299720764160156,68.16999816894531
42.17021942138672,68.18000030517578
50.72028350830078,84.31999969482422
38.66972732543945,73.44000244140625
49.63978576660156,80.0
51.029701232910156,87.26000213623047
53.96968078613281,91.16000366210938
49.410438537597656,82.30999755859375
44.29957962036133,75.30000305175781
40.70022964477539,62.119998931884766
37.760250091552734,55.7400016784668
46.3597412109375,41.380001068115234
47.149600982666016,39.5
42.19987869262695,48.84000015258789
35.530059814453125,43.40999984741211
35.73963165283203,41.529998779296875
36.93974685668945,37.04999923706055
47.710113525390625,36.90999984741211
41.77973937988281,33.9900016784668
45.37018966674805,39.650001525878906
49.01007080078125,37.43000030517578
46.59996032714844,49.95000076293945
49.33036422729492,55.279998779296875
49.410438537597656,46.06999969482422
49.590354919433594,42.70000076293945
34.8205451965332,41.439998626708984
37.18075180053711,38.779998779296875
54.57917404174805,30.639999389648438
54.31010055541992,29.959999084472656
42.980777740478516,31.420000076293945
40.71026611328125,35.310001373291016
43.180091857910156,42.52000045776367
48.649593353271484,41.9900016784668
48.81070327758789,41.81999969482422
41.66032409667969,44.84000015258789
49.35051345825195,64.6500015258789
51.0695915222168,75.62000274658203
51.64926528930664,57.9900016784668
64.46015167236328,52.619998931884766
61.339229583740234,66.44000244140625
68.17070770263672,64.56999969482422
68.18067169189453,72.66000366210938
84.32009887695312,79.91000366210938
73.4392318725586,67.27999877929688
79.9999771118164,73.3499984741211
87.25997924804688,61.130001068115234
91.15988159179688,58.650001525878906
82.31034851074219,56.06999969482422
75.29949188232422,57.900001525878906
62.119876861572266,55.95000076293945
55.740177154541016,94.9000015258789
41.37962341308594,59.540000915527344
39.49943542480469,46.310001373291016
48.84060287475586,51.77000045776367
43.4093017578125,60.959999084472656
41.5307731628418,59.93000030517578
37.049537658691406,89.75
36.91001892089844,59.5
33.99007034301758,53.90999984741211
39.65058135986328,49.36000061035156
37.429893493652344,61.869998931884766
49.95011520385742,65.37000274658203
55.280094146728516,73.12999725341797
46.07014083862305,61.0099983215332
42.70008087158203,55.90999984741211
34.8205451965332,49.959999084472656
37.18075180053711,45.18000030517578
54.57917404174805,88.18000030517578
54.31010055541992,66.6500015258789
42.980777740478516,58.869998931884766
40.71026611328125,55.349998474121094
43.180091857910156,62.970001220703125
48.649593353271484,45.130001068115234
57.479583740234375,41.29999923706055
57.479583740234375,38.88999938964844
57.479583740234375,41.540000915527344
57.479583740234375,38.869998931884766
57.479583740234375,37.15999984741211
57.479583740234375,37.849998474121094
57.479583740234375,46.7400016784668
57.479583740234375,47.630001068115234
57.479583740234375,47.20000076293945
57.479583740234375,46.0099983215332
57.479583740234375,52.33000183105469
57.479583740234375,53.5099983215332
57.479583740234375,51.58000183105469
57.479583740234375,54.720001220703125
57.479583740234375,57.220001220703125
57.479583740234375,56.970001220703125
57.479583740234375,55.4900016784668
57.479583740234375,57.33000183105469
57.479583740234375,57.959999084472656
57.479583740234375,58.13999938964844
57.479583740234375,57.029998779296875
57.479583740234375,55.720001220703125
57.479583740234375,52.599998474121094
57.479583740234375,54.02000045776367
57.479583740234375,53.97999954223633
57.479583740234375,59.66999816894531
57.479583740234375,65.25
57.479583740234375,48.66999816894531
57.479583740234375,47.41999816894531
57.479583740234375,49.369998931884766
57.479583740234375,31.219999313354492
57.479583740234375,85.13999938964844
57.479583740234375,131.1300048828125
57.479583740234375,188.82000732421875
57.479583740234375,90.20999908447266
57.479583740234375,92.41000366210938
57.479583740234375,103.4000015258789
57.479583740234375,62.25
57.479583740234375,49.619998931884766
57.479583740234375,48.83000183105469
57.479583740234375,49.029998779296875
57.479583740234375,42.709999084472656
57.479583740234375,51.380001068115234
57.479583740234375,47.36000061035156
57.479583740234375,47.119998931884766
57.479583740234375,43.11000061035156
57.479583740234375,45.5
57.479583740234375,40.380001068115234
47.20000076293945,37.869998931884766
46.011138916015625,38.560001373291016
52.329105377197266,40.56999969482422
53.5101318359375,41.38999938964844
51.57920455932617,40.040000915527344
54.71989822387695,41.58000183105469
57.22043228149414,42.880001068115234
56.96959686279297,43.08000183105469
55.490699768066406,43.86000061035156
57.33017349243164,52.209999084472656
57.95988082885742,45.09000015258789
58.14017105102539,54.880001068115234
57.029693603515625,55.540000915527344
55.72063446044922,55.41999816894531
52.60084533691406,47.18000030517578
54.01964569091797,51.970001220703125
53.98044967651367,56.15999984741211
59.6687126159668,71.55000305175781
65.24984741210938,59.290000915527344
48.671058654785156,64.55999755859375
47.41948318481445,58.689998626708984
49.36869812011719,65.98999786376953
31.219568252563477,76.23999786376953
85.13916015625,82.77999877929688
131.13124084472656,81.54000091552734
188.82122802734375,88.9800033569336
90.21077728271484,76.47000122070312
92.41082763671875,67.69999694824219
103.40065002441406,61.560001373291016
62.250244140625,162.91000366210938
49.619537353515625,214.7100067138672
48.8304443359375,70.52999877929688
49.029022216796875,64.7300033569336
42.7110595703125,61.959999084472656
51.3806266784668,55.18000030517578
47.35939025878906,64.33000183105469
47.11900329589844,64.44000244140625
43.1108283996582,60.31999969482422
45.4990119934082,55.810001373291016
40.3803596496582,50.11000061035156
47.20000076293945,48.630001068115234
46.011138916015625,45.029998779296875
52.329105377197266,46.68000030517578
53.5101318359375,47.380001068115234
51.57920455932617,47.65999984741211
54.71989822387695,42.22999954223633
57.22043228149414,40.52000045776367
56.96959686279297,38.02000045776367
43.86073684692383,32.869998931884766
52.21097946166992,35.58000183105469
45.088802337646484,34.75
54.88029479980469,35.5
55.54086685180664,35.220001220703125
55.42076110839844,32.470001220703125
47.17861557006836,31.530000686645508
51.97077178955078,30.780000686645508
56.15940475463867,30.479999542236328
71.55075073242188,29.520000457763672
59.29111862182617,29.3799991607666
64.5606918334961,32.060001373291016
58.69059753417969,34.58000183105469
65.98992919921875,42.0099983215332
76.2408218383789,47.38999938964844
82.7804946899414,45.709999084472656
81.54042053222656,48.83000183105469
88.98086547851562,51.54999923706055
76.4690170288086,54.79999923706055
67.701416015625,66.01000213623047
61.56108856201172,70.19000244140625
162.91099548339844,71.70999908447266
214.70892333984375,70.41000366210938
70.52986907958984,99.30000305175781
64.72883605957031,83.80999755859375
61.96043395996094,76.98999786376953
55.1805534362793,75.16999816894531
64.3294906616211,104.58999633789062
64.44058227539062,115.37999725341797
60.321014404296875,88.30999755859375
55.811100006103516,68.37000274658203
50.109153747558594,61.150001525878906
48.62887191772461,60.810001373291016
45.02874755859375,50.84000015258789
46.68018341064453,47.439998626708984
47.37978744506836,51.349998474121094
47.65903091430664,60.40999984741211
42.230323791503906,62.09000015258789
40.518836975097656,55.869998931884766
38.020668029785156,50.720001220703125
43.86073684692383,48.970001220703125
52.21097946166992,45.939998626708984
45.088802337646484,58.45000076293945
54.88029479980469,66.5199966430664
55.54086685180664,57.54999923706055
55.42076110839844,47.43000030517578
47.17861557006836,41.72999954223633
51.97077178955078,48.880001068115234
50.72041320800781,43.79999923706055
48.9705924987793,42.91999816894531
45.940269470214844,40.83000183105469
58.44996643066406,41.959999084472656
66.51937103271484,43.970001220703125
57.54977035522461,44.220001220703125
47.429134368896484,47.9900016784668
41.730587005615234,40.58000183105469
48.87956237792969,38.099998474121094
50.72041320800781,37.93000030517578
48.9705924987793,37.52000045776367
45.940269470214844,42.09000015258789
58.44996643066406,42.29999923706055
66.51937103271484,46.7599983215332
57.54977035522461,56.279998779296875
47.429134368896484,61.41999816894531
41.730587005615234,59.900001525878906
48.87956237792969,53.40999984741211
50.72041320800781,56.5
48.9705924987793,61.220001220703125
45.940269470214844,69.8499984741211
58.44996643066406,75.62999725341797
66.51937103271484,63.54999923706055
57.54977035522461,68.25
47.429134368896484,78.63999938964844
41.730587005615234,66.30000305175781
48.87956237792969,49.68000030517578
50.72041320800781,51.470001220703125
48.9705924987793,57.689998626708984
45.940269470214844,53.529998779296875
58.44996643066406,57.75
66.51937103271484,66.2300033569336
57.54977035522461,52.58000183105469
47.429134368896484,46.439998626708984
41.730587005615234,60.06999969482422
48.87956237792969,106.12000274658203
50.72041320800781,94.0999984741211
48.9705924987793,117.91999816894531
45.940269470214844,62.43000030517578
58.44996643066406,49.65999984741211
66.51937103271484,90.72000122070312
57.54977035522461,45.7599983215332
47.429134368896484,52.65999984741211
41.730587005615234,47.779998779296875
48.87956237792969,48.83000183105469
50.72041320800781,42.31999969482422
48.9705924987793,38.54999923706055
45.940269470214844,35.59000015258789
56.03750228881836,31.559999465942383
56.03750228881836,31.959999084472656
56.03750228881836,30.780000686645508
56.03750228881836,27.09000015258789
56.03750228881836,29.010000228881836
56.03750228881836,31.84000015258789
56.03750228881836,37.810001373291016
56.03750228881836,38.0
56.03750228881836,46.77000045776367
56.03750228881836,45.43000030517578
56.03750228881836,46.029998779296875
56.03750228881836,52.11000061035156
56.03750228881836,39.11000061035156
56.03750228881836,50.2599983215332
56.03750228881836,48.209999084472656
56.03750228881836,68.44999694824219
56.03750228881836,59.869998931884766
56.03750228881836,61.869998931884766
56.03750228881836,51.41999816894531
56.03750228881836,61.970001220703125
56.03750228881836,61.970001220703125
56.03750228881836,81.55999755859375
56.03750228881836,67.8499984741211
56.03750228881836,76.45999908447266
56.03750228881836,64.79000091552734
56.03750228881836,62.61000061035156
56.03750228881836,61.83000183105469
56.03750228881836,52.16999816894531
56.03750228881836,60.52000045776367
56.03750228881836,60.540000915527344
56.03750228881836,59.369998931884766
56.03750228881836,62.84000015258789
56.03750228881836,59.88999938964844
56.03750228881836,61.84000015258789
56.03750228881836,38.43000030517578
56.03750228881836,38.22999954223633
56.03750228881836,48.810001373291016
56.03750228881836,40.349998474121094
56.03750228881836,43.04999923706055
56.03750228881836,39.130001068115234
56.03750228881836,37.41999816894531
56.03750228881836,30.110000610351562
56.03750228881836,91.91000366210938
56.03750228881836,49.189998626708984
56.03750228881836,51.630001068115234
56.03750228881836,47.349998474121094
56.03750228881836,38.52000045776367
56.03750228881836,36.9900016784668
46.770381927490234,36.27000045776367
45.42958068847656,30.799999237060547
46.030479431152344,29.3799991607666
52.11042785644531,26.639999389648438
39.11072540283203,25.959999084472656
50.259944915771484,26.889999389648438
48.20964813232422,37.95000076293945
68.45054626464844,37.95000076293945
59.8699951171875,37.25
61.86961364746094,34.34000015258789
51.41975402832031,38.65999984741211
61.969520568847656,42.4900016784668
61.969520568847656,37.5
81.56029510498047,37.869998931884766
67.84965515136719,45.04999923706055
76.46061706542969,45.099998474121094
64.79013061523438,38.38999938964844
62.60951614379883,40.380001068115234
61.83052062988281,42.41999816894531
52.16979217529297,44.08000183105469
60.52012252807617,41.2400016784668
60.5403938293457,38.849998474121094
59.370452880859375,38.060001373291016
62.83974075317383,38.20000076293945
59.89026641845703,41.349998474121094
61.84065628051758,41.529998779296875
38.4301872253418,39.619998931884766
38.230369567871094,40.93000030517578
48.810546875,42.38999938964844
40.35017013549805,46.380001068115234
43.05059814453125,56.95000076293945
39.129547119140625,59.7599983215332
37.419517517089844,49.41999816894531
30.110261917114258,42.5099983215332
91.91024780273438,40.369998931884766
49.189910888671875,41.38999938964844
51.62970733642578,41.79999923706055
47.34956359863281,39.099998474121094
38.51995849609375,40.56999969482422
36.98947525024414,37.59000015258789
46.770381927490234,36.29999923706055
45.42958068847656,32.279998779296875
46.030479431152344,45.869998931884766
52.11042785644531,39.900001525878906
39.11072540283203,40.43000030517578
50.259944915771484,36.20000076293945
48.20964813232422,34.25
68.45054626464844,33.18000030517578
37.250179290771484,31.15999984741211
34.340274810791016,32.810001373291016
38.66006088256836,28.760000228881836
42.489784240722656,29.979999542236328
37.50028610229492,25.959999084472656
37.8697395324707,31.059999465942383
45.0499153137207,33.40999984741211
45.10006332397461,37.65999984741211
38.3902702331543,35.77000045776367
40.379722595214844,35.689998626708984
42.41995620727539,36.439998626708984
44.0799446105957,43.099998474121094
41.2398681640625,41.0
38.8498649597168,48.150001525878906
38.060176849365234,51.2400016784668
38.199832916259766,56.2599983215332
41.34968948364258,63.29999923706055
41.529972076416016,60.869998931884766
39.619869232177734,40.16999816894531
40.93008804321289,51.66999816894531
42.39012145996094,49.65999984741211
46.37981033325195,47.70000076293945
56.949798583984375,41.720001220703125
59.76003646850586,42.75
49.41984939575195,42.810001373291016
42.51009750366211,46.599998474121094
40.370201110839844,44.16999816894531
41.390316009521484,43.79999923706055
41.79975891113281,46.83000183105469
39.099971771240234,47.900001525878906
40.570159912109375,45.400001525878906
37.58979415893555,46.209999084472656
36.299888610839844,43.849998474121094
32.279727935791016,41.36000061035156
45.87007141113281,41.720001220703125
39.89981460571289,47.83000183105469
40.42987060546875,47.599998474121094
36.200225830078125,48.779998779296875
34.2501335144043,49.119998931884766
33.179866790771484,45.68000030517578
37.250179290771484,41.790000915527344
34.340274810791016,36.43000030517578
38.66006088256836,45.459999084472656
42.489784240722656,39.22999954223633
37.50028610229492,47.2599983215332
37.8697395324707,41.16999816894531
45.0499153137207,39.060001373291016
45.10006332397461,35.880001068115234
35.769737243652344,34.22999954223633
35.68998718261719,35.38999938964844
36.43994903564453,34.70000076293945
43.0998649597168,29.790000915527344
41.00028610229492,28.100000381469727
48.15020751953125,28.260000228881836
51.23976135253906,39.06999969482422
56.260196685791016,40.7599983215332
63.29969787597656,41.86000061035156
60.87038040161133,38.70000076293945
40.16980743408203,41.63999938964844
51.66995620727539,40.630001068115234
49.66009521484375,39.5099983215332
47.700077056884766,42.72999954223633
41.7203369140625,46.7599983215332
42.75019073486328,42.310001373291016
42.810001373291016,42.36000061035156
46.599674224853516,45.2400016784668
44.17036056518555,43.279998779296875
43.79998016357422,48.349998474121094
46.82972717285156,50.0
47.90021896362305,51.08000183105469
45.400352478027344,49.77000045776367
46.21012496948242,52.290000915527344
43.849822998046875,49.88999938964844
41.359928131103516,49.959999084472656
41.7203369140625,49.810001373291016
47.82966995239258,49.83000183105469
47.5996208190918,49.959999084472656
48.7797737121582,51.810001373291016
49.12024688720703,49.959999084472656
45.68024826049805,51.95000076293945
41.79011917114258,48.209999084472656
36.42997741699219,48.77000045776367
45.460166931152344,49.63999938964844
39.22967529296875,49.83000183105469
47.259918212890625,50.220001220703125
41.16975402832031,49.56999969482422
39.060203552246094,49.09000015258789
35.88016128540039,41.029998779296875
35.769737243652344,40.65999984741211
35.68998718261719,37.54999923706055
36.43994903564453,51.22999954223633
43.0998649597168,43.470001220703125
41.00028610229492,38.2400016784668
48.15020751953125,38.119998931884766
51.23976135253906,40.310001373291016
56.260196685791016,35.75
41.85969924926758,33.790000915527344
38.69996643066406,17.6299991607666
41.64030838012695,14.130000114440918
40.63032913208008,28.209999084472656
39.51032257080078,18.93000030517578
42.73000717163086,18.959999084472656
46.76005172729492,21.969999313354492
42.30967712402344,18.709999084472656
42.35974884033203,18.5
45.24013900756836,29.020000457763672
43.280128479003906,35.68000030517578
48.34980010986328,37.959999084472656
50.000160217285156,38.599998474121094
51.07997512817383,40.099998474121094
49.77022933959961,40.36000061035156
52.29023742675781,38.81999969482422
49.89013671875,45.27000045776367
49.95996856689453,43.09000015258789
49.809757232666016,40.81999969482422
49.83018112182617,45.52000045776367
49.95996856689453,42.310001373291016
51.80995559692383,35.369998931884766
49.95996856689453,36.20000076293945
51.950286865234375,35.61000061035156
48.21012878417969,33.22999954223633
48.7701301574707,35.70000076293945
49.6397819519043,35.150001525878906
49.83018112182617,36.029998779296875
50.22020721435547,38.61000061035156
49.5699462890625,46.58000183105469
49.0903205871582,43.380001068115234
41.030235290527344,49.13999938964844
40.659976959228516,49.310001373291016
37.550315856933594,48.939998626708984
51.230186462402344,46.16999816894531
43.469871520996094,45.16999816894531
38.24010467529297,43.7599983215332
38.120201110839844,48.90999984741211
40.31013870239258,47.439998626708984
35.74974060058594,42.540000915527344
41.85969924926758,43.119998931884766
38.69996643066406,44.439998626708984
41.64030838012695,39.150001525878906
40.63032913208008,42.79999923706055
39.51032257080078,42.91999816894531
42.73000717163086,37.93000030517578
46.76005172729492,33.79999923706055
42.30967712402344,28.229999542236328
36.107730865478516,21.149999618530273
36.107730865478516,19.540000915527344
36.107730865478516,18.8700008392334
36.107730865478516,15.100000381469727
36.107730865478516,17.670000076293945
36.107730865478516,5.639999866485596
36.107730865478516,18.770000457763672
36.107730865478516,18.90999984741211
36.107730865478516,22.3700008392334
36.107730865478516,20.469999313354492
36.107730865478516,26.329999923706055
36.107730865478516,31.290000915527344
36.107730865478516,38.09000015258789
36.107730865478516,35.95000076293945
36.107730865478516,36.5099983215332
36.107730865478516,34.689998626708984
36.107730865478516,35.97999954223633
36.107730865478516,34.75
36.107730865478516,35.18000030517578
36.107730865478516,39.689998626708984
36.107730865478516,39.970001220703125
36.107730865478516,41.2400016784668
36.107730865478516,39.61000061035156
36.107730865478516,41.439998626708984
36.107730865478516,38.56999969482422
36.107730865478516,39.91999816894531
36.107730865478516,39.08000183105469
36.107730865478516,35.47999954223633
36.107730865478516,35.099998474121094
36.107730865478516,36.63999938964844
36.107730865478516,37.91999816894531
36.107730865478516,38.779998779296875
36.107730865478516,41.58000183105469
36.107730865478516,41.97999954223633
36.107730865478516,41.58000183105469
36.107730865478516,44.279998779296875
36.107730865478516,49.380001068115234
36.107730865478516,49.56999969482422
36.107730865478516,49.040000915527344
36.107730865478516,47.79999923706055
36.107730865478516,41.72999954223633
36.107730865478516,36.790000915527344
36.107730865478516,43.45000076293945
36.107730865478516,40.54999923706055
36.107730865478516,44.59000015258789
36.107730865478516,35.970001220703125
36.107730865478516,35.02000045776367
36.107730865478516,26.65999984741211
34.597293853759766,12.8100004196167
34.597293853759766,14.5
34.597293853759766,22.479999542236328
34.597293853759766,17.399999618530273
34.597293853759766,16.100000381469727
34.597293853759766,18.940000534057617
34.597293853759766,22.479999542236328
34.597293853759766,21.329999923706055
34.597293853759766,24.18000030517578
34.597293853759766,26.020000457763672
34.597293853759766,28.549999237060547
34.597293853759766,35.40999984741211
34.597293853759766,37.630001068115234
34.597293853759766,34.86000061035156
34.597293853759766,40.029998779296875
34.597293853759766,36.11000061035156
34.597293853759766,37.52000045776367
34.597293853759766,35.97999954223633
34.597293853759766,36.5
34.597293853759766,35.33000183105469
34.597293853759766,35.099998474121094
34.597293853759766,34.02000045776367
34.597293853759766,34.619998931884766
34.597293853759766,36.029998779296875
34.597293853759766,35.63999938964844
34.597293853759766,36.470001220703125
34.597293853759766,35.97999954223633
34.597293853759766,36.029998779296875
34.597293853759766,39.75
34.597293853759766,39.68000030517578
34.597293853759766,35.97999954223633
34.597293853759766,38.59000015258789
34.597293853759766,35.810001373291016
34.597293853759766,36.02000045776367
34.597293853759766,36.869998931884766
34.597293853759766,37.27000045776367
34.597293853759766,39.31999969482422
34.597293853759766,47.290000915527344
34.597293853759766,38.900001525878906
34.597293853759766,35.970001220703125
34.597293853759766,36.5099983215332
34.597293853759766,37.13999938964844
34.597293853759766,35.529998779296875
34.597293853759766,35.93000030517578
34.597293853759766,42.650001525878906
34.597293853759766,41.13999938964844
34.597293853759766,39.119998931884766
34.597293853759766,37.560001373291016
33.43916702270508,22.829999923706055
33.43916702270508,24.899999618530273
33.43916702270508,30.670000076293945
33.43916702270508,17.260000228881836
33.43916702270508,28.209999084472656
33.43916702270508,17.84000015258789
33.43916702270508,25.729999542236328
33.43916702270508,19.110000610351562
33.43916702270508,25.110000610351562
33.43916702270508,24.040000915527344
33.43916702270508,25.389999389648438
33.43916702270508,30.549999237060547
33.43916702270508,38.470001220703125
33.43916702270508,31.799999237060547
33.43916702270508,38.849998474121094
33.43916702270508,42.11000061035156
33.43916702270508,44.720001220703125
33.43916702270508,41.33000183105469
33.43916702270508,40.060001373291016
33.43916702270508,41.689998626708984
33.43916702270508,40.290000915527344
33.43916702270508,38.119998931884766
33.43916702270508,37.279998779296875
33.43916702270508,36.72999954223633
33.43916702270508,37.65999984741211
33.43916702270508,37.97999954223633
33.43916702270508,40.81999969482422
33.43916702270508,38.18000030517578
33.43916702270508,41.130001068115234
33.43916702270508,41.630001068115234
33.43916702270508,41.529998779296875
33.43916702270508,48.08000183105469
33.43916702270508,43.040000915527344
33.43916702270508,45.11000061035156
33.43916702270508,41.040000915527344
33.43916702270508,40.68000030517578
33.43916702270508,41.709999084472656
33.43916702270508,45.779998779296875
33.43916702270508,48.650001525878906
33.43916702270508,39.349998474121094
33.43916702270508,40.029998779296875
33.43916702270508,36.61000061035156
33.43916702270508,46.029998779296875
33.43916702270508,46.97999954223633
33.43916702270508,45.91999816894531
33.43916702270508,42.029998779296875
33.43916702270508,38.65999984741211
33.43916702270508,35.220001220703125
36.73033905029297,28.200000762939453
37.660400390625,27.690000534057617
37.97995376586914,25.280000686645508
40.81999588012695,22.860000610351562
38.1801872253418,21.81999969482422
41.12974166870117,22.209999084472656
41.62991714477539,26.079999923706055
41.530208587646484,26.059999465942383
48.079872131347656,31.309999465942383
43.03971862792969,36.0
45.109886169433594,34.34000015258789
41.03984069824219,36.75
40.680240631103516,35.709999084472656
41.71001052856445,38.16999816894531
45.780052185058594,40.849998474121094
48.65032958984375,38.54999923706055
39.34971237182617,38.959999084472656
40.029685974121094,38.959999084472656
36.610198974609375,38.63999938964844
46.03013610839844,39.20000076293945
46.97981262207031,41.08000183105469
45.91980743408203,41.900001525878906
42.03038024902344,40.7599983215332
38.65993118286133,41.83000183105469
35.220008850097656,42.34000015258789
35.220008850097656,44.2599983215332
35.220008850097656,47.869998931884766
35.220008850097656,48.150001525878906
35.220008850097656,44.72999954223633
35.220008850097656,52.9900016784668
35.220008850097656,56.959999084472656
35.220008850097656,63.77000045776367
35.220008850097656,57.45000076293945
35.220008850097656,59.060001373291016
35.220008850097656,41.38999938964844
35.220008850097656,43.36000061035156
35.220008850097656,44.36000061035156
35.220008850097656,43.70000076293945
35.220008850097656,41.83000183105469
35.220008850097656,39.099998474121094
35.220008850097656,39.29999923706055
35.220008850097656,38.84000015258789
35.220008850097656,63.599998474121094
35.220008850097656,49.130001068115234
35.220008850097656,49.900001525878906
35.220008850097656,49.88999938964844
35.220008850097656,43.380001068115234
35.220008850097656,39.25
36.00003433227539,37.97999954223633
36.00003433227539,34.77000045776367
36.00003433227539,28.559999465942383
36.00003433227539,29.329999923706055
36.00003433227539,28.649999618530273
36.00003433227539,26.479999542236328
36.00003433227539,36.7400016784668
36.00003433227539,38.959999084472656
36.00003433227539,37.849998474121094
36.00003433227539,38.91999816894531
36.00003433227539,38.15999984741211
36.00003433227539,38.720001220703125
36.00003433227539,38.369998931884766
36.00003433227539,40.52000045776367
36.00003433227539,41.790000915527344
36.00003433227539,43.2400016784668
36.00003433227539,43.529998779296875
36.00003433227539,44.290000915527344
36.00003433227539,42.810001373291016
36.00003433227539,45.47999954223633
36.00003433227539,49.959999084472656
36.00003433227539,49.650001525878906
36.00003433227539,49.5099983215332
36.00003433227539,46.47999954223633
36.00003433227539,47.2400016784668
36.00003433227539,48.47999954223633
36.00003433227539,50.43000030517578
36.00003433227539,58.61000061035156
36.00003433227539,121.38999938964844
36.00003433227539,77.83999633789062
36.00003433227539,56.119998931884766
36.00003433227539,135.94000244140625
36.00003433227539,79.19000244140625
36.00003433227539,65.87999725341797
36.00003433227539,49.779998779296875
36.00003433227539,49.849998474121094
36.00003433227539,68.88999938964844
36.00003433227539,64.54000091552734
36.00003433227539,51.220001220703125
36.00003433227539,60.58000183105469
36.00003433227539,55.959999084472656
36.00003433227539,42.75
36.00003433227539,64.19000244140625
36.00003433227539,49.81999969482422
36.00003433227539,49.54999923706055
36.00003433227539,45.90999984741211
36.00003433227539,42.93000030517578
36.00003433227539,39.279998779296875
