pred,true
38.6246223449707,30.389999389648438
38.8734245300293,25.190000534057617
38.657798767089844,24.799999237060547
34.90919876098633,25.200000762939453
32.786102294921875,25.450000762939453
28.60624885559082,25.399999618530273
26.284109115600586,27.329999923706055
24.4263973236084,33.65999984741211
26.881229400634766,34.060001373291016
26.4831485748291,41.880001068115234
34.17938232421875,47.06999969482422
36.40200424194336,49.650001525878906
38.39241027832031,47.220001220703125
41.01311111450195,48.290000915527344
46.55307388305664,49.470001220703125
43.857730865478516,47.790000915527344
46.9179801940918,47.36000061035156
49.50550842285156,46.11000061035156
40.33305358886719,47.56999969482422
50.79927062988281,46.099998474121094
48.775691986083984,43.2400016784668
48.045875549316406,44.380001068115234
49.47233581542969,48.34000015258789
48.57665252685547,47.41999816894531
46.652591705322266,46.150001525878906
45.9891242980957,44.0099983215332
49.107425689697266,41.900001525878906
48.609825134277344,44.11000061035156
48.9747314453125,43.220001220703125
46.71894073486328,42.08000183105469
51.064659118652344,41.880001068115234
53.685359954833984,41.959999084472656
55.60941696166992,41.959999084472656
55.476722717285156,41.959999084472656
60.121002197265625,40.72999954223633
57.99790573120117,41.959999084472656
61.97871398925781,41.959999084472656
64.49989318847656,40.400001525878906
55.87480545043945,37.22999954223633
49.30646514892578,35.04999923706055
54.017093658447266,35.029998779296875
52.623809814453125,32.95000076293945
46.71894073486328,34.5
43.66698455810547,35.959999084472656
39.387611389160156,35.650001525878906
44.3387451171875,34.97999954223633
41.42778015136719,35.31999969482422
40.615028381347656,36.880001068115234
38.11684036254883,34.15999984741211
36.58293533325195,28.989999771118164
34.4906005859375,25.34000015258789
36.42742156982422,25.299999237060547
29.994915008544922,25.389999389648438
28.18532943725586,25.459999084472656
24.339962005615234,29.18000030517578
27.054340362548828,39.81999969482422
25.35785484313965,47.209999084472656
26.149547576904297,42.7599983215332
30.277664184570312,43.560001373291016
33.67063522338867,45.369998931884766
34.8016242980957,41.900001525878906
34.63197708129883,41.869998931884766
42.124786376953125,41.959999084472656
41.502742767333984,40.959999084472656
42.082374572753906,42.0
46.196353912353516,41.93000030517578
37.64323806762695,42.150001525878906
41.728939056396484,41.939998626708984
44.2736701965332,41.959999084472656
45.37638473510742,42.150001525878906
42.124786376953125,41.959999084472656
42.167198181152344,41.720001220703125
43.82127380371094,39.119998931884766
43.4254264831543,38.709999084472656
43.792999267578125,36.9900016784668
42.13892364501953,39.38999938964844
42.13892364501953,40.9900016784668
44.782615661621094,43.150001525878906
45.57430648803711,42.09000015258789
45.121910095214844,43.150001525878906
47.299068450927734,40.5099983215332
48.99555206298828,40.209999084472656
52.16232681274414,39.41999816894531
51.087886810302734,42.54999923706055
58.83517074584961,40.650001525878906
57.02558517456055,36.9900016784668
49.84379577636719,35.08000183105469
48.486610412597656,34.56999969482422
49.052101135253906,33.130001068115234
48.37350845336914,33.83000183105469
43.70817565917969,34.84000015258789
42.15306091308594,36.279998779296875
36.96464538574219,37.90999984741211
40.43537139892578,36.47999954223633
37.57255172729492,36.22999954223633
36.79499435424805,35.97999954223633
36.98740005493164,32.290000915527344
37.51936721801758,25.190000534057617
36.234222412109375,25.440000534057617
37.024269104003906,27.780000686645508
33.0950927734375,24.209999084472656
29.977031707763672,26.90999984741211
29.09217643737793,37.040000915527344
27.912368774414062,40.59000015258789
28.46013641357422,44.369998931884766
28.71295166015625,38.779998779296875
31.283245086669922,41.20000076293945
32.378780364990234,48.13999938964844
36.80305480957031,46.84000015258789
33.30577087402344,47.97999954223633
39.189002990722656,48.970001220703125
40.08966064453125,49.099998474121094
38.86508560180664,49.11000061035156
43.43946838378906,49.09000015258789
38.759742736816406,48.09000015258789
41.37480545043945,48.09000015258789
41.227333068847656,43.40999984741211
39.099464416503906,41.7599983215332
40.51102066040039,43.119998931884766
40.00539016723633,43.119998931884766
40.563690185546875,41.959999084472656
40.82704162597656,41.959999084472656
40.458351135253906,41.880001068115234
40.60582733154297,41.65999984741211
40.43728256225586,47.54999923706055
41.73296356201172,48.9900016784668
41.48014831542969,44.15999984741211
43.10238265991211,38.209999084472656
44.59820556640625,37.5
44.34539031982422,37.380001068115234
47.25277328491211,38.779998779296875
45.904422760009766,41.310001373291016
53.531028747558594,40.70000076293945
51.8455924987793,39.33000183105469
46.45219039916992,35.41999816894531
43.35519790649414,34.09000015258789
44.55607223510742,33.97999954223633
42.891700744628906,33.79999923706055
41.438011169433594,37.540000915527344
40.78490447998047,32.349998474121094
36.82412338256836,34.16999816894531
37.2454833984375,35.849998474121094
37.30342102050781,36.630001068115234
36.71878433227539,34.63999938964844
38.32136917114258,31.670000076293945
39.626617431640625,26.8700008392334
36.79684829711914,24.360000610351562
34.87954330444336,25.280000686645508
32.61606216430664,24.489999771118164
27.449993133544922,25.459999084472656
28.621679306030273,25.469999313354492
26.491342544555664,27.440000534057617
27.02392578125,34.290000915527344
28.355388641357422,36.04999923706055
30.592241287231445,38.779998779296875
35.0393180847168,40.029998779296875
35.571903228759766,41.5099983215332
35.91808319091797,44.34000015258789
43.2144889831543,45.16999816894531
42.16263198852539,42.88999938964844
40.85114288330078,43.939998626708984
45.63774490356445,39.7400016784668
40.79788589477539,38.900001525878906
43.72044372558594,37.279998779296875
42.894935607910156,35.959999084472656
40.737972259521484,35.97999954223633
43.32100296020508,35.459999084472656
40.435062408447266,29.389999389648438
42.68190383911133,33.95000076293945
41.60342025756836,34.130001068115234
43.16122817993164,35.619998931884766
42.894935607910156,37.11000061035156
41.390384674072266,35.97999954223633
41.18400955200195,40.790000915527344
42.14931869506836,35.63999938964844
44.19976806640625,36.5
45.95729446411133,36.16999816894531
46.889320373535156,36.72999954223633
49.39246368408203,38.0099983215332
49.658756256103516,40.9900016784668
59.7245979309082,40.2400016784668
55.463924407958984,37.439998626708984
52.00212860107422,35.689998626708984
47.475162506103516,35.290000915527344
47.63493728637695,32.720001220703125
46.78280258178711,32.02000045776367
42.18926239013672,34.150001525878906
39.95906448364258,31.43000030517578
37.156341552734375,29.959999084472656
41.243927001953125,27.299999237060547
37.27617263793945,31.010000228881836
37.30280303955078,30.950000762939453
32.06398010253906,24.280000686645508
33.99220657348633,23.34000015258789
33.033363342285156,19.270000457763672
29.535154342651367,18.959999084472656
28.14430046081543,18.959999084472656
25.657623291015625,18.959999084472656
25.446887969970703,23.469999313354492
25.067564010620117,23.110000610351562
24.43535804748535,23.989999771118164
25.320446014404297,24.209999084472656
27.217065811157227,25.450000762939453
29.70374298095703,25.459999084472656
30.061992645263672,25.299999237060547
31.66358184814453,25.469999313354492
37.216461181640625,25.469999313354492
37.964569091796875,25.760000228881836
37.71168899536133,25.469999313354492
39.376495361328125,25.469999313354492
39.29220199584961,26.459999084472656
37.69061279296875,25.479999542236328
37.47987747192383,25.6200008392334
37.98564529418945,26.3799991607666
38.3017463684082,25.670000076293945
37.49041748046875,26.200000762939453
36.17332077026367,29.90999984741211
36.2786865234375,30.799999237060547
35.42257308959961,31.649999618530273
36.92142868041992,34.099998474121094
37.37451171875,33.97999954223633
37.85920333862305,35.880001068115234
36.668548583984375,34.459999084472656
41.294189453125,34.90999984741211
41.54707336425781,35.099998474121094
41.884246826171875,37.849998474121094
44.623809814453125,37.91999816894531
43.61227798461914,47.119998931884766
50.06078338623047,40.47999954223633
49.133544921875,37.93000030517578
46.183250427246094,35.54999923706055
40.95701217651367,35.77000045776367
41.968544006347656,34.959999084472656
39.2711296081543,29.959999084472656
36.7739143371582,32.349998474121094
34.58358383178711,27.1200008392334
32.76994323730469,25.65999984741211
36.6474723815918,27.219999313354492
34.408409118652344,27.31999969482422
34.41104507446289,32.04999923706055
26.557235717773438,25.459999084472656
25.338979721069336,24.399999618530273
24.885120391845703,24.31999969482422
24.598472595214844,24.389999389648438
22.615821838378906,24.5
21.708101272583008,25.459999084472656
20.08376121520996,24.950000762939453
21.039255142211914,25.450000762939453
20.561508178710938,33.790000915527344
19.080493927001953,37.91999816894531
23.28466796875,45.59000015258789
24.71790885925293,45.189998626708984
24.407373428344727,41.529998779296875
24.741796493530273,42.0099983215332
37.760406494140625,42.38999938964844
31.454143524169922,40.40999984741211
35.37166976928711,42.790000915527344
34.272850036621094,44.7599983215332
28.0681095123291,42.0099983215332
32.24242401123047,39.61000061035156
30.444902420043945,40.33000183105469
31.537748336791992,43.20000076293945
32.02743911743164,45.81999969482422
28.103940963745117,41.470001220703125
30.845014572143555,40.709999084472656
30.068675994873047,37.970001220703125
29.859661102294922,37.15999984741211
33.38901901245117,38.09000015258789
28.97694969177246,38.81999969482422
30.3374080657959,41.06999969482422
32.95904541015625,41.58000183105469
31.549692153930664,44.66999816894531
32.6246223449707,46.04999923706055
34.511722564697266,43.93000030517578
33.341243743896484,41.709999084472656
36.37493896484375,43.400001525878906
44.87883758544922,40.79999923706055
42.77674865722656,37.400001525878906
41.152408599853516,36.470001220703125
35.18056869506836,35.5099983215332
33.341243743896484,35.20000076293945
32.60073471069336,31.010000228881836
29.722309112548828,34.970001220703125
27.38134765625,31.1299991607666
27.273855209350586,25.670000076293945
28.569744110107422,28.170000076293945
29.114675521850586,25.84000015258789
28.062137603759766,25.40999984741211
33.566646575927734,22.989999771118164
33.666221618652344,19.850000381469727
31.176849365234375,18.959999084472656
27.080059051513672,18.959999084472656
25.316162109375,18.959999084472656
21.90216827392578,18.959999084472656
22.015968322753906,25.200000762939453
20.877971649169922,25.479999542236328
20.991769790649414,31.829999923706055
24.06436538696289,35.369998931884766
27.76285743713379,39.150001525878906
29.839702606201172,48.56999969482422
29.697452545166016,38.04999923706055
34.420143127441406,35.91999816894531
35.878204345703125,35.959999084472656
38.8156623840332,35.16999816894531
41.13433074951172,35.52000045776367
41.8455810546875,36.06999969482422
38.417362213134766,39.5099983215332
40.96363067626953,41.0099983215332
40.96363067626953,37.900001525878906
45.11732482910156,37.61000061035156
40.0532341003418,37.18000030517578
40.13858413696289,37.4900016784668
38.644962310791016,38.029998779296875
40.622230529785156,37.5099983215332
39.17128372192383,37.2400016784668
40.53688049316406,37.5
41.78868103027344,38.06999969482422
39.0574836730957,40.22999954223633
42.44302749633789,37.810001373291016
45.80012130737305,38.83000183105469
48.07611846923828,37.529998779296875
46.426021575927734,37.310001373291016
50.86421203613281,37.4900016784668
48.189918518066406,38.529998779296875
50.5797119140625,37.060001373291016
52.51430892944336,36.720001220703125
46.31222152709961,32.61000061035156
43.97932434082031,31.8799991607666
44.605224609375,31.889999389648438
41.731781005859375,28.229999542236328
37.350486755371094,34.369998931884766
37.9052619934082,30.520000457763672
35.330543518066406,30.34000015258789
38.70186233520508,29.59000015258789
37.33626174926758,28.270000457763672
35.13139343261719,32.79999923706055
31.44414520263672,26.510000228881836
31.93695068359375,21.760000228881836
30.276973724365234,19.06999969482422
28.941211700439453,19.229999542236328
26.373435974121094,19.829999923706055
24.55783462524414,22.920000076293945
20.407894134521484,25.479999542236328
20.719139099121094,32.150001525878906
20.822887420654297,38.029998779296875
22.845985412597656,41.130001068115234
24.920955657958984,41.08000183105469
29.38214111328125,42.72999954223633
28.681838989257812,41.459999084472656
30.108381271362305,42.56999969482422
36.631568908691406,40.97999954223633
35.814552307128906,39.13999938964844
34.83542251586914,42.59000015258789
40.17198944091797,42.95000076293945
30.238067626953125,40.84000015258789
39.808868408203125,42.38999938964844
38.71950912475586,42.34000015258789
37.29296875,46.029998779296875
37.500465393066406,49.02000045776367
34.97807693481445,46.13999938964844
37.630149841308594,39.90999984741211
37.34484100341797,40.970001220703125
34.965110778808594,41.97999954223633
37.889522552490234,41.72999954223633
37.37078094482422,42.310001373291016
37.47452926635742,42.040000915527344
39.54949951171875,42.150001525878906
40.84635543823242,41.97999954223633
43.07695007324219,42.029998779296875
45.35941696166992,41.97999954223633
48.73124313354492,36.939998626708984
45.10004425048828,42.38999938964844
50.287471771240234,40.83000183105469
52.98493194580078,39.86000061035156
44.68505096435547,36.90999984741211
39.004817962646484,34.70000076293945
39.65324783325195,33.34000015258789
38.30451583862305,29.06999969482422
37.1892204284668,32.66999816894531
35.594085693359375,32.720001220703125
30.26400375366211,34.619998931884766
34.49824142456055,34.59000015258789
32.87068557739258,28.0
33.36835479736328,30.329999923706055
32.38991928100586,23.690000534057617
33.276859283447266,20.899999618530273
35.61246871948242,17.979999542236328
30.675167083740234,18.959999084472656
29.137802124023438,18.260000228881836
22.929218292236328,19.149999618530273
21.74662971496582,24.1299991607666
21.27359390258789,30.559999465942383
21.98314666748047,38.689998626708984
22.397052764892578,37.880001068115234
26.890884399414062,43.61000061035156
31.20733070373535,38.4900016784668
32.18296432495117,37.25
33.809024810791016,35.52000045776367
41.85062026977539,35.4900016784668
39.51500701904297,35.97999954223633
41.93931198120117,38.29999923706055
43.949710845947266,35.97999954223633
36.10028839111328,34.36000061035156
45.22099304199219,35.97999954223633
43.41754913330078,39.970001220703125
41.466278076171875,39.970001220703125
40.7271614074707,35.97999954223633
40.78628921508789,36.11000061035156
38.7463264465332,35.97999954223633
39.559356689453125,36.97999954223633
42.05757141113281,35.97999954223633
41.14106750488281,39.47999954223633
43.80188751220703,39.86000061035156
40.99324417114258,39.7400016784668
42.914947509765625,40.65999984741211
46.758358001708984,38.060001373291016
49.06440353393555,38.2599983215332
49.83308410644531,37.779998779296875
53.91300964355469,37.84000015258789
50.601768493652344,40.06999969482422
56.632965087890625,38.970001220703125
58.05207061767578,36.06999969482422
50.306121826171875,33.68000030517578
44.245357513427734,31.260000228881836
45.812286376953125,30.59000015258789
43.151466369628906,30.139999389648438
41.25932312011719,33.959999084472656
37.530479431152344,29.56999969482422
33.74989318847656,34.29999923706055
39.559356689453125,31.5
34.45944595336914,35.290000915527344
35.03595733642578,32.290000915527344
31.83987808227539,25.209999084472656
32.83974075317383,25.1200008392334
31.66490364074707,24.979999542236328
29.740169525146484,23.719999313354492
28.26537322998047,24.959999084472656
25.09081268310547,25.459999084472656
22.641149520874023,31.989999771118164
20.591432571411133,35.959999084472656
20.391460418701172,40.939998626708984
22.94110870361328,36.84000015258789
26.690589904785156,40.81999969482422
28.790300369262695,47.61000061035156
30.71503448486328,42.290000915527344
32.80224609375,41.97999954223633
37.31412124633789,41.97999954223633
35.98930740356445,41.970001220703125
36.176780700683594,42.72999954223633
39.86376953125,41.97999954223633
33.99470901489258,41.97999954223633
40.13873291015625,42.119998931884766
38.96389389038086,42.02000045776367
37.86404800415039,43.119998931884766
37.61408233642578,41.88999938964844
37.58908462524414,41.970001220703125
38.788917541503906,41.970001220703125
37.639076232910156,41.97999954223633
36.02680206298828,41.970001220703125
35.864322662353516,41.95000076293945
38.139007568359375,43.59000015258789
34.314537048339844,42.060001373291016
37.83905029296875,41.11000061035156
43.388282775878906,36.20000076293945
42.83835983276367,34.9900016784668
46.03791809082031,34.790000915527344
45.887939453125,34.52000045776367
43.68824005126953,37.79999923706055
51.18720626831055,35.4900016784668
51.687137603759766,34.220001220703125
45.48799133300781,34.189998626708984
39.91376495361328,33.63999938964844
39.038883209228516,33.939998626708984
39.46382522583008,32.09000015258789
37.539093017578125,36.09000015258789
35.545616149902344,35.290000915527344
32.502288818359375,35.970001220703125
36.114288330078125,34.779998779296875
31.739892959594727,35.470001220703125
33.23031234741211,36.02000045776367
34.88196563720703,31.920000076293945
37.879093170166016,25.459999084472656
33.96681213378906,25.200000762939453
33.48635482788086,25.40999984741211
29.619831085205078,25.329999923706055
26.599822998046875,25.399999618530273
26.09648895263672,25.559999465942383
26.87436866760254,25.479999542236328
26.87436866760254,25.610000610351562
28.841949462890625,25.479999542236328
28.887706756591797,27.84000015258789
30.901046752929688,34.63999938964844
33.257568359375,34.95000076293945
30.901046752929688,36.33000183105469
34.85908508300781,39.95000076293945
38.72561264038086,36.380001068115234
40.23561477661133,39.52000045776367
41.69986343383789,40.459999084472656
32.25089645385742,42.52000045776367
38.64553451538086,41.970001220703125
40.32713317871094,42.31999969482422
41.3566780090332,41.43000030517578
39.183189392089844,39.130001068115234
40.05258560180664,37.0099983215332
39.97250747680664,35.93000030517578
40.35000991821289,33.9900016784668
37.653167724609375,34.2400016784668
40.212738037109375,35.099998474121094
38.71417236328125,34.529998779296875
38.227996826171875,35.18000030517578
42.157440185546875,35.52000045776367
39.57212829589844,35.95000076293945
43.118350982666016,35.0
43.3013801574707,35.900001525878906
43.94198989868164,35.970001220703125
44.674110412597656,37.06999969482422
46.961997985839844,35.79999923706055
47.968666076660156,34.97999954223633
43.804718017578125,32.380001068115234
40.96773910522461,30.260000228881836
42.7065315246582,29.200000762939453
42.157440185546875,26.440000534057617
39.40053939819336,32.470001220703125
36.84382629394531,30.110000610351562
33.8524169921875,27.209999084472656
36.043067932128906,29.860000610351562
35.45393753051758,30.899999618530273
35.665565490722656,27.260000228881836
30.82184410095215,24.280000686645508
29.354982376098633,20.940000534057617
28.590560913085938,18.959999084472656
26.27663803100586,18.959999084472656
26.731159210205078,18.959999084472656
24.251956939697266,18.959999084472656
24.334596633911133,18.959999084472656
23.921396255493164,18.959999084472656
20.9876708984375,18.959999084472656
24.04535675048828,19.0
25.367597579956055,19.6200008392334
29.375642776489258,25.489999771118164
29.354982376098633,25.420000076293945
31.47263526916504,25.59000015258789
35.821571350097656,25.790000915527344
34.92285919189453,25.90999984741211
36.97853088378906,25.90999984741211
37.32975387573242,26.15999984741211
38.59001541137695,29.459999084472656
36.524009704589844,29.200000762939453
35.80091094970703,29.18000030517578
36.503353118896484,32.459999084472656
36.75127029418945,33.720001220703125
36.007511138916016,34.540000915527344
35.862892150878906,35.08000183105469
36.048831939697266,35.75
36.77193069458008,35.79999923706055
36.338069915771484,35.16999816894531
36.317413330078125,35.79999923706055
35.32572937011719,35.959999084472656
36.565330505371094,36.119998931884766
40.036216735839844,37.34000015258789
40.6560173034668,39.66999816894531
40.40809631347656,41.0
41.81298065185547,42.09000015258789
40.90393829345703,40.33000183105469
46.275543212890625,38.209999084472656
45.53178405761719,36.91999816894531
43.383140563964844,35.79999923706055
37.43305206298828,34.939998626708984
37.763614654541016,33.349998474121094
35.98685073852539,27.440000534057617
35.057151794433594,26.719999313354492
33.08282470703125,26.040000915527344
30.96646499633789,25.799999237060547
33.65226745605469,25.850000381469727
31.57593536376953,25.84000015258789
32.076942443847656,24.510000228881836
25.476417541503906,20.030000686645508
26.108234405517578,18.959999084472656
23.223852157592773,18.8700008392334
21.79539680480957,18.959999084472656
19.378009796142578,18.959999084472656
17.894611358642578,18.959999084472656
16.081571578979492,25.459999084472656
17.784730911254883,26.010000228881836
18.169315338134766,32.02000045776367
18.828601837158203,37.29999923706055
20.751523971557617,36.22999954223633
23.883140563964844,37.349998474121094
23.251323699951172,36.66999816894531
23.113971710205078,36.970001220703125
30.826261520385742,37.40999984741211
31.58856201171875,37.43000030517578
32.92087173461914,36.310001373291016
34.431739807128906,35.970001220703125
29.36174964904785,36.15999984741211
31.561092376708984,36.27000045776367
32.12423324584961,35.959999084472656
34.15703582763672,37.41999816894531
33.113162994384766,41.189998626708984
29.113765716552734,40.45000076293945
33.0032844543457,42.099998474121094
32.2615852355957,40.959999084472656
30.551557540893555,42.0
34.15703582763672,41.970001220703125
32.2615852355957,42.15999984741211
30.44167709350586,42.43000030517578
33.03075408935547,42.9900016784668
33.60763168334961,42.0099983215332
36.574424743652344,41.97999954223633
36.052486419677734,41.97999954223633
36.684303283691406,41.97999954223633
38.22264099121094,50.61000061035156
47.892189025878906,43.27000045776367
43.936466217041016,40.060001373291016
39.54121780395508,37.970001220703125
33.60763168334961,36.58000183105469
35.448143005371094,35.56999969482422
34.15703582763672,35.060001373291016
29.76178741455078,33.25
28.209712982177734,29.09000015258789
27.11090087890625,25.959999084472656
28.978023529052734,28.389999389648438
30.311193466186523,25.829999923706055
29.81329345703125,24.989999771118164
32.68023681640625,19.40999984741211
33.65291213989258,18.40999984741211
30.14350700378418,18.790000915527344
26.906452178955078,13.369999885559082
23.63827133178711,18.959999084472656
22.704504013061523,17.1200008392334
19.778705596923828,18.959999084472656
18.78268814086914,18.959999084472656
21.70848846435547,24.25
20.961475372314453,26.420000076293945
27.435585021972656,31.100000381469727
29.676624298095703,38.59000015258789
26.813074111938477,37.20000076293945
31.20177459716797,39.72999954223633
39.13878631591797,41.97999954223633
38.734153747558594,42.04999923706055
38.531837463378906,43.20000076293945
42.251338958740234,41.97999954223633
38.0649528503418,41.86000061035156
42.56259536743164,41.95000076293945
41.691078186035156,39.970001220703125
39.91692352294922,39.72999954223633
42.126834869384766,38.68000030517578
39.761295318603516,40.33000183105469
40.570560455322266,37.93000030517578
39.761295318603516,30.600000381469727
39.73017120361328,28.8700008392334
38.983158111572266,34.29999923706055
42.469215393066406,34.150001525878906
39.04541015625,35.95000076293945
39.63679504394531,38.25
48.35194396972656,39.849998474121094
49.285709381103516,38.630001068115234
51.77574920654297,37.650001525878906
49.9704704284668,39.43000030517578
49.90821838378906,46.439998626708984
57.25384521484375,38.459999084472656
55.261810302734375,36.41999816894531
47.1069221496582,34.75
43.12285232543945,33.959999084472656
43.43410873413086,35.7400016784668
42.53146743774414,28.479999542236328
41.28644561767578,28.75
36.97555923461914,25.649999618530273
32.400108337402344,25.850000381469727
38.79640579223633,27.5
37.08449935913086,29.579999923706055
34.66230010986328,25.059999465942383
28.148576736450195,19.030000686645508
30.213760375976562,17.56999969482422
27.91727638244629,12.869999885559082
27.983362197875977,11.949999809265137
20.317398071289062,16.31999969482422
20.846084594726562,19.139999389648438
14.898353576660156,20.81999969482422
16.286157608032227,23.239999771118164
17.806133270263672,29.389999389648438
18.334819793701172,40.52000045776367
22.89474868774414,42.54999923706055
26.661643981933594,38.279998779296875
26.132957458496094,36.11000061035156
26.8929443359375,36.029998779296875
34.68281936645508,36.5
34.75716781616211,38.20000076293945
35.00498962402344,43.41999816894531
40.57272720336914,46.36000061035156
29.965938568115234,47.9900016784668
38.92057800292969,38.38999938964844
37.53277587890625,40.810001373291016
38.3258056640625,41.279998779296875
35.74845504760742,39.2599983215332
34.971946716308594,37.09000015258789
35.73193359375,38.33000183105469
37.16930389404297,41.66999816894531
37.86320495605469,39.130001068115234
38.65623474121094,38.619998931884766
34.24500274658203,42.56999969482422
38.95362091064453,38.4900016784668
39.84577941894531,36.7400016784668
38.623191833496094,37.06999969482422
43.44746398925781,37.040000915527344
43.77789306640625,35.790000915527344
48.271732330322266,35.20000076293945
47.61087417602539,39.77000045776367
53.75686264038086,35.88999938964844
52.56731414794922,35.959999084472656
44.174407958984375,34.18000030517578
40.73794174194336,27.790000915527344
43.117034912109375,30.149999618530273
42.191829681396484,28.110000610351562
36.227577209472656,31.0
34.971946716308594,28.469999313354492
29.949417114257812,28.809999465942383
34.92238235473633,27.260000228881836
30.568973541259766,31.239999771118164
29.734638214111328,29.739999771118164
29.794599533081055,21.440000534057617
32.695579528808594,17.030000686645508
28.75644302368164,16.709999084472656
26.814083099365234,18.15999984741211
24.938701629638672,18.959999084472656
16.83437156677246,19.18000030517578
17.370195388793945,19.399999618530273
18.37486457824707,27.6200008392334
16.09761619567871,33.04999923706055
18.173931121826172,39.97999954223633
22.326560974121094,46.130001068115234
27.048503875732422,48.11000061035156
25.909879684448242,45.810001373291016
31.561141967773438,44.060001373291016
38.50172805786133,46.33000183105469
36.60960388183594,45.7599983215332
38.09986114501953,43.15999984741211
40.51106643676758,40.470001220703125
33.17279815673828,39.70000076293945
39.80780029296875,40.86000061035156
39.87477493286133,42.15999984741211
40.477577209472656,41.959999084472656
37.5138053894043,42.0
37.24589157104492,43.099998474121094
37.44682693481445,44.369998931884766
37.430084228515625,37.5099983215332
36.157501220703125,36.810001373291016
36.25796890258789,38.58000183105469
39.372440338134766,35.810001373291016
37.697994232177734,35.97999954223633
38.2003288269043,36.40999984741211
42.754825592041016,37.66999816894531
48.113059997558594,36.04999923706055
47.10839080810547,36.66999816894531
49.18470764160156,36.290000915527344
45.76883316040039,46.70000076293945
55.614585876464844,41.5099983215332
54.67689514160156,40.83000183105469
47.84514617919922,35.75
42.82180404663086,34.22999954223633
40.1426887512207,32.900001525878906
40.41059875488281,28.479999542236328
36.844024658203125,28.780000686645508
31.351837158203125,29.790000915527344
29.91181182861328,32.31999969482422
35.27841567993164,30.65999984741211
31.653236389160156,29.899999618530273
32.595115661621094,28.850000381469727
30.450942993164062,25.68000030517578
33.42972183227539,20.700000762939453
31.66953468322754,18.809999465942383
31.517210006713867,18.959999084472656
25.068832397460938,18.959999084472656
23.44404411315918,18.959999084472656
17.689586639404297,20.299999237060547
18.29888153076172,24.93000030517578
20.600666046142578,30.239999771118164
19.720571517944336,35.15999984741211
24.933433532714844,37.66999816894531
28.69075584411621,37.66999816894531
29.706249237060547,35.810001373291016
28.656906127929688,36.040000915527344
39.96272277832031,36.66999816894531
39.52267837524414,37.15999984741211
39.11648178100586,37.470001220703125
44.498592376708984,37.4900016784668
32.1434326171875,37.33000183105469
42.12910842895508,37.560001373291016
40.80896759033203,37.31999969482422
40.944366455078125,37.5099983215332
39.438053131103516,38.150001525878906
38.659507751464844,37.150001525878906
38.067138671875,37.56999969482422
39.438053131103516,35.20000076293945
40.064273834228516,34.459999084472656
39.658077239990234,33.95000076293945
38.87953186035156,34.93000030517578
42.196807861328125,35.630001068115234
40.572021484375,36.709999084472656
42.94150161743164,34.52000045776367
46.05567932128906,33.66999816894531
47.95126724243164,34.959999084472656
53.29952621459961,34.959999084472656
49.64375305175781,45.650001525878906
59.39248275756836,37.470001220703125
59.12168502807617,36.63999938964844
49.372955322265625,34.970001220703125
45.71718215942383,32.90999984741211
45.92028045654297,32.20000076293945
44.295494079589844,29.110000610351562
40.944366455078125,35.150001525878906
38.33793640136719,33.5
30.51864242553711,32.060001373291016
36.17578125,29.93000030517578
33.79360580444336,35.06999969482422
31.788009643554688,34.060001373291016
32.603248596191406,25.850000381469727
31.721420288085938,23.350000381469727
30.553592681884766,20.3799991607666
28.480100631713867,18.3700008392334
26.716440200805664,18.959999084472656
24.66678237915039,18.959999084472656
23.04612159729004,19.34000015258789
20.519798278808594,18.959999084472656
20.94879722595215,21.520000457763672
21.71146011352539,25.31999969482422
25.66777801513672,29.84000015258789
29.671762466430664,34.04999923706055
29.290430068969727,34.0099983215332
32.49302291870117,34.310001373291016
35.23682403564453,35.97999954223633
34.70057678222656,36.029998779296875
34.08686828613281,36.20000076293945
38.084896087646484,34.7599983215332
32.26958465576172,30.799999237060547
38.06106185913086,35.95000076293945
37.01239776611328,34.599998474121094
39.77705383300781,35.59000015258789
36.416568756103516,31.5
35.558570861816406,33.439998626708984
38.585391998291016,31.860000610351562
37.298397064208984,31.31999969482422
36.51190185546875,33.959999084472656
36.89323425292969,34.369998931884766
38.06106185913086,35.29999923706055
36.77406692504883,35.970001220703125
39.634056091308594,34.619998931884766
42.589378356933594,35.959999084472656
44.639034271240234,34.34000015258789
46.831695556640625,35.369998931884766
49.31034851074219,34.97999954223633
44.067039489746094,37.2599983215332
46.927024841308594,36.650001525878906
50.26367950439453,35.86000061035156
44.73436737060547,35.95000076293945
37.226898193359375,35.119998931884766
38.94289016723633,33.20000076293945
38.633060455322266,30.84000015258789
37.48906326293945,35.02000045776367
33.863433837890625,32.90999984741211
29.433429718017578,30.540000915527344
36.416568756103516,30.959999084472656
33.51189422607422,31.84000015258789
34.736324310302734,27.56999969482422
30.507259368896484,24.420000076293945
29.45652198791504,18.959999084472656
28.744909286499023,18.3700008392334
26.910287857055664,18.959999084472656
25.197973251342773,18.959999084472656
22.484956741333008,18.68000030517578
20.305646896362305,18.959999084472656
18.615570068359375,18.959999084472656
21.995723724365234,18.959999084472656
20.972782135009766,19.100000381469727
23.596847534179688,18.969999313354492
27.132665634155273,22.170000076293945
27.532947540283203,24.5
29.478759765625,25.469999313354492
33.50381088256836,26.15999984741211
34.51563262939453,28.34000015258789
33.45933532714844,28.43000030517578
35.60528564453125,28.899999618530273
31.0965633392334,27.770000457763672
37.4732666015625,26.309999465942383
34.6490592956543,26.780000686645508
34.58234405517578,27.440000534057617
35.11605453491211,26.799999237060547
34.58234405517578,30.389999389648438
34.84919738769531,26.649999618530273
35.093814849853516,29.1200008392334
35.22724151611328,29.68000030517578
33.55940246582031,30.6200008392334
36.45032501220703,29.989999771118164
35.027103424072266,32.63999938964844
37.42878723144531,34.45000076293945
40.27523422241211,36.04999923706055
42.09873580932617,36.20000076293945
43.255104064941406,35.91999816894531
44.94518280029297,35.90999984741211
41.52055358886719,40.41999816894531
44.76728057861328,38.18000030517578
45.74574279785156,36.77000045776367
41.16474914550781,37.470001220703125
35.44961929321289,34.93000030517578
37.384315490722656,32.90999984741211
35.38290786743164,28.190000534057617
32.78107833862305,29.18000030517578
32.10282516479492,27.25
29.489877700805664,26.420000076293945
32.08058547973633,26.729999542236328
29.979110717773438,26.06999969482422
31.63027000427246,23.65999984741211
26.602859497070312,18.399999618530273
25.891292572021484,18.829999923706055
22.71295928955078,14.020000457763672
22.71295928955078,11.329999923706055
19.98528480529785,13.699999809265137
19.748096466064453,15.550000190734863
18.562150955200195,18.959999084472656
18.419837951660156,19.15999984741211
19.98528480529785,25.219999313354492
18.941654205322266,31.0
18.704463958740234,30.540000915527344
24.906957626342773,35.5099983215332
22.618083953857422,30.860000610351562
24.183530807495117,31.309999465942383
31.702423095703125,33.790000915527344
32.485145568847656,34.65999984741211
30.61135482788086,34.59000015258789
33.93199920654297,35.52000045776367
36.209014892578125,36.099998474121094
31.987051010131836,35.720001220703125
29.47284698486328,35.810001373291016
33.48134231567383,35.959999084472656
30.623212814331055,36.40999984741211
28.251323699951172,38.029998779296875
31.939613342285156,40.40999984741211
30.670650482177734,44.90999984741211
27.95631980895996,45.86000061035156
31.72614288330078,48.20000076293945
30.729948043823242,47.95000076293945
29.56772232055664,48.75
29.591442108154297,49.45000076293945
34.97563171386719,51.439998626708984
34.92819595336914,45.54999923706055
35.40257263183594,43.65999984741211
35.0230712890625,39.93000030517578
37.77446365356445,47.33000183105469
47.40433883666992,45.970001220703125
41.52204895019531,43.97999954223633
38.86553192138672,37.810001373291016
33.55249786376953,36.5099983215332
32.93580627441406,34.95000076293945
31.6787052154541,32.189998626708984
30.65879249572754,32.709999084472656
28.5003719329834,33.36000061035156
28.45293426513672,31.31999969482422
29.330533981323242,30.610000610351562
30.32672691345215,28.93000030517578
28.8502254486084,27.610000610351562
34.936344146728516,25.459999084472656
35.090728759765625,25.020000457763672
33.452247619628906,20.200000762939453
29.85157012939453,18.959999084472656
20.229846954345703,18.959999084472656
20.94699478149414,21.440000534057617
17.60030746459961,29.93000030517578
17.60030746459961,30.90999984741211
19.512699127197266,35.75
18.715869903564453,43.349998474121094
26.32559585571289,34.400001525878906
30.469114303588867,37.0099983215332
24.93114471435547,34.36000061035156
26.0865478515625,34.91999816894531
38.25812911987305,35.95000076293945
40.34980773925781,36.29999923706055
35.8576774597168,36.45000076293945
43.77617645263672,36.18000030517578
34.4955940246582,36.470001220703125
43.89570236206055,36.97999954223633
38.716304779052734,41.13999938964844
39.67250061035156,37.900001525878906
38.31789016723633,43.25
37.00312042236328,48.13999938964844
37.74018859863281,39.41999816894531
40.549015045166016,36.66999816894531
40.5888557434082,37.599998474121094
37.54098129272461,40.47999954223633
36.664466857910156,43.970001220703125
38.537017822265625,46.47999954223633
39.632659912109375,45.15999984741211
42.89966583251953,36.790000915527344
48.03921890258789,36.040000915527344
49.632877349853516,36.09000015258789
46.843971252441406,36.11000061035156
48.8360481262207,43.70000076293945
62.06343078613281,40.97999954223633
54.4935417175293,38.0099983215332
46.604923248291016,35.66999816894531
44.01522445678711,33.83000183105469
45.8080940246582,34.11000061035156
46.28619384765625,31.510000228881836
41.02711486816406,33.689998626708984
34.50057601928711,33.959999084472656
36.156490325927734,31.860000610351562
36.98320007324219,32.459999084472656
37.89955520629883,36.560001373291016
34.68484115600586,31.309999465942383
35.12736129760742,27.079999923706055
35.243045806884766,25.25
34.278533935546875,19.579999923706055
32.0641975402832,18.959999084472656
29.984643936157227,19.030000686645508
26.621417999267578,22.1200008392334
25.491785049438477,28.239999771118164
22.770397186279297,30.68000030517578
25.183704376220703,33.7599983215332
24.362152099609375,42.779998779296875
27.648357391357422,49.45000076293945
33.09113311767578,46.81999969482422
29.984643936157227,41.43000030517578
33.283687591552734,36.59000015258789
39.61219787597656,43.060001373291016
40.3310546875,39.369998931884766
36.19762420654297,41.810001373291016
41.640403747558594,41.81999969482422
35.54936981201172,43.63999938964844
42.38493347167969,44.709999084472656
39.84326171875,39.58000183105469
39.20142364501953,41.66999816894531
37.00634002685547,39.029998779296875
37.198890686035156,42.349998474121094
38.14881134033203,38.2400016784668
37.198890686035156,36.849998474121094
38.1359748840332,37.68000030517578
39.252769470214844,42.439998626708984
36.82662582397461,42.119998931884766
37.943424224853516,40.939998626708984
36.33241271972656,38.58000183105469
41.178279876708984,38.97999954223633
43.87399673461914,37.650001525878906
46.23595428466797,41.310001373291016
46.544036865234375,41.45000076293945
46.133262634277344,42.20000076293945
54.45146942138672,41.540000915527344
53.21914291381836,40.47999954223633
48.08444595336914,38.5
42.07685089111328,35.0
41.922813415527344,35.31999969482422
41.7944450378418,34.25
40.09999465942383,37.599998474121094
35.52530288696289,37.5099983215332
33.38637924194336,35.68000030517578
37.81505584716797,35.25
36.383758544921875,35.790000915527344
35.854244232177734,36.150001525878906
37.53250503540039,31.25
36.380645751953125,27.479999542236328
33.98234558105469,23.299999237060547
32.00965881347656,21.790000915527344
28.929027557373047,20.829999923706055
25.95648956298828,25.809999465942383
24.281057357788086,32.22999954223633
23.57845687866211,37.540000915527344
22.497533798217773,43.18000030517578
25.794349670410156,45.2599983215332
28.658798217773438,41.9900016784668
33.84722900390625,63.900001525878906
33.171653747558594,42.63999938964844
36.52251434326172,43.310001373291016
41.76499557495117,41.650001525878906
38.30603790283203,38.5099983215332
37.47001266479492,43.58000183105469
43.170196533203125,46.189998626708984
36.306331634521484,46.7599983215332
42.76484680175781,45.880001068115234
42.197364807128906,47.119998931884766
44.71051025390625,47.720001220703125
41.981178283691406,48.470001220703125
39.73826217651367,48.65999984741211
43.440425872802734,48.470001220703125
40.305747985839844,46.959999084472656
39.508567810058594,40.15999984741211
40.60300064086914,41.869998931884766
42.89996337890625,41.599998474121094
41.68392562866211,47.68000030517578
42.467594146728516,41.560001373291016
47.08854293823242,41.290000915527344
49.89894104003906,35.790000915527344
52.22292709350586,35.15999984741211
53.84431457519531,37.22999954223633
47.08854293823242,43.84000015258789
54.49286651611328,42.310001373291016
54.81714630126953,42.619998931884766
48.169464111328125,35.880001068115234
41.81903839111328,34.130001068115234
41.92713165283203,33.290000915527344
40.873233795166016,31.0
40.71109390258789,34.2599983215332
37.45819091796875,32.869998931884766
33.22570037841797,33.619998931884766
36.83159255981445,33.720001220703125
36.81301498413086,36.77000045776367
38.123634338378906,36.06999969482422
37.2218132019043,28.530000686645508
39.70871353149414,26.600000381469727
35.25743865966797,21.06999969482422
34.26739501953125,25.170000076293945
29.74147605895996,19.1299991607666
25.71843719482422,20.100000381469727
23.58119773864746,29.969999313354492
24.021217346191406,34.0099983215332
24.96411895751953,37.869998931884766
24.901256561279297,40.400001525878906
27.038497924804688,46.349998474121094
32.00443649291992,49.880001068115234
31.815855026245117,42.900001525878906
32.53874588012695,38.439998626708984
40.21159362792969,40.04999923706055
42.612056732177734,41.04999923706055
44.67072296142578,41.5
45.9593505859375,43.70000076293945
43.539241790771484,41.220001220703125
43.57067108154297,39.209999084472656
43.94783020019531,42.400001525878906
44.13641357421875,41.279998779296875
41.76344680786133,40.150001525878906
40.592681884765625,44.77000045776367
39.71067810058594,42.310001373291016
41.98345947265625,40.650001525878906
42.62777328491211,35.130001068115234
40.172306060791016,36.29999923706055
39.1400260925293,39.220001220703125
44.13641357421875,37.75
43.44495391845703,38.93000030517578
42.942073822021484,40.310001373291016
46.273651123046875,38.0099983215332
48.85091018676758,36.9900016784668
52.11962890625,36.220001220703125
51.742469787597656,41.720001220703125
60.102848052978516,37.369998931884766
62.365806579589844,37.47999954223633
53.942569732666016,36.45000076293945
49.7938117980957,35.349998474121094
49.60523223876953,35.27000045776367
46.52509307861328,33.7599983215332
42.58062744140625,35.29999923706055
38.94457244873047,35.400001525878906
36.46749496459961,34.689998626708984
42.10917663574219,33.060001373291016
39.09877395629883,35.47999954223633
37.44182586669922,34.27000045776367
36.69921112060547,30.889999389648438
36.4139289855957,29.770000457763672
35.00790786743164,26.84000015258789
34.73686981201172,19.920000076293945
31.262630462646484,19.229999542236328
27.911592483520508,19.1299991607666
25.299755096435547,22.709999084472656
24.117034912109375,29.979999542236328
26.137514114379883,33.060001373291016
27.36951446533203,32.33000183105469
28.40439224243164,41.369998931884766
33.67734909057617,48.95000076293945
33.88679122924805,43.66999816894531
32.198951721191406,49.25
38.65462875366211,52.77000045776367
40.749027252197266,49.45000076293945
35.89494705200195,44.90999984741211
42.79414367675781,40.9900016784668
35.90726852416992,43.56999969482422
41.5621452331543,47.54999923706055
41.36502456665039,46.4900016784668
40.52726745605469,37.5099983215332
39.837345123291016,37.5
38.30350875854492,37.5099983215332
39.98518753051758,37.5
40.03446578979492,39.150001525878906
38.86406707763672,38.25
40.57654571533203,37.290000915527344
37.98318862915039,37.38999938964844
40.699745178222656,37.66999816894531
39.17206573486328,39.029998779296875
42.325984954833984,46.61000061035156
43.58262634277344,41.7599983215332
45.701663970947266,40.72999954223633
47.574302673339844,41.22999954223633
45.405982971191406,44.060001373291016
53.98069763183594,41.209999084472656
53.88214111328125,43.29999923706055
45.948062896728516,41.689998626708984
42.05494689941406,36.349998474121094
42.00566482543945,36.90999984741211
41.709983825683594,35.720001220703125
40.50262451171875,35.619998931884766
38.9503059387207,35.4900016784668
33.788230895996094,35.34000015258789
36.1290283203125,33.029998779296875
35.747108459472656,29.329999923706055
35.89494705200195,30.06999969482422
34.43437576293945,27.579999923706055
34.57103729248047,19.979999542236328
34.768436431884766,18.889999389648438
32.36927032470703,19.040000915527344
28.512380599975586,18.959999084472656
28.33016586303711,18.979999542236328
24.44290542602539,19.1200008392334
23.045921325683594,18.959999084472656
25.475460052490234,19.09000015258789
25.596935272216797,22.799999237060547
26.32579803466797,25.540000915527344
32.46037673950195,27.729999542236328
31.275978088378906,30.790000915527344
32.703330993652344,31.06999969482422
41.07004928588867,31.559999465942383
39.490848541259766,33.97999954223633
40.32600402832031,35.45000076293945
44.547325134277344,34.849998474121094
42.421478271484375,33.970001220703125
43.18070983886719,33.68000030517578
39.346595764160156,32.91999816894531
44.24363327026367,34.459999084472656
41.10041809082031,33.970001220703125
37.61602783203125,30.799999237060547
39.490848541259766,32.029998779296875
39.073272705078125,31.850000381469727
40.02231216430664,32.459999084472656
41.63188171386719,32.900001525878906
40.371559143066406,34.72999954223633
42.26963424682617,34.84000015258789
38.53422164916992,35.849998474121094
46.126522064208984,38.5
45.883567810058594,40.060001373291016
48.73827362060547,40.400001525878906
52.139625549316406,41.4900016784668
48.616798400878906,48.33000183105469
59.12454605102539,46.36000061035156
58.63863754272461,44.599998474121094
50.560428619384766,40.400001525878906
43.57550811767578,36.45000076293945
46.18726348876953,35.810001373291016
44.668800354003906,34.65999984741211
42.816280364990234,35.09000015258789
41.78372573852539,33.7400016784668
35.4669303894043,33.779998779296875
36.59059143066406,32.77000045776367
36.112274169921875,30.799999237060547
37.51376724243164,30.3799991607666
33.909339904785156,27.690000534057617
32.069759368896484,23.200000762939453
30.596654891967773,19.760000228881836
27.67200469970703,20.770000457763672
24.050325393676758,20.649999618530273
23.302993774414062,26.65999984741211
22.61315155029297,30.190000534057617
18.819011688232422,32.349998474121094
20.31367301940918,39.630001068115234
19.681316375732422,43.5
23.992839813232422,46.79999923706055
29.525959014892578,45.59000015258789
25.659961700439453,40.20000076293945
29.97148323059082,39.7400016784668
38.939453125,38.25
38.36458206176758,37.529998779296875
36.23756408691406,37.900001525878906
39.801753997802734,36.79999923706055
40.54908752441406,39.58000183105469
39.45683288574219,41.38999938964844
36.43876647949219,40.81999969482422
36.26630783081055,43.34000015258789
35.1165657043457,42.79999923706055
33.39914321899414,42.41999816894531
36.43876647949219,44.060001373291016
36.29505157470703,43.790000915527344
35.5477180480957,42.880001068115234
35.13093948364258,40.45000076293945
36.496253967285156,44.099998474121094
33.51411819458008,45.18000030517578
34.71415710449219,46.47999954223633
41.81380081176758,42.099998474121094
43.59589385986328,39.2400016784668
45.95286178588867,37.5099983215332
45.95286178588867,37.18000030517578
45.8953742980957,43.790000915527344
56.760414123535156,41.619998931884766
51.011714935302734,38.790000915527344
47.21757507324219,37.380001068115234
41.69882583618164,36.61000061035156
41.296417236328125,36.27000045776367
38.88196563720703,34.880001068115234
38.5657844543457,39.310001373291016
34.182403564453125,39.189998626708984
34.95847702026367,35.900001525878906
37.76096725463867,36.040000915527344
34.671043395996094,36.41999816894531
34.28300476074219,31.969999313354492
37.83677291870117,25.5
38.860286712646484,25.84000015258789
33.69467544555664,22.90999984741211
32.39187240600586,18.959999084472656
30.177108764648438,18.969999313354492
26.894046783447266,19.290000915527344
25.69546890258789,28.829999923706055
24.54900360107422,33.58000183105469
24.340553283691406,32.040000915527344
27.310943603515625,29.06999969482422
29.968660354614258,32.4900016784668
33.25172424316406,34.599998474121094
32.886940002441406,33.81999969482422
36.89631271362305,33.880001068115234
41.0945930480957,34.77000045776367
38.71697998046875,35.130001068115234
38.267513275146484,34.47999954223633
43.283302307128906,35.369998931884766
40.821006774902344,35.90999984741211
43.15302276611328,36.59000015258789
41.64176940917969,37.63999938964844
44.091041564941406,38.220001220703125
41.719940185546875,38.869998931884766
39.830875396728516,41.709999084472656
43.2311897277832,46.33000183105469
40.33897018432617,42.65999984741211
40.508331298828125,41.060001373291016
39.96115493774414,42.15999984741211
42.16289138793945,38.09000015258789
40.417137145996094,44.470001220703125
40.70375442504883,41.84000015258789
46.905094146728516,44.810001373291016
47.21776580810547,45.959999084472656
48.624794006347656,44.77000045776367
50.761390686035156,40.33000183105469
47.999446868896484,48.36000061035156
57.483848571777344,48.38999938964844
55.816261291503906,47.02000045776367
47.06142807006836,45.18000030517578
44.82061004638672,39.119998931884766
43.90864562988281,37.04999923706055
45.65440368652344,35.709999084472656
41.719940185546875,42.33000183105469
38.488990783691406,37.599998474121094
35.19289779663086,37.790000915527344
39.72665023803711,36.529998779296875
37.83433151245117,35.540000915527344
37.02008056640625,35.18000030517578
36.234710693359375,25.670000076293945
36.98652648925781,29.959999084472656
35.70539093017578,19.06999969482422
33.254364013671875,18.959999084472656
28.388195037841797,18.959999084472656
27.29725456237793,18.969999313354492
26.26373291015625,23.139999389648438
24.13926887512207,34.33000183105469
26.034061431884766,39.599998474121094
25.746971130371094,35.20000076293945
29.134628295898438,32.619998931884766
32.63711929321289,36.2599983215332
30.972000122070312,35.16999816894531
31.201671600341797,35.97999954223633
37.28797149658203,37.310001373291016
40.058387756347656,38.36000061035156
39.972259521484375,40.40999984741211
42.771385192871094,41.16999816894531
31.431344985961914,43.209999084472656
42.02495193481445,45.75
39.94355010986328,47.040000915527344
40.30241394042969,44.810001373291016
39.613399505615234,51.290000915527344
39.49856185913086,50.06999969482422
40.560794830322266,59.33000183105469
41.10626220703125,61.63999938964844
40.675628662109375,76.30999755859375
39.48420715332031,149.3000030517578
38.66600036621094,208.0500030517578
39.225826263427734,163.47999572753906
42.34074783325195,203.32000732421875
41.4794807434082,97.66999816894531
45.26906204223633,93.31999969482422
45.7284049987793,77.95999908447266
46.934181213378906,66.11000061035156
47.623199462890625,91.81999969482422
55.661705017089844,64.2699966430664
52.21662902832031,49.560001373291016
45.7284049987793,44.349998474121094
42.36945724487305,43.310001373291016
44.80971908569336,43.810001373291016
45.900657653808594,37.099998474121094
40.99142837524414,40.93000030517578
36.71827697753906,39.41999816894531
36.859130859375,37.52000045776367
38.45068359375,37.5
37.99851989746094,37.689998626708984
37.44586944580078,37.22999954223633
38.47583770751953,37.439998626708984
38.64124298095703,36.75
55.037208557128906,32.849998474121094
29.874675750732422,35.36000061035156
42.61101150512695,36.45000076293945
33.01741027832031,36.5
26.56653594970703,38.0099983215332
24.581653594970703,37.939998626708984
29.04764175415039,47.040000915527344
28.716827392578125,46.689998626708984
36.40824890136719,49.27000045776367
37.31798553466797,58.33000183105469
55.884918212890625,44.560001373291016
33.01741027832031,49.06999969482422
119.85604858398438,56.58000183105469
64.07256317138672,164.63999938964844
83.13571166992188,155.67999267578125
71.97074127197266,76.0999984741211
73.54210662841797,67.93000030517578
79.82757568359375,84.61000061035156
64.15526580810547,82.69999694824219
51.274200439453125,99.48999786376953
60.785099029541016,107.04000091552734
36.82176971435547,165.3000030517578
47.98673629760742,139.0399932861328
36.07743835449219,144.35000610351562
57.03759765625,132.24000549316406
58.324668884277344,141.02999877929688
44.182376861572266,146.32000732421875
44.265079498291016,268.260009765625
65.80933380126953,2504.340087890625
26.56653594970703,763.4400024414062
40.212608337402344,95.36000061035156
35.16769790649414,51.9900016784668
44.84400177001953,41.810001373291016
64.07256317138672,126.11000061035156
95.21041870117188,92.66000366210938
114.89384460449219,91.7300033569336
101.66128540039062,75.76000213623047
50.42648696899414,49.06999969482422
73.29399871826172,40.349998474121094
61.177940368652344,37.36000061035156
45.0094108581543,123.19000244140625
50.42648696899414,49.970001220703125
29.21304702758789,45.650001525878906
34.671478271484375,38.7599983215332
33.34822082519531,37.5099983215332
34.836883544921875,41.25
202.09243774414062,39.15999984741211
18.681640625,39.33000183105469
16.56536102294922,39.58000183105469
-49.039276123046875,41.29999923706055
77.23200988769531,40.79999923706055
3.162261962890625,41.91999816894531
-50.45011901855469,41.130001068115234
-27.171051025390625,48.939998626708984
-95.59739685058594,49.29999923706055
119.3812255859375,41.529998779296875
-9.535400390625,44.189998626708984
133.26930236816406,50.06999969482422
83.58084869384766,43.36000061035156
74.76302337646484,43.81999969482422
179.69515991210938,57.20000076293945
86.04983520507812,44.33000183105469
127.66998291015625,51.59000015258789
157.3860626220703,68.56999969482422
381.27069091796875,65.11000061035156
-0.3648681640625,76.94999694824219
202.09243774414062,69.91999816894531
284.6273193359375,91.48999786376953
99.45294189453125,54.83000183105469
-95.59739685058594,45.97999954223633
-167.55087280273438,37.790000915527344
17.976219177246094,37.11000061035156
-47.62841796875,150.17999267578125
-60.326080322265625,165.3800048828125
214.08468627929688,2552.199951171875
-112.52761840820312,2484.739990234375
-201.41131591796875,169.52999877929688
-152.031494140625,220.82000732421875
32.7901611328125,37.869998931884766
-21.52764892578125,35.90999984741211
121.49750518798828,36.9900016784668
143.05157470703125,43.02000045776367
155.71067810058594,44.52000045776367
590.0768432617188,46.97999954223633
68.4141845703125,37.43000030517578
52.54209899902344,34.9900016784668
-53.271820068359375,34.63999938964844
104.0382080078125,31.799999237060547
-6.7136993408203125,39.349998474121094
144.03256225585938,38.84000015258789
148.63436889648438,36.34000015258789
-15.178817749023438,34.709999084472656
-51.86097717285156,35.52000045776367
109.6816177368164,31.15999984741211
85.1220703125,25.520000457763672
10.906234741210938,28.510000228881836
185.36163330078125,27.260000228881836
-276.31866455078125,26.989999771118164
72.59212493896484,25.540000915527344
-212.7051239013672,25.6299991607666
140.18154907226562,33.400001525878906
-233.90965270996094,31.270000457763672
-145.23619079589844,33.779998779296875
59.09833526611328,34.689998626708984
-199.21131896972656,38.150001525878906
123.19383239746094,45.34000015258789
69.70059967041016,39.63999938964844
-95.11639404296875,36.47999954223633
-16.081344604492188,40.91999816894531
174.3376922607422,37.97999954223633
46.568389892578125,40.689998626708984
391.62384033203125,37.38999938964844
988.2420654296875,37.4900016784668
164.42819213867188,37.540000915527344
471.62274169921875,36.52000045776367
237.89102172851562,37.29999923706055
30.183074951171875,38.7400016784668
74.03788757324219,38.5099983215332
-70.05650329589844,36.65999984741211
-191.50059509277344,36.220001220703125
-85.47796630859375,36.7400016784668
145.78387451171875,38.52000045776367
245.60177612304688,37.939998626708984
-137.5254364013672,39.04999923706055
-237.76499938964844,37.9900016784668
-326.4384765625,37.5099983215332
-3.5513916015625,37.5
-233.90965270996094,37.2400016784668
-19.93670654296875,36.40999984741211
-20.900558471679688,37.68000030517578
55.24296569824219,37.529998779296875
579.5730590820312,37.5099983215332
42.231101989746094,38.04999923706055
-100.89942932128906,36.16999816894531
0.3039703369140625,34.91999816894531
114.0373306274414,33.63999938964844
-124.03166198730469,34.2599983215332
22.472335815429688,34.970001220703125
193.31333923339844,35.900001525878906
160.8665008544922,34.02000045776367
-122.10395812988281,33.75
242.2283172607422,30.579999923706055
33.71727752685547,29.040000915527344
34.82952117919922,29.700000762939453
33.78246307373047,30.760000228881836
32.90244674682617,27.969999313354492
32.201690673828125,25.399999618530273
29.67571258544922,25.489999771118164
28.27420425415039,28.229999542236328
26.807506561279297,28.690000534057617
27.328998565673828,30.440000534057617
29.382373809814453,25.760000228881836
30.327579498291016,32.06999969482422
33.758018493652344,34.13999938964844
33.04911422729492,35.59000015258789
35.238975524902344,36.7599983215332
38.557376861572266,37.560001373291016
36.642520904541016,41.20000076293945
37.06623458862305,38.9900016784668
39.27442932128906,37.31999969482422
32.674293518066406,37.36000061035156
38.99738311767578,37.38999938964844
38.86701202392578,36.189998626708984
38.37811279296875,34.459999084472656
39.0788688659668,34.11000061035156
36.829933166503906,33.970001220703125
38.003292083740234,33.970001220703125
38.296630859375,34.380001068115234
37.03364181518555,34.0
38.91590118408203,34.09000015258789
39.1114616394043,35.18000030517578
37.12327194213867,36.7400016784668
38.508487701416016,38.70000076293945
42.3870849609375,40.630001068115234
42.256710052490234,45.459999084472656
45.51603698730469,47.959999084472656
43.951560974121094,47.88999938964844
41.93077850341797,47.90999984741211
44.081932067871094,49.47999954223633
46.884952545166016,49.63999938964844
43.00635528564453,44.63999938964844
38.41070556640625,41.0099983215332
38.2640380859375,38.45000076293945
38.557376861572266,36.650001525878906
38.557376861572266,40.34000015258789
37.12327194213867,38.45000076293945
32.853553771972656,39.22999954223633
36.341033935546875,40.150001525878906
34.499515533447266,35.08000183105469
35.155452728271484,35.380001068115234
36.25463104248047,34.119998931884766
35.91975784301758,31.84000015258789
32.905879974365234,31.040000915527344
32.020851135253906,29.420000076293945
30.418235778808594,31.8799991607666
30.37039566040039,30.729999542236328
28.313304901123047,36.63999938964844
26.686767578125,39.04999923706055
27.117321014404297,38.41999816894531
26.304054260253906,37.29999923706055
28.64818000793457,43.7599983215332
35.11246871948242,48.099998474121094
31.78165626525879,39.08000183105469
34.00618362426758,44.70000076293945
41.85183334350586,44.47999954223633
41.947509765625,44.70000076293945
38.598758697509766,45.400001525878906
43.047813415527344,40.439998626708984
42.760780334472656,38.959999084472656
40.631927490234375,40.02000045776367
37.20543670654297,40.18000030517578
39.5675048828125,39.86000061035156
40.033939361572266,38.9900016784668
37.95890808105469,37.7400016784668
40.871124267578125,38.439998626708984
39.794742584228516,37.5
37.23832702636719,38.59000015258789
39.02931213378906,41.630001068115234
38.228004455566406,43.68000030517578
37.85126876831055,47.61000061035156
37.73765182495117,45.209999084472656
43.3826904296875,48.86000061035156
43.4305305480957,42.209999084472656
45.2962646484375,43.68000030517578
43.287010192871094,42.27000045776367
44.81787109375,52.95000076293945
57.782325744628906,52.15999984741211
54.62493133544922,61.59000015258789
50.03235626220703,50.689998626708984
42.23454666137695,41.650001525878906
42.33022689819336,38.880001068115234
41.325599670410156,36.83000183105469
39.30438995361328,40.150001525878906
36.48373794555664,38.689998626708984
34.90317153930664,37.5099983215332
39.794742584228516,40.08000183105469
37.803428649902344,39.81999969482422
36.62949752807617,37.0099983215332
39.0301628112793,35.400001525878906
42.495628356933594,31.950000762939453
37.3681526184082,27.469999313354492
39.23054504394531,33.11000061035156
34.42132568359375,29.969999313354492
34.3270263671875,35.27000045776367
32.252464294433594,39.04999923706055
32.72395324707031,40.47999954223633
33.1954460144043,47.72999954223633
32.5825080871582,40.02000045776367
34.044132232666016,41.2400016784668
36.967384338378906,46.72999954223633
35.93009948730469,38.470001220703125
37.22670364379883,38.20000076293945
42.837459564208984,39.54999923706055
43.78044509887695,38.5099983215332
41.823753356933594,44.13999938964844
45.006324768066406,42.630001068115234
45.666412353515625,43.459999084472656
43.285377502441406,49.959999084472656
41.60568618774414,49.470001220703125
45.2184944152832,49.58000183105469
41.729454040527344,48.2599983215332
38.688331604003906,51.369998931884766
42.943546295166016,50.93000030517578
41.86500930786133,49.11000061035156
39.51933670043945,49.400001525878906
43.99261474609375,49.959999084472656
39.37199401855469,51.709999084472656
43.75687026977539,62.25
44.4876823425293,60.380001068115234
42.35417938232422,73.4800033569336
43.85116958618164,45.369998931884766
45.47781753540039,45.689998626708984
48.80183410644531,39.02000045776367
47.85885238647461,50.4900016784668
57.524436950683594,51.119998931884766
58.37312316894531,49.45000076293945
49.886268615722656,51.33000183105469
45.02989959716797,40.88999938964844
46.79799270629883,39.869998931884766
45.52496337890625,36.369998931884766
43.603633880615234,41.97999954223633
40.52125549316406,41.4900016784668
35.81222915649414,41.16999816894531
41.81196594238281,38.63999938964844
42.684226989746094,37.900001525878906
41.18281936645508,39.75
41.01457977294922,36.40999984741211
46.984710693359375,36.29999923706055
37.15345764160156,29.8700008392334
41.25792694091797,31.829999923706055
37.67259979248047,32.189998626708984
33.90882110595703,31.09000015258789
32.54607391357422,32.369998931884766
33.259891510009766,32.7599983215332
33.45457077026367,31.520000457763672
30.599288940429688,32.130001068115234
37.51036834716797,44.720001220703125
39.94384765625,47.7400016784668
40.381874084472656,36.060001373291016
37.542816162109375,37.5099983215332
53.70111083984375,39.310001373291016
46.498016357421875,40.36000061035156
48.02299499511719,42.20000076293945
54.93407440185547,48.290000915527344
48.10411071777344,40.86000061035156
52.72772216796875,45.459999084472656
48.34745788574219,50.15999984741211
46.0518798828125,71.30999755859375
47.09827423095703,86.66999816894531
42.3205451965332,51.959999084472656
45.89775848388672,83.83000183105469
45.638187408447266,139.8000030517578
41.485050201416016,99.0199966430664
45.800418853759766,198.35000610351562
46.77381134033203,103.70999908447266
45.508399963378906,230.6999969482422
48.67192459106445,126.37999725341797
45.484066009521484,87.33000183105469
51.49475860595703,60.65999984741211
51.23518753051758,49.43000030517578
55.51811218261719,40.70000076293945
52.4681510925293,48.77000045776367
68.43177032470703,53.66999816894531
65.9658432006836,50.22999954223633
60.77442169189453,43.7599983215332
51.754329681396484,37.099998474121094
55.128753662109375,34.70000076293945
53.895790100097656,31.799999237060547
46.984710693359375,37.70000076293945
41.33904266357422,36.04999923706055
41.322818756103516,35.45000076293945
44.289127349853516,33.189998626708984
43.96821212768555,31.459999084472656
44.11244583129883,27.790000915527344
40.139488220214844,24.969999313354492
50.41560363769531,28.979999542236328
42.80965805053711,24.790000915527344
39.65399932861328,24.6299991607666
36.98382568359375,23.010000228881836
29.539710998535156,30.0
25.979480743408203,36.16999816894531
35.52737045288086,29.239999771118164
25.33216667175293,35.880001068115234
20.315479278564453,32.599998474121094
55.19966125488281,34.93000030517578
52.4991455078125,41.16999816894531
47.70497512817383,34.849998474121094
19.34450912475586,34.13999938964844
132.94821166992188,45.11000061035156
53.10600280761719,48.84000015258789
79.22109985351562,48.970001220703125
73.88075256347656,43.18000030517578
84.56144714355469,46.0099983215332
77.2791519165039,48.66999816894531
64.00920867919922,52.88999938964844
50.45606231689453,46.04999923706055
56.01386260986328,44.68000030517578
36.579254150390625,80.12999725341797
35.52737045288086,58.68000030517578
44.75160217285156,81.08999633789062
44.670684814453125,155.27000427246094
39.006683349609375,264.1499938964844
33.585426330566406,242.67999267578125
33.09994125366211,84.76000213623047
51.467491149902344,39.810001373291016
21.610107421875,41.45000076293945
34.71822738647461,38.34000015258789
36.49834442138672,34.869998931884766
46.612632751464844,32.88999938964844
42.00051498413086,36.45000076293945
78.2501220703125,39.09000015258789
124.20945739746094,42.470001220703125
103.49539184570312,39.04999923706055
57.81926345825195,36.810001373291016
65.26338195800781,35.5099983215332
57.43239212036133,30.040000915527344
61.58177947998047,84.41999816894531
34.88005828857422,39.040000915527344
30.348854064941406,39.72999954223633
42.566917419433594,40.58000183105469
45.722572326660156,39.72999954223633
39.57308578491211,38.349998474121094
27.705808639526367,37.5099983215332
56.423099517822266,40.279998779296875
27.88945198059082,35.43000030517578
16.319896697998047,37.15999984741211
33.398765563964844,37.52000045776367
48.75597381591797,37.810001373291016
42.44321823120117,40.7400016784668
31.011394500732422,41.88999938964844
34.04151916503906,46.66999816894531
30.919572830200195,40.220001220703125
17.97269058227539,47.34000015258789
45.93244934082031,61.90999984741211
38.54078674316406,46.66999816894531
18.339977264404297,46.27000045776367
96.20492553710938,42.34000015258789
62.552207946777344,41.63999938964844
63.057228088378906,42.77000045776367
75.54500579833984,43.75
63.56224822998047,41.97999954223633
51.843482971191406,44.189998626708984
57.43313980102539,41.7400016784668
54.179203033447266,41.650001525878906
58.94820022583008,41.5099983215332
33.674232482910156,38.130001068115234
51.4417610168457,37.56999969482422
42.305484771728516,37.33000183105469
20.727344512939453,37.5099983215332
35.327022552490234,37.560001373291016
44.78467559814453,37.650001525878906
27.705808639526367,37.66999816894531
38.99989700317383,37.58000183105469
8.055927276611328,37.52000045776367
43.68281555175781,37.5
42.76459503173828,37.369998931884766
37.9898567199707,36.08000183105469
40.10176086425781,37.7599983215332
87.39002990722656,37.81999969482422
101.34695434570312,37.65999984741211
93.45027160644531,37.45000076293945
73.52491760253906,36.68000030517578
58.28248977661133,36.08000183105469
47.72297668457031,35.34000015258789
38.908077239990234,38.880001068115234
38.54078674316406,37.5
37.6225700378418,39.439998626708984
38.908077239990234,40.869998931884766
49.238037109375,38.7599983215332
47.906620025634766,36.900001525878906
36.029483795166016,37.5
37.81159973144531,36.040000915527344
35.423912048339844,34.650001525878906
36.04678726196289,33.060001373291016
37.534767150878906,33.189998626708984
36.583152770996094,33.47999954223633
34.558807373046875,35.36000061035156
33.451473236083984,35.66999816894531
33.93593215942383,38.77000045776367
34.558807373046875,37.95000076293945
40.00254440307617,39.11000061035156
35.614234924316406,37.52000045776367
37.586673736572266,41.72999954223633
37.08491134643555,45.2599983215332
47.60458755493164,49.470001220703125
41.39313507080078,46.93000030517578
43.2790641784668,64.38999938964844
42.180381774902344,48.29999923706055
46.25502395629883,49.279998779296875
43.53859329223633,49.83000183105469
41.1595573425293,42.0
39.44881057739258,41.79999923706055
39.7515983581543,41.720001220703125
38.21820068359375,37.52000045776367
37.03300857543945,37.52000045776367
38.65940475463867,37.5
37.742393493652344,37.5099983215332
36.133296966552734,38.25
39.07465362548828,38.2599983215332
38.78916931152344,38.52000045776367
38.702659606933594,38.77000045776367
38.27875900268555,40.36000061035156
39.47260284423828,39.81999969482422
37.82890319824219,39.189998626708984
38.252803802490234,37.52000045776367
40.53019332885742,39.189998626708984
45.83977127075195,41.63999938964844
49.196380615234375,43.09000015258789
49.33479690551758,44.33000183105469
39.355812072753906,40.47999954223633
42.535072326660156,41.16999816894531
42.81190490722656,40.459999084472656
41.76512908935547,41.959999084472656
37.08491134643555,39.04999923706055
39.03572463989258,39.15999984741211
38.93191146850586,36.31999969482422
40.320404052734375,35.970001220703125
35.68344497680664,35.959999084472656
37.582000732421875,35.93000030517578
38.506534576416016,36.93000030517578
37.813133239746094,35.25
34.46170425415039,35.459999084472656
38.67462921142578,35.97999954223633
35.428260803222656,35.97999954223633
36.310768127441406,35.11000061035156
33.95741271972656,34.0099983215332
33.91539001464844,33.7400016784668
34.04146194458008,33.56999969482422
36.39481735229492,34.369998931884766
36.66797637939453,34.18000030517578
40.04961013793945,34.93000030517578
40.62087631225586,35.900001525878906
45.13584899902344,37.0
39.03709030151367,38.68000030517578
44.56852340698242,42.02000045776367
42.824520111083984,37.720001220703125
55.13760757446289,37.5099983215332
41.794925689697266,37.5099983215332
43.118690490722656,37.25
40.938682556152344,37.5
41.70037078857422,37.2400016784668
40.636634826660156,36.689998626708984
41.00697326660156,37.5099983215332
38.07578659057617,37.5099983215332
36.184696197509766,37.52000045776367
39.62542724609375,39.83000183105469
40.5735969543457,42.939998626708984
38.67462921142578,45.36000061035156
41.70037078857422,44.709999084472656
41.22760009765625,47.95000076293945
42.582881927490234,49.290000915527344
39.89858627319336,50.90999984741211
39.2261962890625,51.34000015258789
43.13970184326172,48.5099983215332
48.077545166015625,48.61000061035156
49.086124420166016,47.630001068115234
47.82539749145508,44.189998626708984
40.95444107055664,43.56999969482422
44.42144012451172,39.790000915527344
42.00504684448242,35.209999084472656
40.33951187133789,36.209999084472656
39.90909194946289,36.130001068115234
38.02325439453125,35.970001220703125
42.48832702636719,35.779998779296875
40.354942321777344,34.5099983215332
37.214290618896484,32.900001525878906
37.0067138671875,33.970001220703125
36.58834457397461,36.70000076293945
36.737762451171875,34.619998931884766
36.319393157958984,34.15999984741211
35.18382263183594,35.25
34.84514236450195,36.56999969482422
32.83299255371094,41.68000030517578
35.263511657714844,41.400001525878906
34.92483139038086,41.029998779296875
33.78926086425781,36.08000183105469
35.323280334472656,37.310001373291016
36.4588508605957,36.7599983215332
36.62818908691406,36.060001373291016
36.10024642944336,37.5099983215332
48.531761169433594,37.52000045776367
40.214202880859375,37.5099983215332
45.06528091430664,37.52000045776367
42.99336242675781,37.61000061035156
43.86994552612305,37.25
41.48923110961914,42.61000061035156
39.120033264160156,42.58000183105469
37.89823532104492,39.599998474121094
38.30166244506836,41.0099983215332
36.98678970336914,45.36000061035156
38.12236022949219,51.16999816894531
37.5545768737793,55.11000061035156
40.44330978393555,97.73999786376953
38.7175407409668,85.37000274658203
38.59053421020508,172.77999877929688
37.57449722290039,153.6300048828125
39.27909851074219,48.130001068115234
38.27177810668945,80.06999969482422
38.29668045043945,49.939998626708984
36.76764678955078,41.599998474121094
39.09917449951172,39.709999084472656
40.84175491333008,38.29999923706055
49.328651428222656,43.5
47.97393798828125,47.040000915527344
47.53564453125,43.20000076293945
41.977325439453125,37.5099983215332
41.23023986816406,37.5099983215332
41.319889068603516,36.34000015258789
38.82088851928711,42.41999816894531
37.893253326416016,41.38999938964844
36.10024642944336,37.599998474121094
39.840660095214844,37.2400016784668
36.618228912353516,41.91999816894531
36.62818908691406,40.0099983215332
34.62580108642578,37.400001525878906
38.48601531982422,39.939998626708984
42.92790603637695,35.20000076293945
25.636262893676758,35.38999938964844
31.98181915283203,35.380001068115234
29.232078552246094,34.72999954223633
44.117698669433594,35.91999816894531
27.962966918945312,37.4900016784668
21.723169326782227,37.36000061035156
38.96193313598633,37.5099983215332
26.27081871032715,41.52000045776367
48.439781188964844,47.09000015258789
40.8656005859375,36.47999954223633
22.463483810424805,37.25
59.003318786621094,37.52000045776367
42.68994903564453,39.61000061035156
43.5360221862793,37.959999084472656
51.11103057861328,37.0
69.94940185546875,38.2400016784668
44.38209533691406,40.189998626708984
57.04676818847656,43.36000061035156
50.51613235473633,44.90999984741211
46.71540832519531,40.900001525878906
40.01952362060547,41.56999969482422
37.58706283569336,52.20000076293945
33.67396926879883,63.810001373291016
32.510616302490234,39.540000915527344
48.6422119140625,42.040000915527344
45.41324996948242,102.88999938964844
24.04987335205078,255.77999877929688
39.59648895263672,46.720001220703125
18.65614891052246,-37.400001525878906
43.74753952026367,35.310001373291016
29.126317977905273,51.900001525878906
38.909053802490234,36.9900016784668
31.453022003173828,43.45000076293945
45.545448303222656,45.41999816894531
78.30438232421875,50.02000045776367
59.63787078857422,38.93000030517578
34.20276641845703,37.56999969482422
41.65879440307617,36.91999816894531
36.00067138671875,35.88999938964844
35.20747756958008,49.40999984741211
44.89767074584961,48.45000076293945
37.322662353515625,41.349998474121094
38.591773986816406,40.15999984741211
37.798580169677734,39.08000183105469
47.19793701171875,37.34000015258789
53.880088806152344,36.93000030517578
46.89967727661133,35.97999954223633
43.472469329833984,35.11000061035156
31.23365020751953,35.689998626708984
50.923282623291016,36.689998626708984
14.568023681640625,37.599998474121094
37.75205993652344,40.720001220703125
14.433624267578125,45.619998931884766
13.089622497558594,42.22999954223633
40.843265533447266,38.06999969482422
39.096065521240234,37.47999954223633
32.37605285644531,37.52000045776367
34.19045639038086,36.04999923706055
46.79047775268555,37.400001525878906
53.745689392089844,39.0
46.10587692260742,38.18000030517578
48.42007827758789,36.72999954223633
54.148887634277344,37.0
119.80339813232422,37.2599983215332
43.85887145996094,37.56999969482422
63.48970413208008,41.93000030517578
47.344879150390625,41.380001068115234
31.368051528930664,38.099998474121094
33.585655212402344,35.9900016784668
25.45444107055664,36.099998474121094
20.078433990478516,36.16999816894531
35.60165786743164,35.95000076293945
39.364864349365234,36.290000915527344
39.566463470458984,36.2400016784668
26.529644012451172,37.5099983215332
16.04642677307129,36.220001220703125
34.19045639038086,36.9900016784668
33.451255798339844,35.869998931884766
31.03205108642578,35.97999954223633
55.82889175415039,35.95000076293945
51.52808380126953,35.97999954223633
68.59690856933594,37.52000045776367
84.85933685302734,37.2599983215332
51.225685119628906,37.560001373291016
37.92006301879883,36.220001220703125
43.5396728515625,35.970001220703125
51.02408218383789,35.54999923706055
46.9920768737793,36.47999954223633
35.73605728149414,36.83000183105469
47.10127639770508,36.939998626708984
60.331298828125,37.380001068115234
27.60484504699707,36.650001525878906
48.4368782043457,33.939998626708984
35.21908187866211,30.5
36.67931365966797,28.190000534057617
35.25065612792969,27.079999923706055
35.93735885620117,25.959999084472656
36.17415237426758,25.959999084472656
35.7242431640625,30.700000762939453
35.392730712890625,30.950000762939453
34.87178421020508,29.510000228881836
34.52449035644531,33.68000030517578
34.619205474853516,32.70000076293945
36.13468551635742,41.52000045776367
35.85842514038086,41.97999954223633
35.71635055541992,38.65999984741211
35.78738784790039,37.52000045776367
39.52873229980469,38.310001373291016
37.9935188293457,37.599998474121094
38.35265350341797,37.560001373291016
38.40790557861328,37.529998779296875
40.47590637207031,37.52000045776367
38.486839294433594,39.029998779296875
37.735015869140625,37.81999969482422
36.485931396484375,37.720001220703125
36.746402740478516,38.45000076293945
37.088768005371094,38.58000183105469
36.7029914855957,38.91999816894531
35.7479248046875,37.84000015258789
35.38483810424805,37.52000045776367
36.118900299072266,40.59000015258789
37.211605072021484,37.52000045776367
37.10554122924805,39.0
36.38331985473633,37.54999923706055
37.43902587890625,37.5099983215332
36.624061584472656,37.209999084472656
36.892425537109375,36.77000045776367
36.485931396484375,35.97999954223633
37.70936584472656,35.970001220703125
41.15471649169922,36.900001525878906
41.31257629394531,36.970001220703125
40.57062530517578,36.689998626708984
38.00141143798828,34.459999084472656
38.4236946105957,34.63999938964844
38.810455322265625,30.489999771118164
38.253990173339844,32.709999084472656
36.00050354003906,31.56999969482422
36.98319625854492,31.010000228881836
37.486385345458984,31.649999618530273
37.088768005371094,30.479999542236328
35.94525146484375,28.84000015258789
32.915164947509766,26.469999313354492
33.0835075378418,25.959999084472656
33.06747817993164,21.450000762939453
30.55835723876953,25.959999084472656
29.404001235961914,25.31999969482422
28.28171157836914,25.959999084472656
26.967029571533203,29.079999923706055
26.80670166015625,28.690000534057617
26.742570877075195,35.45000076293945
28.506168365478516,35.13999938964844
29.820852279663086,33.470001220703125
32.67467498779297,32.65999984741211
31.937170028686523,34.150001525878906
34.61463165283203,36.06999969482422
36.72293472290039,37.5
37.147804260253906,37.5099983215332
38.077701568603516,37.77000045776367
37.949440002441406,37.52000045776367
34.882179260253906,37.5099983215332
37.981502532958984,40.029998779296875
37.548622131347656,39.619998931884766
37.74101257324219,38.2599983215332
38.17389678955078,37.5099983215332
37.308128356933594,37.52000045776367
37.09970474243164,37.52000045776367
38.254058837890625,37.52000045776367
37.404327392578125,37.52000045776367
38.28612518310547,37.52000045776367
37.91737365722656,38.25
37.82117462158203,37.529998779296875
39.50461196899414,37.5099983215332
40.915489196777344,37.52000045776367
42.807350158691406,37.52000045776367
41.90951919555664,37.52000045776367
43.54485321044922,37.52000045776367
42.743221282958984,37.52000045776367
43.737247467041016,39.0
44.18616485595703,37.52000045776367
41.30027389526367,37.52000045776367
38.54264831542969,37.2599983215332
39.50461196899414,37.5099983215332
37.933406829833984,35.540000915527344
35.929317474365234,37.560001373291016
36.755001068115234,38.189998626708984
33.043426513671875,37.5099983215332
36.081626892089844,36.18000030517578
34.803016662597656,35.290000915527344
34.21381378173828,30.979999542236328
33.201995849609375,27.200000762939453
33.85129165649414,27.600000381469727
34.258182525634766,25.889999389648438
31.67831039428711,26.260000228881836
31.69562530517578,25.959999084472656
28.301965713500977,26.690000534057617
26.882169723510742,27.260000228881836
24.769790649414062,26.020000457763672
26.60513687133789,25.959999084472656
27.921043395996094,29.280000686645508
31.228130340576172,31.649999618530273
31.43590545654297,31.90999984741211
33.36648178100586,33.150001525878906
35.187625885009766,40.29999923706055
38.811920166015625,37.72999954223633
36.803428649902344,39.880001068115234
37.1064338684082,49.650001525878906
39.348670959472656,49.27000045776367
35.95068359375,48.619998931884766
39.93737030029297,48.9900016784668
38.69071960449219,49.34000015258789
36.37056350708008,54.560001373291016
39.573760986328125,56.04999923706055
37.201663970947266,47.0
38.84654998779297,40.65999984741211
37.444068908691406,37.5
36.23637390136719,41.40999984741211
38.4136848449707,41.18000030517578
39.62570571899414,47.15999984741211
36.12815856933594,46.84000015258789
38.69071960449219,42.68000030517578
43.123252868652344,39.7400016784668
43.15788269042969,70.37000274658203
45.54729461669922,45.630001068115234
45.89358901977539,37.84000015258789
42.5345573425293,42.27000045776367
48.52540588378906,43.869998931884766
47.41727066040039,44.08000183105469
44.71619415283203,40.52000045776367
39.12358474731445,39.060001373291016
39.33135986328125,37.02000045776367
38.25785446166992,33.77000045776367
37.807674407958984,37.16999816894531
36.75148391723633,38.099998474121094
33.193336486816406,39.97999954223633
36.52639389038086,39.470001220703125
34.266841888427734,31.059999465942383
36.86402893066406,28.100000381469727
34.48792266845703,27.31999969482422
36.44777297973633,29.25
33.60873794555664,24.510000228881836
26.758419036865234,24.3700008392334
30.458324432373047,25.510000228881836
24.48719024658203,26.010000228881836
25.65943717956543,27.6299991607666
23.827800750732422,24.709999084472656
22.58228874206543,24.389999389648438
26.31882667541504,25.959999084472656
22.142696380615234,26.020000457763672
30.27515983581543,26.020000457763672
28.150463104248047,31.530000686645508
32.363224029541016,33.5099983215332
42.96839904785156,33.56999969482422
44.671817779541016,33.31999969482422
45.07477951049805,37.689998626708984
49.470706939697266,38.15999984741211
55.03887939453125,42.38999938964844
44.52528762817383,42.68000030517578
41.44813919067383,45.220001220703125
44.41539001464844,45.2400016784668
41.0360221862793,44.77000045776367
41.72288513183594,49.36000061035156
44.26885986328125,47.45000076293945
39.28337478637695,50.040000915527344
37.19874572753906,48.84000015258789
43.05997848510742,49.970001220703125
44.04906463623047,48.68000030517578
41.310768127441406,49.529998779296875
39.435630798339844,50.06999969482422
49.91029739379883,48.41999816894531
51.44887161254883,46.970001220703125
49.32417297363281,48.869998931884766
48.957847595214844,42.56999969482422
51.30234146118164,38.939998626708984
68.73951721191406,45.119998931884766
57.74970245361328,43.439998626708984
56.72398376464844,38.779998779296875
50.78948211669922,36.88999938964844
46.210391998291016,37.0
44.41539001464844,36.59000015258789
38.72701644897461,49.209999084472656
37.48264694213867,41.7599983215332
36.46609115600586,38.540000915527344
41.81446838378906,35.08000183105469
39.219268798828125,30.889999389648438
39.97367477416992,33.0
35.66777420043945,29.350000381469727
35.44456100463867,29.780000686645508
32.302371978759766,30.309999465942383
26.292728424072266,27.899999618530273
25.605911254882812,29.780000686645508
23.545461654663086,33.36000061035156
22.171829223632812,36.279998779296875
21.759737014770508,33.27000045776367
21.278966903686523,31.989999771118164
24.300960540771484,32.20000076293945
27.185588836669922,32.36000061035156
29.177356719970703,37.16999816894531
27.872406005859375,37.5099983215332
32.33671569824219,37.52000045776367
39.39375686645508,38.41999816894531
40.90475082397461,40.0
44.562049865722656,47.0
46.41645431518555,43.63999938964844
40.990604400634766,39.619998931884766
42.845008850097656,41.119998931884766
42.432918548583984,41.970001220703125
46.14173126220703,40.5
44.35600662231445,41.41999816894531
38.72840118408203,44.779998779296875
41.0421142578125,47.439998626708984
41.33401107788086,45.84000015258789
39.883113861083984,47.81999969482422
42.24404525756836,49.779998779296875
43.53182601928711,48.849998474121094
40.423980712890625,48.849998474121094
42.74198532104492,46.04999923706055
46.79420471191406,47.93000030517578
48.476905822753906,43.060001373291016
49.781856536865234,42.06999969482422
50.537353515625,40.65999984741211
52.52912139892578,49.72999954223633
62.07587432861328,47.380001068115234
57.81761169433594,43.470001220703125
53.00989532470703,39.68000030517578
48.95767593383789,37.439998626708984
46.38211441040039,36.970001220703125
47.103271484375,35.90999984741211
37.82051467895508,44.130001068115234
39.16195297241211,36.439998626708984
36.56922149658203,37.47999954223633
39.745750427246094,34.38999938964844
38.21650695800781,31.700000762939453
37.79046630859375,30.5
35.86813735961914,29.579999923706055
37.60564041137695,28.690000534057617
37.31197738647461,31.110000610351562
34.79137420654297,30.170000076293945
32.001583099365234,32.27000045776367
30.63115692138672,30.549999237060547
27.59664535522461,32.150001525878906
29.65228271484375,37.5
29.60334014892578,37.290000915527344
29.945945739746094,36.70000076293945
30.043832778930664,38.459999084472656
35.59894561767578,42.849998474121094
33.9103889465332,45.9900016784668
34.522186279296875,42.02000045776367
41.27642059326172,42.43000030517578
43.038394927978516,42.06999969482422
42.86709213256836,41.22999954223633
45.70582580566406,40.31999969482422
40.517791748046875,38.869998931884766
44.433292388916016,44.29999923706055
43.33205795288086,36.83000183105469
38.887351989746094,40.43000030517578
43.47888946533203,38.4900016784668
40.66462326049805,37.52000045776367
41.79032897949219,38.31999969482422
42.769203186035156,41.54999923706055
43.503360748291016,42.9900016784668
42.18187713623047,46.560001373291016
41.7658576965332,61.939998626708984
41.496665954589844,61.95000076293945
43.038394927978516,61.86000061035156
46.09737777709961,45.47999954223633
45.8526611328125,34.61000061035156
46.929420471191406,35.70000076293945
48.789283752441406,31.399999618530273
49.817100524902344,39.27000045776367
57.79492950439453,37.93000030517578
53.879432678222656,37.939998626708984
50.35548400878906,38.459999084472656
44.408817291259766,35.83000183105469
46.19526672363281,36.7599983215332
45.338748931884766,33.38999938964844
39.896820068359375,45.36000061035156
41.2030029296875,38.27000045776367
36.981605529785156,36.959999084472656
41.606788635253906,35.970001220703125
36.981605529785156,35.0
39.53738784790039,35.439998626708984
36.097713470458984,31.860000610351562
39.360103607177734,30.790000915527344
33.515621185302734,28.190000534057617
34.79953384399414,27.639999389648438
34.0291862487793,28.010000228881836
32.488487243652344,29.739999771118164
30.234506607055664,30.260000228881836
32.488487243652344,33.58000183105469
29.66387939453125,32.22999954223633
29.778003692626953,32.16999816894531
33.25883865356445,35.88999938964844
36.92512512207031,39.709999084472656
36.725406646728516,35.40999984741211
34.79953384399414,37.90999984741211
49.63587188720703,37.52000045776367
42.30329895019531,38.900001525878906
39.88882827758789,42.83000183105469
45.69853973388672,47.90999984741211
51.74720001220703,47.41999816894531
46.09797668457031,47.06999969482422
42.08931350708008,41.779998779296875
38.46938705444336,46.83000183105469
42.231971740722656,57.83000183105469
38.116310119628906,59.5
40.57001495361328,64.2699966430664
39.74795150756836,55.150001525878906
35.98358917236328,51.13999938964844
42.032249450683594,60.099998474121094
41.889591217041016,59.720001220703125
41.09784698486328,76.94000244140625
41.23337173461914,88.55000305175781
42.63140869140625,76.9000015258789
43.55868148803711,50.81999969482422
45.44175338745117,49.720001220703125
48.20930480957031,49.66999816894531
44.75699996948242,62.630001068115234
59.165367126464844,55.72999954223633
55.8557243347168,54.619998931884766
53.2308349609375,54.02000045776367
42.417423248291016,51.45000076293945
44.557281494140625,43.11000061035156
44.50021743774414,37.439998626708984
40.919525146484375,46.900001525878906
38.10918045043945,43.11000061035156
36.66834259033203,40.380001068115234
38.05211639404297,37.4900016784668
38.71903991699219,37.52000045776367
37.8880615234375,37.52000045776367
43.05710983276367,36.95000076293945
40.00027847290039,36.70000076293945
37.47048568725586,37.84000015258789
36.310997009277344,37.43000030517578
35.25691604614258,36.90999984741211
33.04335021972656,34.43000030517578
24.45259666442871,37.83000183105469
25.190452575683594,39.880001068115234
27.298612594604492,42.029998779296875
25.822900772094727,42.08000183105469
41.818565368652344,43.459999084472656
37.523189544677734,41.619998931884766
37.417781829833984,38.88999938964844
42.108436584472656,37.58000183105469
63.98059844970703,39.380001068115234
51.43704605102539,39.06999969482422
54.6519889831543,44.380001068115234
56.76015090942383,45.150001525878906
56.65474319458008,45.40999984741211
59.28994369506836,48.54999923706055
52.75464630126953,52.7400016784668
49.23665237426758,51.08000183105469
54.07224655151367,48.790000915527344
44.37471008300781,49.65999984741211
49.56605529785156,61.869998931884766
50.0140380859375,57.95000076293945
49.539703369140625,55.189998626708984
53.07086944580078,62.2400016784668
48.02445983886719,59.810001373291016
52.491127014160156,57.95000076293945
56.39122009277344,61.970001220703125
54.59928512573242,65.26000213623047
54.70469284057617,56.61000061035156
58.130455017089844,46.130001068115234
63.55896759033203,41.40999984741211
65.35090637207031,48.06999969482422
78.21067810058594,48.0
77.15660095214844,49.27000045776367
70.3050765991211,47.72999954223633
52.96546173095703,37.459999084472656
57.76152801513672,36.790000915527344
60.396728515625,33.59000015258789
53.86143112182617,41.150001525878906
44.17707061767578,37.66999816894531
38.26104736328125,37.27000045776367
43.97943115234375,35.349998474121094
50.382965087890625,35.150001525878906
41.66045379638672,33.369998931884766
42.14719009399414,29.18000030517578
41.53212356567383,29.559999465942383
41.32709884643555,28.6299991607666
36.286949157714844,26.770000457763672
36.42362976074219,25.959999084472656
37.585426330566406,28.1200008392334
32.118141174316406,29.459999084472656
34.64676284790039,29.489999771118164
34.64676284790039,27.559999465942383
32.118141174316406,30.209999084472656
36.150264739990234,35.939998626708984
40.01153564453125,38.0
39.7381706237793,34.90999984741211
42.11302185058594,36.2400016784668
55.42243957519531,36.4900016784668
48.48582458496094,33.939998626708984
55.90082550048828,40.650001525878906
53.508888244628906,38.13999938964844
56.242530822753906,37.52000045776367
48.19537353515625,42.220001220703125
47.13608932495117,37.77000045776367
44.5626220703125,39.70000076293945
48.998382568359375,43.7599983215332
48.19537353515625,45.810001373291016
44.38108825683594,39.400001525878906
45.97002029418945,42.13999938964844
48.793357849121094,38.38999938964844
45.53861618041992,41.31999969482422
44.93769454956055,43.310001373291016
43.36024475097656,41.47999954223633
45.6966552734375,44.2599983215332
52.278751373291016,41.81999969482422
49.7501335144043,35.25
46.73458480834961,35.470001220703125
50.7069091796875,35.619998931884766
51.80036544799805,35.52000045776367
64.99018859863281,37.2599983215332
64.17008972167969,37.52000045776367
60.821380615234375,36.66999816894531
51.25363540649414,34.650001525878906
52.00538635253906,31.260000228881836
52.34709167480469,30.6200008392334
43.36878967285156,46.27000045776367
42.76226043701172,40.540000915527344
42.35221481323242,37.9900016784668
45.98283386230469,34.81999969482422
43.69340896606445,35.52000045776367
39.90902328491211,33.13999938964844
35.284080505371094,30.75
33.96952819824219,31.43000030517578
33.2285041809082,34.25
32.15250015258789,30.799999237060547
28.741771697998047,30.59000015258789
29.472640991210938,33.279998779296875
27.320632934570312,37.18000030517578
28.25452423095703,37.0099983215332
28.25452423095703,38.20000076293945
27.807880401611328,36.720001220703125
28.579355239868164,34.52000045776367
34.385719299316406,37.2599983215332
31.23891258239746,37.52000045776367
34.3349609375,39.2400016784668
35.55308151245117,41.25
38.25324249267578,42.810001373291016
39.03486633300781,42.56999969482422
38.232940673828125,40.869998931884766
38.61867904663086,41.779998779296875
39.481510162353516,41.83000183105469
36.634159088134766,37.5099983215332
40.4763069152832,37.52000045776367
37.39040756225586,37.52000045776367
36.60878372192383,37.52000045776367
37.31427764892578,37.52000045776367
37.461463928222656,37.52000045776367
37.80659866333008,37.52000045776367
39.542415618896484,37.52000045776367
38.83184814453125,38.06999969482422
37.06557846069336,37.52000045776367
38.61867904663086,37.52000045776367
39.09577560424805,39.119998931884766
42.953147888183594,38.060001373291016
40.882347106933594,38.08000183105469
43.60280990600586,37.52000045776367
44.658512115478516,37.72999954223633
48.27226257324219,38.369998931884766
46.891727447509766,38.95000076293945
44.37428283691406,43.38999938964844
38.689735412597656,38.220001220703125
40.049964904785156,37.52000045776367
40.740234375,36.529998779296875
39.60332489013672,38.70000076293945
38.588226318359375,38.540000915527344
35.99845504760742,37.5099983215332
35.98703384399414,37.5099983215332
37.69493865966797,38.84000015258789
38.06037521362305,37.939998626708984
37.50852966308594,36.689998626708984
37.435054779052734,36.5099983215332
36.271820068359375,35.619998931884766
35.98066711425781,35.20000076293945
34.99184799194336,33.689998626708984
35.035797119140625,34.040000915527344
33.794281005859375,30.18000030517578
33.772308349609375,30.780000686645508
33.222965240478516,30.829999923706055
34.10191345214844,30.040000915527344
33.99204635620117,30.809999465942383
36.7112922668457,32.470001220703125
36.304779052734375,34.84000015258789
37.40209197998047,37.11000061035156
38.36481857299805,37.849998474121094
39.08995056152344,39.130001068115234
38.666954040527344,43.06999969482422
39.320674896240234,37.5099983215332
38.243961334228516,38.029998779296875
39.25475311279297,37.45000076293945
38.54610061645508,37.150001525878906
39.6392936706543,36.90999984741211
39.97988510131836,36.08000183105469
38.34284210205078,34.65999984741211
39.05698776245117,35.22999954223633
38.655967712402344,37.5
38.276920318603516,37.54999923706055
37.89925003051758,37.540000915527344
38.969093322753906,40.290000915527344
38.33185577392578,46.040000915527344
38.01598358154297,49.459999084472656
38.958106994628906,49.59000015258789
40.210609436035156,49.7599983215332
40.28751754760742,54.68000030517578
40.41936111450195,49.779998779296875
41.946533203125,61.91999816894531
44.73719787597656,62.11000061035156
44.6932487487793,61.90999984741211
41.59495544433594,60.15999984741211
39.3975830078125,49.38999938964844
39.04600143432617,49.0
40.562191009521484,45.720001220703125
40.11172866821289,48.189998626708984
38.71090316772461,47.349998474121094
37.58526611328125,48.849998474121094
37.97203826904297,46.869998931884766
37.96516799926758,43.34000015258789
38.224735260009766,37.130001068115234
39.94999694824219,35.7400016784668
36.37662124633789,32.220001220703125
38.12928009033203,33.0
34.334693908691406,30.799999237060547
34.67501449584961,34.5
33.27969741821289,35.599998474121094
29.059707641601562,37.91999816894531
31.441959381103516,44.4900016784668
29.195838928222656,47.709999084472656
30.489059448242188,41.779998779296875
32.667118072509766,45.369998931884766
34.7771110534668,49.0099983215332
34.19856262207031,46.599998474121094
38.04419708251953,49.33000183105469
54.10737609863281,49.40999984741211
43.17454528808594,49.59000015258789
53.83511734008789,49.59000015258789
49.41093826293945,49.29999923706055
45.020790100097656,48.869998931884766
47.77739334106445,49.06999969482422
42.128055572509766,49.52000045776367
43.727569580078125,49.7400016784668
44.612403869628906,55.540000915527344
37.82299041748047,61.060001373291016
42.60025405883789,60.45000076293945
42.289710998535156,66.38999938964844
42.902286529541016,64.61000061035156
45.0548210144043,47.43000030517578
42.136566162109375,58.7599983215332
41.00074005126953,79.41000366210938
44.493289947509766,66.98999786376953
43.52337646484375,49.29999923706055
43.91474533081055,42.16999816894531
43.8466796875,50.720001220703125
45.25901412963867,38.66999816894531
49.751258850097656,49.63999938964844
62.13896179199219,51.029998779296875
61.86670684814453,53.970001220703125
59.41638946533203,49.40999984741211
50.05754852294922,44.29999923706055
47.30094528198242,40.70000076293945
47.675296783447266,37.7599983215332
41.757957458496094,46.36000061035156
40.31584548950195,47.150001525878906
38.74185562133789,42.20000076293945
43.114990234375,35.529998779296875
41.66543197631836,35.7400016784668
39.286373138427734,36.939998626708984
46.39867401123047,32.08000183105469
49.34794235229492,30.149999618530273
43.43974685668945,29.440000534057617
41.682735443115234,29.770000457763672
34.80915069580078,28.170000076293945
36.19931411743164,29.459999084472656
33.41898727416992,38.25
35.427001953125,38.38999938964844
31.25650978088379,34.81999969482422
29.248497009277344,37.18000030517578
36.04485321044922,54.58000183105469
43.59421157836914,54.310001373291016
38.70933151245117,42.97999954223633
43.53628921508789,40.709999084472656
55.58436965942383,43.18000030517578
51.62626647949219,48.650001525878906
53.267433166503906,48.810001373291016
57.2834587097168,41.65999984741211
59.98655700683594,49.349998474121094
55.35267639160156,51.06999969482422
50.66087341308594,51.650001525878906
53.15158462524414,64.45999908447266
49.20313262939453,61.34000015258789
50.62226104736328,68.16999816894531
49.1838264465332,68.18000030517578
49.86925506591797,84.31999969482422
47.62110137939453,73.44000244140625
51.20149612426758,80.0
48.94247817993164,87.26000213623047
53.267433166503906,91.16000366210938
49.849945068359375,82.30999755859375
56.20222091674805,75.30000305175781
54.38728713989258,62.119998931884766
57.82407760620117,55.7400016784668
61.84010696411133,41.380001068115234
58.210235595703125,39.5
79.1399154663086,48.84000015258789
71.72571563720703,43.40999984741211
65.08381652832031,41.529998779296875
60.681636810302734,37.04999923706055
58.673622131347656,36.90999984741211
58.05577087402344,33.9900016784668
53.9625129699707,39.650001525878906
47.45637893676758,37.43000030517578
46.4083251953125,49.95000076293945
53.76943588256836,55.279998779296875
49.386558532714844,46.06999969482422
48.117069244384766,42.70000076293945
44.8218879699707,41.439998626708984
49.59467697143555,38.779998779296875
40.24779510498047,30.639999389648438
40.24779510498047,29.959999084472656
34.27876281738281,31.420000076293945
30.7103214263916,35.310001373291016
26.94723892211914,42.52000045776367
29.023422241210938,41.9900016784668
24.87105369567871,41.81999969482422
29.542469024658203,44.84000015258789
35.122215270996094,64.6500015258789
40.63707733154297,75.62000274658203
40.18291473388672,57.9900016784668
39.14482116699219,52.619998931884766
58.86857223510742,66.44000244140625
53.04552459716797,64.56999969482422
57.89535903930664,72.66000366210938
63.15070343017578,79.91000366210938
75.47804260253906,67.27999877929688
55.52721405029297,73.3499984741211
53.64567184448242,61.130001068115234
52.03987121582031,58.650001525878906
54.74864196777344,56.06999969482422
49.30271530151367,57.900001525878906
50.709815979003906,55.95000076293945
53.337486267089844,94.9000015258789
45.373374938964844,59.540000915527344
58.219764709472656,46.310001373291016
45.0814094543457,51.77000045776367
50.117271423339844,60.959999084472656
54.03495407104492,59.93000030517578
53.35370635986328,89.75
52.096641540527344,59.5
50.462459564208984,53.90999984741211
62.11260986328125,49.36000061035156
62.37213134765625,61.869998931884766
85.85896301269531,65.37000274658203
86.89706420898438,73.12999725341797
77.81375122070312,61.0099983215332
57.99268341064453,55.90999984741211
59.45249938964844,49.959999084472656
61.85308837890625,45.18000030517578
52.445377349853516,88.18000030517578
45.14628982543945,66.6500015258789
39.01506042480469,58.869998931884766
48.49576187133789,55.349998474121094
51.642478942871094,62.970001220703125
47.57931900024414,45.130001068115234
56.72046661376953,41.29999923706055
63.21037292480469,38.88999938964844
48.298919677734375,41.540000915527344
46.01800537109375,38.869998931884766
41.969390869140625,37.15999984741211
36.609249114990234,37.849998474121094
36.495201110839844,46.7400016784668
32.84574508666992,47.630001068115234
28.05583381652832,47.20000076293945
36.15306854248047,46.0099983215332
33.07383728027344,52.33000183105469
53.37394332885742,53.5099983215332
40.94297790527344,51.58000183105469
53.573524475097656,54.720001220703125
56.645626068115234,57.220001220703125
61.49968719482422,56.970001220703125
63.52399826049805,55.4900016784668
71.67825317382812,57.33000183105469
62.92525863647461,57.959999084472656
66.09001922607422,58.13999938964844
57.29960632324219,57.029998779296875
69.39734649658203,55.720001220703125
61.02925109863281,52.599998474121094
52.83222961425781,54.02000045776367
59.16888427734375,53.97999954223633
58.39907455444336,59.66999816894531
58.655677795410156,65.25
61.67075729370117,48.66999816894531
60.28795623779297,47.41999816894531
61.727779388427734,49.369998931884766
59.268672943115234,31.219999313354492
66.37513732910156,85.13999938964844
71.50718688964844,131.1300048828125
74.24427795410156,188.82000732421875
81.77128601074219,90.20999908447266
78.57801055908203,92.41000366210938
95.57080078125,103.4000015258789
100.36071014404297,62.25
87.35951232910156,49.619998931884766
70.87993621826172,48.83000183105469
69.96757507324219,49.029998779296875
72.76168823242188,42.709999084472656
65.86193084716797,51.380001068115234
57.27287673950195,47.36000061035156
53.31692123413086,47.119998931884766
65.17765808105469,43.11000061035156
58.926536560058594,45.5
65.4627685546875,40.380001068115234
38.55721664428711,37.869998931884766
57.60528564453125,38.560001373291016
53.58643341064453,40.56999969482422
41.415061950683594,41.38999938964844
47.02869415283203,40.040000915527344
43.864646911621094,41.58000183105469
38.65928268432617,42.880001068115234
28.758880615234375,43.08000183105469
42.12952423095703,43.86000061035156
33.249786376953125,52.209999084472656
36.61796188354492,45.09000015258789
43.864646911621094,54.880001068115234
51.213401794433594,55.540000915527344
47.74315643310547,55.41999816894531
84.28278350830078,47.18000030517578
69.99354553222656,51.970001220703125
78.36296081542969,56.15999984741211
67.49292755126953,71.55000305175781
81.11874389648438,59.290000915527344
70.14664459228516,64.55999755859375
59.78694534301758,58.689998626708984
52.871971130371094,65.98999786376953
56.954612731933594,76.23999786376953
50.396873474121094,82.77999877929688
44.681175231933594,81.54000091552734
42.53778839111328,88.9800033569336
60.97346115112305,76.47000122070312
57.168312072753906,67.69999694824219
57.691402435302734,61.560001373291016
45.599769592285156,162.91000366210938
49.274147033691406,214.7100067138672
48.30451965332031,70.52999877929688
51.82579803466797,64.7300033569336
62.05791473388672,61.959999084472656
61.36896896362305,55.18000030517578
51.723731994628906,64.33000183105469
79.6898193359375,64.44000244140625
96.73483276367188,60.31999969482422
82.75179290771484,55.810001373291016
53.15265655517578,50.11000061035156
68.4115219116211,48.630001068115234
75.81130981445312,45.029998779296875
62.542724609375,46.68000030517578
48.6107177734375,47.380001068115234
51.494083404541016,47.65999984741211
58.91938400268555,42.22999954223633
43.66051483154297,40.52000045776367
56.756858825683594,38.02000045776367
48.559532165527344,32.869998931884766
64.92137908935547,35.58000183105469
40.8770866394043,34.75
51.022605895996094,35.5
51.90227508544922,35.220001220703125
38.06214141845703,32.470001220703125
30.438344955444336,31.530000686645508
33.95702362060547,30.780000686645508
30.907501220703125,30.479999542236328
38.88317108154297,29.520000457763672
51.78498458862305,29.3799991607666
39.58690643310547,32.060001373291016
50.670738220214844,34.58000183105469
51.25718307495117,42.0099983215332
128.4921417236328,47.38999938964844
68.029541015625,45.709999084472656
102.45393371582031,48.83000183105469
73.659423828125,51.54999923706055
97.52778625488281,54.79999923706055
69.3197250366211,66.01000213623047
62.040462493896484,70.19000244140625
69.96481323242188,71.70999908447266
59.980567932128906,70.41000366210938
54.541282653808594,99.30000305175781
46.037811279296875,83.80999755859375
59.53340530395508,76.98999786376953
52.89923095703125,75.16999816894531
56.593841552734375,104.58999633789062
61.01143264770508,115.37999725341797
58.42648696899414,88.30999755859375
57.004356384277344,68.37000274658203
63.308650970458984,61.150001525878906
47.855796813964844,60.810001373291016
55.215694427490234,50.84000015258789
69.96481323242188,47.439998626708984
65.83036804199219,51.349998474121094
107.38008117675781,60.40999984741211
115.82490539550781,62.09000015258789
100.81188201904297,55.869998931884766
80.63813781738281,50.720001220703125
67.03258514404297,48.970001220703125
69.55430603027344,45.939998626708984
67.26716613769531,58.45000076293945
53.36838912963867,66.5199966430664
45.21678924560547,57.54999923706055
52.371429443359375,47.43000030517578
59.74599075317383,41.72999954223633
50.49480438232422,48.880001068115234
48.25138473510742,43.79999923706055
47.77726364135742,42.91999816894531
40.54692840576172,40.83000183105469
38.887508392333984,41.959999084472656
35.726707458496094,43.970001220703125
34.22532272338867,44.220001220703125
29.010000228881836,47.9900016784668
27.11351776123047,40.58000183105469
23.478595733642578,38.099998474121094
25.6911563873291,37.93000030517578
22.68839454650879,37.52000045776367
48.7650146484375,42.09000015258789
36.27984619140625,42.29999923706055
43.707733154296875,46.7599983215332
70.33749389648438,56.279998779296875
64.0553970336914,61.41999816894531
60.73655319213867,59.900001525878906
78.16047668457031,53.40999984741211
93.96449279785156,56.5
62.395973205566406,61.220001220703125
65.43824768066406,69.8499984741211
59.827823638916016,75.62999725341797
60.14390182495117,63.54999923706055
50.00958251953125,68.25
60.89459228515625,78.63999938964844
58.66227722167969,66.30000305175781
60.49949264526367,49.68000030517578
68.12493133544922,51.470001220703125
55.58543395996094,57.689998626708984
60.420475006103516,53.529998779296875
61.92185592651367,57.75
69.38925170898438,66.2300033569336
67.72982788085938,52.58000183105469
61.171165466308594,46.439998626708984
73.972412109375,60.06999969482422
79.89891815185547,106.12000274658203
117.51246643066406,94.0999984741211
101.39237976074219,117.91999816894531
89.22328186035156,62.43000030517578
67.57179260253906,49.65999984741211
66.38648986816406,90.72000122070312
71.52279663085938,45.7599983215332
61.32920455932617,52.65999984741211
56.252166748046875,47.779998779296875
45.841270446777344,48.83000183105469
52.903690338134766,42.31999969482422
58.998111724853516,38.54999923706055
52.15299987792969,35.59000015258789
47.91105270385742,31.559999465942383
53.08866500854492,31.959999084472656
49.62549591064453,30.780000686645508
43.487796783447266,27.09000015258789
45.06508255004883,29.010000228881836
38.893096923828125,31.84000015258789
32.03533172607422,37.810001373291016
35.738525390625,38.0
37.93301010131836,46.77000045776367
34.504127502441406,45.43000030517578
34.64128112792969,46.029998779296875
48.013919830322266,52.11000061035156
41.979087829589844,39.11000061035156
51.83712387084961,50.2599983215332
83.74285888671875,48.209999084472656
62.82668685913086,68.44999694824219
76.33647918701172,59.869998931884766
75.5135498046875,61.869998931884766
76.33647918701172,51.41999816894531
66.73561096191406,61.970001220703125
63.99250793457031,61.970001220703125
56.88186264038086,81.55999755859375
56.51111602783203,67.8499984741211
55.76640701293945,76.45999908447266
50.24269104003906,64.79000091552734
55.02598190307617,62.61000061035156
63.61532974243164,61.83000183105469
60.15216064453125,52.16999816894531
53.63728713989258,60.52000045776367
53.08866500854492,60.540000915527344
53.44869613647461,59.369998931884766
72.08467102050781,62.84000015258789
66.25556945800781,59.88999938964844
59.260650634765625,61.84000015258789
74.41630554199219,38.43000030517578
67.55854034423828,38.22999954223633
102.6702880859375,48.810001373291016
92.52079772949219,40.349998474121094
92.24649047851562,43.04999923706055
65.70694732666016,39.130001068115234
66.52987670898438,37.41999816894531
74.41630554199219,30.110000610351562
56.641841888427734,91.91000366210938
49.488338470458984,49.189998626708984
54.77738952636719,51.630001068115234
62.10662078857422,47.349998474121094
48.63111877441406,38.52000045776367
46.4366340637207,36.9900016784668
41.14781188964844,36.27000045776367
49.172340393066406,30.799999237060547
42.844627380371094,29.3799991607666
36.79264450073242,26.639999389648438
34.02117919921875,25.959999084472656
28.0257568359375,26.889999389648438
21.46472930908203,37.95000076293945
26.442060470581055,37.95000076293945
28.59136199951172,37.25
28.704483032226562,34.34000015258789
26.89454460144043,38.65999984741211
35.60487365722656,42.4900016784668
38.263221740722656,37.5
37.41481018066406,37.869998931884766
56.504005432128906,45.04999923706055
57.83317947387695,45.099998474121094
63.149871826171875,38.38999938964844
66.48694610595703,40.380001068115234
65.1294937133789,42.41999816894531
55.514198303222656,44.08000183105469
52.290245056152344,41.2400016784668
57.23929214477539,38.849998474121094
53.5628547668457,38.060001373291016
50.55630874633789,38.20000076293945
44.71112823486328,41.349998474121094
47.38361358642578,41.529998779296875
44.40004348754883,39.619998931884766
58.964393615722656,40.93000030517578
54.38298416137695,42.38999938964844
54.26986312866211,46.380001068115234
49.44100570678711,56.95000076293945
64.337646484375,59.7599983215332
63.545799255371094,49.41999816894531
63.77204132080078,42.5099983215332
66.60006713867188,40.369998931884766
68.29689025878906,41.38999938964844
88.77182006835938,41.79999923706055
86.73563385009766,39.099998474121094
85.15193939208984,40.56999969482422
67.73127746582031,37.59000015258789
58.511905670166016,36.29999923706055
60.434967041015625,32.279998779296875
51.88018035888672,45.869998931884766
53.02553176879883,39.900001525878906
45.75749588012695,40.43000030517578
51.858970642089844,36.20000076293945
50.64291763305664,34.25
51.44183349609375,33.18000030517578
37.66412353515625,31.15999984741211
42.759849548339844,32.810001373291016
33.461082458496094,28.760000228881836
37.143394470214844,29.979999542236328
34.42815399169922,25.959999084472656
36.25071334838867,31.059999465942383
30.733444213867188,33.40999984741211
29.64238739013672,37.65999984741211
30.63425636291504,35.77000045776367
29.64238739013672,35.689998626708984
32.66758728027344,36.439998626708984
36.11433029174805,43.099998474121094
36.25071334838867,41.0
37.66412353515625,48.150001525878906
43.776512145996094,51.2400016784668
40.98688507080078,56.2599983215332
40.67072677612305,63.29999923706055
43.85090255737305,60.869998931884766
43.5533447265625,40.16999816894531
44.91716384887695,51.66999816894531
38.52581024169922,49.65999984741211
42.313507080078125,47.70000076293945
42.499481201171875,41.720001220703125
37.19298553466797,42.75
42.56147384643555,42.810001373291016
41.55720901489258,46.599998474121094
37.03180694580078,44.16999816894531
39.685054779052734,43.79999923706055
40.825706481933594,46.83000183105469
39.15192794799805,47.900001525878906
41.705989837646484,45.400001525878906
44.39643096923828,46.209999084472656
42.57387161254883,43.849998474121094
46.454559326171875,41.36000061035156
49.82691192626953,41.720001220703125
47.00008773803711,47.83000183105469
59.150474548339844,47.599998474121094
58.45616912841797,48.779998779296875
53.496826171875,49.119998931884766
45.73545455932617,45.68000030517578
46.7025260925293,41.790000915527344
47.84317398071289,36.43000030517578
43.652530670166016,45.459999084472656
42.18952560424805,39.22999954223633
37.66412353515625,47.2599983215332
43.97488784790039,41.16999816894531
39.3885612487793,39.060001373291016
38.4266242980957,35.880001068115234
37.09342956542969,34.22999954223633
40.99497604370117,35.38999938964844
39.564659118652344,34.70000076293945
36.37452697753906,29.790000915527344
35.17635726928711,28.100000381469727
31.252344131469727,28.260000228881836
30.53343963623047,39.06999969482422
26.57947540283203,40.7599983215332
26.819108963012695,41.86000061035156
31.132526397705078,38.70000076293945
31.791521072387695,41.63999938964844
37.48283767700195,40.630001068115234
34.42749786376953,39.5099983215332
38.171783447265625,42.72999954223633
44.62693405151367,46.7599983215332
48.29633331298828,42.310001373291016
44.37981033325195,42.36000061035156
53.95769500732422,45.2400016784668
53.11897659301758,43.279998779296875
48.41615295410156,48.349998474121094
48.0267448425293,50.0
45.01634216308594,51.08000183105469
44.06529235839844,49.77000045776367
43.937984466552734,52.290000915527344
43.653419494628906,49.88999938964844
43.09552001953125,49.959999084472656
41.53415298461914,49.810001373291016
45.5405387878418,49.83000183105469
40.972511291503906,49.959999084472656
46.04976272583008,51.810001373291016
44.349857330322266,49.959999084472656
46.3792610168457,51.95000076293945
50.42308807373047,48.209999084472656
51.261810302734375,48.77000045776367
55.81486129760742,49.63999938964844
54.37705612182617,49.83000183105469
66.71822357177734,50.220001220703125
65.04078674316406,49.56999969482422
60.48773193359375,49.09000015258789
52.699615478515625,41.029998779296875
51.62126159667969,40.65999984741211
48.98528289794922,37.54999923706055
47.188026428222656,51.22999954223633
43.848121643066406,43.470001220703125
42.268035888671875,38.2400016784668
45.390769958496094,38.119998931884766
45.22602081298828,40.310001373291016
41.766300201416016,35.75
41.05683517456055,33.790000915527344
42.073387145996094,17.6299991607666
38.99800491333008,14.130000114440918
37.53108596801758,28.209999084472656
33.49062728881836,18.93000030517578
33.181800842285156,18.959999084472656
31.328853607177734,21.969999313354492
33.43915557861328,18.709999084472656
32.15238571166992,18.5
32.667091369628906,29.020000457763672
36.52740478515625,35.68000030517578
38.79212188720703,37.959999084472656
38.32888412475586,38.599998474121094
41.43000030517578,40.099998474121094
43.45344543457031,40.36000061035156
44.014801025390625,38.81999969482422
48.39142608642578,45.27000045776367
46.35832977294922,43.09000015258789
38.71491622924805,40.81999969482422
48.10833740234375,45.52000045776367
44.305931091308594,42.310001373291016
48.700252532958984,35.369998931884766
50.630409240722656,36.20000076293945
47.696571350097656,35.61000061035156
46.70575714111328,33.22999954223633
46.73149490356445,35.70000076293945
46.7186279296875,35.150001525878906
46.55134582519531,36.029998779296875
48.13407516479492,38.61000061035156
45.42542266845703,46.58000183105469
50.03849411010742,43.380001068115234
48.700252532958984,49.13999938964844
50.784820556640625,49.310001373291016
52.431884765625,48.939998626708984
52.020118713378906,46.16999816894531
53.92454147338867,45.16999816894531
57.47602844238281,43.7599983215332
57.887794494628906,48.90999984741211
53.61571502685547,47.439998626708984
50.939231872558594,42.540000915527344
51.556884765625,43.119998931884766
52.12306213378906,44.439998626708984
46.898773193359375,39.150001525878906
44.12256622314453,42.79999923706055
42.240665435791016,42.91999816894531
46.64141845703125,37.93000030517578
43.88853454589844,33.79999923706055
43.54995346069336,28.229999542236328
35.897003173828125,21.149999618530273
39.23126983642578,19.540000915527344
33.228675842285156,18.8700008392334
29.05057716369629,15.100000381469727
25.58403205871582,17.670000076293945
23.832515716552734,5.639999866485596
19.745641708374023,18.770000457763672
17.045385360717773,18.90999984741211
22.299938201904297,22.3700008392334
22.59185791015625,20.469999313354492
25.365093231201172,26.329999923706055
28.430248260498047,31.290000915527344
31.057523727416992,38.09000015258789
29.962825775146484,35.95000076293945
38.264286041259766,36.5099983215332
39.57792663574219,34.689998626708984
42.62483596801758,35.97999954223633
44.52231216430664,34.75
42.58834457397461,35.18000030517578
43.24516296386719,39.689998626708984
42.296424865722656,39.970001220703125
42.73430633544922,41.2400016784668
41.60311508178711,39.61000061035156
41.20172882080078,41.439998626708984
42.62483596801758,38.56999969482422
39.523189544677734,39.91999816894531
39.31337356567383,39.08000183105469
36.760215759277344,35.47999954223633
39.596168518066406,35.099998474121094
41.65785217285156,36.63999938964844
42.551856994628906,37.91999816894531
45.43456268310547,38.779998779296875
47.18607711791992,41.58000183105469
49.083553314208984,41.97999954223633
54.99492645263672,41.58000183105469
54.338104248046875,44.279998779296875
65.64998626708984,49.380001068115234
63.60655212402344,49.56999969482422
51.41891098022461,49.040000915527344
50.61613082885742,47.79999923706055
51.126991271972656,41.72999954223633
45.653499603271484,36.790000915527344
43.24516296386719,43.45000076293945
37.94043731689453,40.54999923706055
33.68479919433594,44.59000015258789
42.332916259765625,35.970001220703125
38.82075881958008,35.02000045776367
36.024715423583984,26.65999984741211
35.49382400512695,12.8100004196167
34.06619644165039,14.5
32.804229736328125,22.479999542236328
28.087692260742188,17.399999618530273
23.605031967163086,16.100000381469727
24.150745391845703,18.940000534057617
18.069921493530273,22.479999542236328
14.951549530029297,21.329999923706055
16.198898315429688,24.18000030517578
18.61563491821289,26.020000457763672
22.27972412109375,28.549999237060547
28.94524383544922,35.40999984741211
26.255647659301758,37.630001068115234
32.76525115966797,34.86000061035156
43.991390228271484,40.029998779296875
41.06791687011719,36.11000061035156
39.664649963378906,37.52000045776367
45.19976043701172,35.97999954223633
39.781585693359375,36.5
46.05731201171875,35.33000183105469
41.06791687011719,35.099998474121094
40.327301025390625,34.02000045776367
42.821998596191406,34.619998931884766
40.717098236083984,36.029998779296875
43.211795806884766,35.63999938964844
43.79649353027344,36.470001220703125
38.84607696533203,35.97999954223633
39.27485275268555,36.029998779296875
42.86098098754883,39.75
35.69359588623047,39.68000030517578
41.76955032348633,35.97999954223633
54.087120056152344,38.59000015258789
53.151611328125,35.810001373291016
56.893653869628906,36.02000045776367
56.425899505615234,36.869998931884766
53.307525634765625,37.27000045776367
66.56060791015625,39.31999969482422
62.97447967529297,47.290000915527344
55.95814514160156,38.900001525878906
47.14874267578125,35.970001220703125
45.82343292236328,36.5099983215332
44.22526931762695,37.13999938964844
40.48322296142578,35.529998779296875
37.94954299926758,35.93000030517578
35.10646438598633,42.650001525878906
43.25077819824219,41.13999938964844
34.78731918334961,39.119998931884766
36.020050048828125,37.560001373291016
34.329933166503906,22.829999923706055
32.7379264831543,24.899999618530273
32.32476043701172,30.670000076293945
28.799598693847656,17.260000228881836
27.525991439819336,28.209999084472656
23.978084564208984,17.84000015258789
20.157264709472656,25.729999542236328
18.095233917236328,19.110000610351562
17.7919921875,25.110000610351562
21.552165985107422,24.040000915527344
27.55631446838379,25.389999389648438
28.647977828979492,30.549999237060547
27.131778717041016,38.470001220703125
34.053226470947266,31.799999237060547
41.262752532958984,38.849998474121094
37.563228607177734,42.11000061035156
37.68452453613281,44.720001220703125
40.383358001708984,41.33000183105469
33.63532638549805,40.060001373291016
44.719688415527344,41.689998626708984
39.655582427978516,40.290000915527344
38.04841232299805,38.119998931884766
40.01947021484375,37.279998779296875
36.941585540771484,36.72999954223633
39.41299057006836,37.65999984741211
40.444007873535156,37.97999954223633
37.290313720703125,40.81999969482422
35.59217071533203,38.18000030517578
39.958824157714844,41.130001068115234
34.727935791015625,41.630001068115234
38.2910041809082,41.529998779296875
47.084957122802734,48.08000183105469
46.7210693359375,43.040000915527344
53.08910369873047,45.11000061035156
50.663185119628906,41.040000915527344
47.50949478149414,40.68000030517578
52.482627868652344,41.709999084472656
55.02983856201172,45.779998779296875
47.63079071044922,48.650001525878906
40.47433090209961,39.349998474121094
39.382667541503906,40.029998779296875
40.74724578857422,36.61000061035156
37.381282806396484,46.029998779296875
35.02359390258789,46.97999954223633
33.31929397583008,45.91999816894531
39.231048583984375,42.029998779296875
31.195192337036133,38.65999984741211
34.292030334472656,35.220001220703125
36.66060256958008,28.200000762939453
36.49599075317383,27.690000534057617
33.31547164916992,25.280000686645508
30.873218536376953,22.860000610351562
27.361478805541992,21.81999969482422
28.319225311279297,22.209999084472656
24.041290283203125,26.079999923706055
21.423446655273438,26.059999465942383
22.125795364379883,31.309999465942383
25.062885284423828,36.0
25.76523208618164,34.34000015258789
30.74551773071289,36.75
28.255374908447266,35.709999084472656
33.31547164916992,38.16999816894531
39.82815170288086,40.849998474121094
42.94083023071289,38.54999923706055
40.3229866027832,38.959999084472656
43.99435043334961,38.959999084472656
36.56981658935547,38.63999938964844
45.9417724609375,39.20000076293945
38.61500549316406,41.08000183105469
41.504207611083984,41.900001525878906
42.23847961425781,40.7599983215332
39.42909240722656,41.83000183105469
42.14270782470703,42.34000015258789
44.632850646972656,44.2599983215332
38.57509994506836,47.869998931884766
40.722049713134766,48.150001525878906
41.248809814453125,44.72999954223633
39.540828704833984,52.9900016784668
43.19622802734375,56.959999084472656
49.77275848388672,63.77000045776367
49.77275848388672,57.45000076293945
51.4967041015625,59.060001373291016
53.922996520996094,41.38999938964844
52.77369689941406,43.36000061035156
60.30797576904297,44.36000061035156
56.34928894042969,43.70000076293945
50.730506896972656,41.83000183105469
46.77181625366211,39.099998474121094
45.49481964111328,39.29999923706055
46.89951705932617,38.84000015258789
39.49293899536133,63.599998474121094
40.29106140136719,49.130001068115234
37.944583892822266,49.900001525878906
42.23847961425781,49.88999938964844
36.76909637451172,43.380001068115234
36.692527770996094,39.25
37.9924201965332,37.97999954223633
40.70905303955078,34.77000045776367
40.37781524658203,28.559999465942383
31.469585418701172,29.329999923706055
27.58694839477539,28.649999618530273
28.90704345703125,26.479999542236328
27.97521209716797,36.7400016784668
24.791446685791016,38.959999084472656
25.10205841064453,37.849998474121094
27.121030807495117,38.91999816894531
31.081321716308594,38.15999984741211
34.73100280761719,38.720001220703125
33.83799743652344,38.369998931884766
38.60393524169922,40.52000045776367
45.95182800292969,41.790000915527344
47.388404846191406,43.2400016784668
49.60150909423828,43.529998779296875
49.135589599609375,44.290000915527344
42.82630157470703,42.810001373291016
47.699012756347656,45.47999954223633
44.398773193359375,49.959999084472656
50.30038070678711,49.650001525878906
45.44708251953125,49.5099983215332
40.90318298339844,46.47999954223633
44.20463943481445,47.2400016784668
41.612979888916016,48.47999954223633
41.52561950683594,50.43000030517578
44.37936019897461,58.61000061035156
42.84571838378906,121.38999938964844
41.72945785522461,77.83999633789062
42.44774627685547,56.119998931884766
49.25206756591797,135.94000244140625
52.74644470214844,79.19000244140625
54.144195556640625,65.87999725341797
52.2805290222168,49.779998779296875
57.32795715332031,49.849998474121094
67.96638488769531,68.88999938964844
61.13294219970703,64.54000091552734
55.85255432128906,51.220001220703125
50.610992431640625,60.58000183105469
50.183902740478516,55.959999084472656
48.94145965576172,42.75
46.49539566040039,64.19000244140625
41.020877838134766,49.81999969482422
42.467159271240234,49.54999923706055
47.07779312133789,45.90999984741211
41.36545944213867,42.93000030517578
44.282291412353516,39.279998779296875
