pred,true
39.1719856262207,30.389999389648438
38.97294616699219,25.190000534057617
39.885215759277344,24.799999237060547
35.90440368652344,25.200000762939453
31.790897369384766,25.450000762939453
28.738941192626953,25.399999618530273
25.886028289794922,27.329999923706055
25.08986473083496,33.65999984741211
24.691783905029297,34.060001373291016
27.01392364501953,41.880001068115234
34.57746505737305,47.06999969482422
36.30248260498047,49.650001525878906
37.13182067871094,47.220001220703125
42.02904510498047,48.290000915527344
47.68096923828125,49.470001220703125
42.870304107666016,47.790000915527344
45.90618896484375,47.36000061035156
49.60502624511719,46.11000061035156
44.11482620239258,47.56999969482422
51.296875,46.099998474121094
50.434364318847656,43.2400016784668
45.75691223144531,44.380001068115234
48.64299774169922,48.34000015258789
48.31126403808594,47.41999816894531
47.15019607543945,46.150001525878906
47.18336868286133,44.0099983215332
48.4439582824707,41.900001525878906
48.1453971862793,44.11000061035156
48.676170349121094,43.220001220703125
47.382408142089844,42.08000183105469
50.46753692626953,41.880001068115234
53.15458679199219,41.959999084472656
55.94115447998047,41.959999084472656
56.87001037597656,41.959999084472656
61.04985809326172,40.72999954223633
58.26329040527344,41.959999084472656
63.571041107177734,41.959999084472656
65.69413757324219,40.400001525878906
57.00270080566406,37.22999954223633
50.03628158569336,35.04999923706055
53.55266571044922,35.029998779296875
53.41997146606445,32.95000076293945
46.752113342285156,34.5
44.239227294921875,35.959999084472656
38.45875549316406,35.650001525878906
44.587547302246094,34.97999954223633
39.91838836669922,35.31999969482422
40.382816314697266,36.880001068115234
37.558414459228516,34.15999984741211
37.33221435546875,28.989999771118164
35.310569763183594,25.34000015258789
35.932613372802734,25.299999237060547
29.48596954345703,25.389999389648438
28.411529541015625,25.459999084472656
24.566162109375,29.18000030517578
26.715042114257812,39.81999969482422
24.226863861083984,47.209999084472656
26.488845825195312,42.7599983215332
31.125905990600586,43.560001373291016
34.46232604980469,45.369998931884766
34.23612976074219,41.900001525878906
35.48021697998047,41.869998931884766
42.93061828613281,41.959999084472656
41.785491943359375,40.959999084472656
41.65825271606445,42.0
46.05497741699219,41.93000030517578
40.37175369262695,42.150001525878906
42.70441818237305,41.939998626708984
44.782615661621094,41.959999084472656
44.810890197753906,42.150001525878906
41.856178283691406,41.959999084472656
42.53477096557617,41.720001220703125
44.24539566040039,39.119998931884766
44.301944732666016,38.709999084472656
43.45370101928711,36.9900016784668
43.01544189453125,39.38999938964844
42.53477096557617,40.9900016784668
45.46120834350586,43.150001525878906
44.72606658935547,42.09000015258789
45.23501205444336,43.150001525878906
47.808013916015625,40.5099983215332
49.90034484863281,40.209999084472656
53.23676681518555,39.41999816894531
52.388526916503906,42.54999923706055
59.287567138671875,40.650001525878906
59.174468994140625,36.9900016784668
50.52239227294922,35.08000183105469
48.316959381103516,34.56999969482422
49.1086540222168,33.130001068115234
48.203861236572266,33.83000183105469
43.4254264831543,34.84000015258789
41.785491943359375,36.279998779296875
35.310569763183594,37.90999984741211
41.3118896484375,36.47999954223633
36.9080924987793,36.22999954223633
36.62534713745117,35.97999954223633
36.94526672363281,32.290000915527344
36.92946243286133,25.190000534057617
36.90312957763672,25.440000534057617
36.08674621582031,27.780000686645508
32.82120895385742,24.209999084472656
29.72421646118164,26.90999984741211
29.13431167602539,37.040000915527344
27.23819351196289,40.59000015258789
27.15392303466797,44.369998931884766
29.05004119873047,38.779998779296875
31.198974609375,41.20000076293945
32.336647033691406,48.13999938964844
36.26582336425781,46.84000015258789
34.25382995605469,47.97999954223633
40.310874938964844,48.970001220703125
40.458351135253906,49.099998474121094
38.82294845581055,49.11000061035156
43.79762268066406,49.09000015258789
40.70063018798828,48.09000015258789
41.48014831542969,48.09000015258789
41.71189498901367,43.40999984741211
39.720970153808594,41.7599983215332
40.310874938964844,43.119998931884766
40.4688835144043,43.119998931884766
41.100921630859375,41.959999084472656
41.079856872558594,41.959999084472656
40.25820541381836,41.880001068115234
40.43728256225586,41.65999984741211
39.94218444824219,47.54999923706055
41.77509689331055,48.9900016784668
41.62762451171875,44.15999984741211
42.15432357788086,38.209999084472656
44.80888748168945,37.5
45.52519989013672,37.380001068115234
47.50558853149414,38.779998779296875
46.41005325317383,41.310001373291016
53.86811828613281,40.70000076293945
52.35122299194336,39.33000183105469
47.126365661621094,35.41999816894531
42.78636169433594,34.09000015258789
44.38752746582031,33.97999954223633
42.70208740234375,33.79999923706055
41.227333068847656,37.540000915527344
40.25820541381836,32.349998474121094
36.02354049682617,34.16999816894531
37.4930305480957,35.849998474121094
36.6766471862793,36.630001068115234
36.90839767456055,34.63999938964844
37.569095611572266,31.670000076293945
39.5864143371582,26.8700008392334
38.248138427734375,24.360000610351562
34.613250732421875,25.280000686645508
31.976959228515625,24.489999771118164
28.408645629882812,25.459999084472656
28.728195190429688,25.469999313354492
27.130443572998047,27.440000534057617
26.491342544555664,34.290000915527344
28.887971878051758,36.04999923706055
31.604150772094727,38.779998779296875
34.95943069458008,40.029998779296875
35.385498046875,41.5099983215332
35.7316780090332,44.34000015258789
44.35954284667969,45.16999816894531
42.16263198852539,42.88999938964844
40.3218879699707,43.939998626708984
44.8388671875,39.7400016784668
41.803138732910156,38.900001525878906
43.507408142089844,37.279998779296875
43.7470703125,35.959999084472656
39.99235153198242,35.97999954223633
43.66718292236328,35.459999084472656
40.984291076660156,29.389999389648438
43.18785858154297,33.95000076293945
42.53544235229492,34.130001068115234
42.801734924316406,35.619998931884766
43.13459777832031,37.11000061035156
41.064178466796875,35.97999954223633
41.97623062133789,40.790000915527344
40.89774703979492,35.63999938964844
44.35954284667969,36.5
47.26212692260742,36.16999816894531
46.35673522949219,36.72999954223633
48.91313934326172,38.0099983215332
48.91313934326172,40.9900016784668
59.1920166015625,40.2400016784668
57.061676025390625,37.439998626708984
52.108642578125,35.689998626708984
47.84796905517578,35.290000915527344
47.528419494628906,32.720001220703125
46.35673522949219,32.02000045776367
41.98954391479492,34.150001525878906
39.824256896972656,31.43000030517578
36.85010528564453,29.959999084472656
41.94960021972656,27.299999237060547
36.597129821777344,31.010000228881836
37.156341552734375,30.950000762939453
32.200958251953125,24.280000686645508
34.018550872802734,23.34000015258789
33.57600402832031,19.270000457763672
30.525611877441406,18.959999084472656
27.469947814941406,18.959999084472656
26.62700653076172,18.959999084472656
25.53118133544922,23.469999313354492
25.151859283447266,23.110000610351562
22.665180206298828,23.989999771118164
25.02541732788086,24.209999084472656
28.186447143554688,25.450000762939453
30.167360305786133,25.459999084472656
29.514080047607422,25.299999237060547
32.22203063964844,25.469999313354492
37.40612030029297,25.469999313354492
37.100555419921875,25.760000228881836
37.09001922607422,25.469999313354492
39.1025390625,25.469999313354492
40.156219482421875,26.459999084472656
37.46934127807617,25.479999542236328
37.83812713623047,25.6200008392334
37.30075454711914,26.3799991607666
38.02779006958008,25.670000076293945
36.710693359375,26.200000762939453
37.15324020385742,29.90999984741211
36.984649658203125,30.799999237060547
35.282962799072266,31.649999618530273
37.4377326965332,34.099998474121094
36.99518585205078,33.97999954223633
38.38603973388672,35.880001068115234
36.310298919677734,34.459999084472656
41.46277618408203,34.90999984741211
41.378482818603516,35.099998474121094
41.63136672973633,37.849998474121094
44.792396545410156,37.91999816894531
43.57012939453125,47.119998931884766
50.48225402832031,40.47999954223633
49.47072219848633,37.93000030517578
46.09895706176758,35.54999923706055
41.84210205078125,35.77000045776367
42.3900146484375,34.959999084472656
40.28266143798828,29.959999084472656
37.46934127807617,32.349998474121094
35.182861328125,27.1200008392334
32.71725845336914,25.65999984741211
37.416656494140625,27.219999313354492
33.48644256591797,27.31999969482422
34.499290466308594,32.04999923706055
25.028444290161133,25.459999084472656
26.00782585144043,24.399999618530273
25.14788055419922,24.31999969482422
24.28793716430664,24.389999389648438
21.325904846191406,24.5
21.469228744506836,25.459999084472656
20.657058715820312,24.950000762939453
20.22708511352539,25.450000762939453
19.7971134185791,33.790000915527344
19.892662048339844,37.91999816894531
22.80691909790039,45.59000015258789
24.837345123291016,45.189998626708984
23.881851196289062,41.529998779296875
23.977399826049805,42.0099983215332
36.51826095581055,42.38999938964844
31.776622772216797,40.40999984741211
34.153411865234375,42.790000915527344
34.463951110839844,44.7599983215332
31.704959869384766,42.0099983215332
32.02743911743164,39.61000061035156
30.976394653320312,40.33000183105469
30.916677474975586,43.20000076293945
32.0035514831543,45.81999969482422
28.22039222717285,41.470001220703125
31.549692153930664,40.709999084472656
30.845014572143555,37.970001220703125
27.912841796875,37.15999984741211
33.84287643432617,38.09000015258789
29.052717208862305,38.81999969482422
30.152280807495117,41.06999969482422
32.337974548339844,41.58000183105469
31.51386070251465,44.66999816894531
32.95904541015625,46.04999923706055
34.36840057373047,43.93000030517578
34.10564041137695,41.709999084472656
36.088287353515625,43.400001525878906
44.209991455078125,40.79999923706055
42.77674865722656,37.400001525878906
41.343505859375,36.470001220703125
35.562767028808594,35.5099983215332
33.84287643432617,35.20000076293945
31.931888580322266,31.010000228881836
29.84771728515625,34.970001220703125
27.333574295043945,31.1299991607666
26.9991512298584,25.670000076293945
28.80264663696289,28.170000076293945
27.88298225402832,25.84000015258789
28.139772415161133,25.40999984741211
34.30634307861328,22.989999771118164
33.822696685791016,19.850000381469727
30.835451126098633,18.959999084472656
27.193859100341797,18.959999084472656
25.885160446166992,18.959999084472656
24.576461791992188,18.959999084472656
21.959068298339844,25.200000762939453
21.788368225097656,25.479999542236328
22.186668395996094,31.829999923706055
25.259262084960938,35.369998931884766
29.640552520751953,39.150001525878906
28.957754135131836,48.56999969482422
31.888099670410156,38.04999923706055
34.420143127441406,35.91999816894531
37.95505142211914,35.959999084472656
38.6307373046875,35.16999816894531
40.65068054199219,35.52000045776367
40.70758056640625,36.06999969482422
40.28083419799805,39.5099983215332
42.38612747192383,41.0099983215332
41.048980712890625,37.900001525878906
42.47147750854492,37.61000061035156
40.821380615234375,37.18000030517578
41.21968078613281,37.4900016784668
38.22532272338867,38.029998779296875
40.65068054199219,37.5099983215332
41.87403106689453,37.2400016784668
41.248130798339844,37.5
41.703330993652344,38.06999969482422
41.90248107910156,40.22999954223633
44.263824462890625,37.810001373291016
48.588218688964844,38.83000183105469
48.360618591308594,37.529998779296875
48.81581497192383,37.310001373291016
50.52281188964844,37.4900016784668
50.5797119140625,38.529998779296875
51.148712158203125,37.060001373291016
55.13170623779297,36.720001220703125
46.995018005371094,32.61000061035156
45.00352478027344,31.8799991607666
44.83282470703125,31.889999389648438
41.67488098144531,28.229999542236328
38.65918731689453,34.369998931884766
40.4230842590332,30.520000457763672
34.34901809692383,30.34000015258789
38.8156623840332,29.59000015258789
35.68260955810547,28.270000457763672
33.339046478271484,32.79999923706055
31.85913848876953,26.510000228881836
32.09257125854492,21.760000228881836
31.690547943115234,19.06999969482422
29.304330825805664,19.229999542236328
25.64719581604004,19.829999923706055
23.83159637451172,22.920000076293945
20.822887420654297,25.479999542236328
20.563518524169922,32.150001525878906
20.096649169921875,38.029998779296875
22.586612701416016,41.130001068115234
24.609710693359375,41.08000183105469
29.693387985229492,42.72999954223633
28.70777702331543,41.459999084472656
30.289941787719727,42.56999969482422
37.3967170715332,40.97999954223633
36.0479850769043,39.13999938964844
33.6208381652832,42.59000015258789
40.04230499267578,42.95000076293945
33.734718322753906,40.84000015258789
40.58698272705078,42.38999938964844
39.21231460571289,42.34000015258789
38.09701919555664,46.029998779296875
37.16328048706055,49.02000045776367
36.07392120361328,46.13999938964844
37.3967170715332,39.90999984741211
38.200767517089844,40.970001220703125
35.87939453125,41.97999954223633
38.01920700073242,41.72999954223633
37.578277587890625,42.310001373291016
38.25263977050781,42.040000915527344
39.004817962646484,42.150001525878906
41.62446975708008,41.97999954223633
43.491943359375,42.029998779296875
47.17501449584961,41.97999954223633
49.146236419677734,36.939998626708984
45.82628631591797,42.38999938964844
50.39122009277344,40.83000183105469
53.50367736816406,39.86000061035156
45.30754089355469,36.90999984741211
39.03075408935547,34.70000076293945
39.6273078918457,33.34000015258789
38.30451583862305,29.06999969482422
37.47452926635742,32.66999816894531
35.373619079589844,32.720001220703125
30.056507110595703,34.619998931884766
34.56308364868164,34.59000015258789
32.903106689453125,28.0
33.747684478759766,30.329999923706055
33.26207733154297,23.690000534057617
34.3411865234375,20.899999618530273
36.416259765625,17.979999542236328
31.14820098876953,18.959999084472656
28.5465087890625,18.260000228881836
24.111804962158203,19.149999618530273
20.918819427490234,24.1299991607666
21.27359390258789,30.559999465942383
20.564043045043945,38.689998626708984
22.51531219482422,37.880001068115234
26.831756591796875,43.61000061035156
31.177764892578125,38.4900016784668
32.18296432495117,37.25
34.62205123901367,35.52000045776367
43.033206939697266,35.4900016784668
39.30805587768555,35.97999954223633
41.2001953125,38.29999923706055
44.15666580200195,35.97999954223633
39.69239807128906,34.36000061035156
45.75315856933594,35.97999954223633
44.92534637451172,39.970001220703125
39.54457473754883,39.970001220703125
40.239341735839844,35.97999954223633
41.25932312011719,36.11000061035156
40.07673645019531,35.97999954223633
40.62368392944336,36.97999954223633
42.23495864868164,35.97999954223633
40.90454864501953,39.47999954223633
43.565372467041016,39.86000061035156
41.6436653137207,39.7400016784668
42.796688079833984,40.65999984741211
47.58616638183594,38.060001373291016
49.30091857910156,38.2599983215332
50.95654296875,37.779998779296875
55.332115173339844,37.84000015258789
51.19306182861328,40.06999969482422
57.69729232788086,38.970001220703125
58.64336395263672,36.06999969482422
51.25218963623047,33.68000030517578
44.62969970703125,31.260000228881836
45.930545806884766,30.59000015258789
43.151466369628906,30.139999389648438
40.57933807373047,33.959999084472656
38.044166564941406,29.56999969482422
33.06990432739258,34.29999923706055
39.27849197387695,31.5
33.158599853515625,35.290000915527344
34.3559684753418,32.290000915527344
31.564916610717773,25.209999084472656
33.94662094116211,25.1200008392334
32.30231475830078,24.979999542236328
29.215240478515625,23.719999313354492
28.340362548828125,24.959999084472656
24.190937042236328,25.459999084472656
22.841121673583984,31.989999771118164
19.99151611328125,35.959999084472656
19.791542053222656,40.939998626708984
24.290922164916992,36.84000015258789
25.590742111206055,40.81999969482422
28.765304565429688,47.61000061035156
31.039989471435547,42.290000915527344
33.14595031738281,41.97999954223633
37.639076232910156,41.97999954223633
35.901817321777344,41.970001220703125
35.72684097290039,42.72999954223633
40.438690185546875,41.97999954223633
37.039161682128906,41.97999954223633
40.688655853271484,42.119998931884766
38.189002990722656,42.02000045776367
38.9888916015625,43.119998931884766
38.31398391723633,41.88999938964844
38.26399230957031,41.970001220703125
38.81391525268555,41.970001220703125
38.0140266418457,41.97999954223633
36.06429672241211,41.970001220703125
35.53936767578125,41.95000076293945
38.96389389038086,43.59000015258789
35.12067413330078,42.060001373291016
36.801692962646484,41.11000061035156
44.18817138671875,36.20000076293945
43.638248443603516,34.9900016784668
45.587982177734375,34.790000915527344
45.73796081542969,34.52000045776367
44.08818817138672,37.79999923706055
50.08735656738281,35.4900016784668
52.08708190917969,34.220001220703125
47.087772369384766,34.189998626708984
39.788780212402344,33.63999938964844
39.88876724243164,33.939998626708984
38.788917541503906,32.09000015258789
36.56422805786133,36.09000015258789
34.61449432373047,35.290000915527344
32.746002197265625,35.970001220703125
35.901817321777344,34.779998779296875
32.558528900146484,35.470001220703125
33.19594192504883,36.02000045776367
34.733253479003906,31.920000076293945
37.69606399536133,25.459999084472656
34.83620834350586,25.200000762939453
32.82286834716797,25.40999984741211
29.11649513244629,25.329999923706055
26.645580291748047,25.399999618530273
25.730426788330078,25.559999465942383
26.37103271484375,25.479999542236328
25.867698669433594,25.610000610351562
27.469219207763672,25.479999542236328
29.619831085205078,27.84000015258789
30.901046752929688,34.63999938964844
32.731353759765625,34.95000076293945
31.701805114746094,36.33000183105469
36.15174102783203,39.95000076293945
38.95439910888672,36.380001068115234
39.40053939819336,39.52000045776367
41.88289260864258,40.459999084472656
34.321434020996094,42.52000045776367
39.240386962890625,41.970001220703125
41.67698287963867,42.31999969482422
40.71607208251953,41.43000030517578
40.075462341308594,39.130001068115234
40.578800201416016,37.0099983215332
40.075462341308594,35.93000030517578
40.738948822021484,33.9900016784668
38.06784439086914,34.2400016784668
40.30425262451172,35.099998474121094
38.90864181518555,34.529998779296875
38.71417236328125,35.18000030517578
41.539710998535156,35.52000045776367
39.13743209838867,35.95000076293945
43.713199615478516,35.0
44.21653747558594,35.900001525878906
44.262290954589844,35.970001220703125
45.86381149291992,37.06999969482422
48.79230499267578,35.79999923706055
50.43958282470703,34.97999954223633
44.30805206298828,32.380001068115234
40.89910125732422,30.260000228881836
42.54637908935547,29.200000762939453
42.66077423095703,26.440000534057617
39.6865234375,32.470001220703125
37.37432861328125,30.110000610351562
33.44059753417969,27.209999084472656
36.968231201171875,29.860000610351562
35.6426887512207,30.899999618530273
35.6026496887207,27.260000228881836
29.540922164916992,24.280000686645508
29.685543060302734,20.940000534057617
28.466602325439453,18.959999084472656
26.441919326782227,18.959999084472656
26.152679443359375,18.959999084472656
24.210636138916016,18.959999084472656
24.417236328125,18.959999084472656
25.202316284179688,18.959999084472656
20.905033111572266,18.959999084472656
23.67347526550293,19.0
25.408918380737305,19.6200008392334
29.520263671875,25.489999771118164
29.354982376098633,25.420000076293945
32.24222183227539,25.59000015258789
36.317413330078125,25.790000915527344
35.51166915893555,25.90999984741211
35.738929748535156,25.90999984741211
36.66863250732422,26.15999984741211
41.2344970703125,29.459999084472656
36.379390716552734,29.200000762939453
35.37738037109375,29.18000030517578
36.193450927734375,32.459999084472656
36.090152740478516,33.720001220703125
34.53031921386719,34.540000915527344
36.35873031616211,35.08000183105469
36.524009704589844,35.75
35.583980560302734,35.79999923706055
36.40005111694336,35.16999816894531
36.1314697265625,35.79999923706055
35.32572937011719,35.959999084472656
36.007511138916016,36.119998931884766
40.28413772583008,37.34000015258789
40.24281692504883,39.66999816894531
39.994895935058594,41.0
41.399776458740234,42.09000015258789
40.61469650268555,40.33000183105469
46.440826416015625,38.209999084472656
45.28386306762695,36.91999816894531
44.12689971923828,35.79999923706055
38.280113220214844,34.939998626708984
37.763614654541016,33.349998474121094
36.606651306152344,27.440000534057617
34.57164001464844,26.719999313354492
33.39401626586914,26.040000915527344
31.410655975341797,25.799999237060547
34.49932861328125,25.850000381469727
30.160724639892578,25.84000015258789
33.002445220947266,24.510000228881836
24.927011489868164,20.030000686645508
26.588966369628906,18.959999084472656
23.74578857421875,18.8700008392334
21.96021842956543,18.959999084472656
18.279197692871094,18.959999084472656
17.125442504882812,18.959999084472656
16.740859985351562,25.459999084472656
18.55389976501465,26.010000228881836
16.081571578979492,32.02000045776367
18.389076232910156,37.29999923706055
19.04836654663086,36.22999954223633
24.350135803222656,37.349998474121094
22.372272491455078,36.66999816894531
23.251323699951172,36.970001220703125
31.38253402709961,37.40999984741211
32.357730865478516,37.43000030517578
31.58856201171875,36.310001373291016
34.816322326660156,35.970001220703125
32.948341369628906,36.15999984741211
31.231449127197266,36.27000045776367
33.25051498413086,35.959999084472656
34.04715347290039,37.41999816894531
33.964744567871094,41.189998626708984
29.10915184020996,40.45000076293945
33.854862213134766,42.099998474121094
33.38786697387695,40.959999084472656
30.297456741333008,42.0
33.74497985839844,41.970001220703125
32.357730865478516,42.15999984741211
30.263118743896484,42.43000030517578
32.97581481933594,42.9900016784668
33.854862213134766,42.0099983215332
36.684303283691406,41.97999954223633
36.90406799316406,41.97999954223633
37.28865051269531,41.97999954223633
38.71710968017578,50.61000061035156
46.24397277832031,43.27000045776367
43.27717971801758,40.060001373291016
39.15663146972656,37.970001220703125
33.99221420288086,36.58000183105469
36.052486419677734,35.56999969482422
33.71751022338867,35.060001373291016
29.830461502075195,33.25
28.733366012573242,29.09000015258789
27.097166061401367,25.959999084472656
29.552326202392578,28.389999389648438
29.542024612426758,25.829999923706055
29.775522232055664,24.989999771118164
34.5302619934082,19.40999984741211
33.34165573120117,18.40999984741211
31.948787689208984,18.790000915527344
28.244850158691406,13.369999885559082
23.389266967773438,18.959999084472656
24.447534561157227,17.1200008392334
18.907188415527344,18.959999084472656
19.405197143554688,18.959999084472656
20.650218963623047,24.25
21.895240783691406,26.420000076293945
26.68857192993164,31.100000381469727
31.155086517333984,38.59000015258789
25.56805419921875,37.20000076293945
32.43123245239258,39.72999954223633
40.290428161621094,41.97999954223633
37.753700256347656,42.04999923706055
36.679866790771484,43.20000076293945
41.75333023071289,41.97999954223633
41.908958435058594,41.86000061035156
43.309608459472656,41.95000076293945
41.84670639038086,39.970001220703125
40.07255172729492,39.72999954223633
41.50432586669922,38.68000030517578
39.29441452026367,40.33000183105469
41.37982177734375,37.93000030517578
41.722206115722656,30.600000381469727
40.228179931640625,28.8700008392334
39.0142822265625,34.29999923706055
41.84670639038086,34.150001525878906
39.20103454589844,35.95000076293945
40.134803771972656,38.25
48.97445297241211,39.849998474121094
48.97445297241211,38.630001068115234
51.277740478515625,37.650001525878906
50.21947479248047,39.43000030517578
50.21947479248047,46.439998626708984
56.880340576171875,38.459999084472656
56.25782775878906,36.41999816894531
48.35194396972656,34.75
43.86986541748047,33.959999084472656
43.8076171875,35.7400016784668
44.24337387084961,28.479999542236328
40.88181686401367,28.75
37.62919616699219,25.649999618530273
32.87477111816406,25.850000381469727
39.48116683959961,27.5
36.244110107421875,29.579999923706055
35.22475051879883,25.059999465942383
28.429441452026367,19.030000686645508
31.097660064697266,17.56999969482422
28.313791275024414,12.869999885559082
27.553804397583008,11.949999809265137
19.656539916992188,16.31999969482422
20.713912963867188,19.139999389648438
15.162698745727539,20.81999969482422
16.484416961669922,23.239999771118164
16.15398597717285,29.389999389648438
18.334819793701172,40.52000045776367
22.498233795166016,42.54999923706055
25.439054489135742,38.279998779296875
25.73644256591797,36.11000061035156
26.959030151367188,36.029998779296875
35.864105224609375,36.5
33.774139404296875,38.20000076293945
34.05500411987305,43.41999816894531
40.143165588378906,46.36000061035156
34.42673873901367,47.9900016784668
39.18492126464844,38.38999938964844
38.457977294921875,40.810001373291016
37.43364715576172,41.279998779296875
36.24409866333008,39.2599983215332
35.0545539855957,37.09000015258789
36.72322082519531,38.33000183105469
38.12754821777344,41.66999816894531
37.2684326171875,39.130001068115234
38.193634033203125,38.619998931884766
35.00498962402344,42.56999969482422
39.48230743408203,38.4900016784668
39.680564880371094,36.7400016784668
39.48230743408203,37.06999969482422
42.52225875854492,37.040000915527344
44.76918029785156,35.790000915527344
48.73433303833008,35.20000076293945
48.271732330322266,39.77000045776367
54.02120590209961,35.88999938964844
53.889034271240234,35.959999084472656
44.703094482421875,34.18000030517578
41.398799896240234,27.790000915527344
42.85268783569336,30.149999618530273
42.456172943115234,28.110000610351562
35.764976501464844,31.0
35.55019760131836,28.469999313354492
29.866809844970703,28.809999465942383
34.178916931152344,27.260000228881836
28.991172790527344,31.239999771118164
31.180267333984375,29.739999771118164
30.029022216796875,21.440000534057617
32.856746673583984,17.030000686645508
30.229955673217773,16.709999084472656
26.94803810119629,18.15999984741211
23.264251708984375,18.959999084472656
17.772064208984375,19.18000030517578
15.695747375488281,19.399999618530273
18.910688400268555,27.6200008392334
13.552453994750977,33.04999923706055
19.24557876586914,39.97999954223633
22.527496337890625,46.130001068115234
26.27825927734375,48.11000061035156
25.608478546142578,45.810001373291016
31.435558319091797,44.060001373291016
39.40592956542969,46.33000183105469
34.7677116394043,45.7599983215332
37.044960021972656,43.15999984741211
39.90826416015625,40.470001220703125
38.70266342163086,39.70000076293945
40.74549102783203,40.86000061035156
40.67851257324219,42.15999984741211
39.30546569824219,41.959999084472656
37.64775848388672,42.0
36.76030349731445,43.099998474121094
38.367774963378906,44.369998931884766
38.334285736083984,37.5099983215332
36.00680160522461,36.810001373291016
35.57144546508789,38.58000183105469
39.87477493286133,35.810001373291016
38.30079650878906,35.97999954223633
37.044960021972656,36.40999984741211
43.75949478149414,37.66999816894531
48.18003845214844,36.04999923706055
47.376304626464844,36.66999816894531
50.79217529296875,36.290000915527344
46.505592346191406,46.70000076293945
55.88249969482422,41.5099983215332
56.8201904296875,40.83000183105469
48.71586227416992,35.75
44.094383239746094,34.22999954223633
40.31013488769531,32.900001525878906
40.97991180419922,28.479999542236328
36.1407585144043,28.780000686645508
31.452302932739258,29.790000915527344
29.677387237548828,32.31999969482422
35.58818817138672,30.65999984741211
30.029022216796875,29.899999618530273
33.7211799621582,28.850000381469727
30.8909912109375,25.68000030517578
33.75129318237305,20.700000762939453
32.39730453491211,18.809999465942383
31.09408950805664,18.959999084472656
24.730335235595703,18.959999084472656
23.105546951293945,18.959999084472656
16.606393814086914,20.299999237060547
18.705078125,24.93000030517578
19.65287208557129,30.239999771118164
20.32986831665039,35.15999984741211
24.79803466796875,37.66999816894531
28.69075584411621,37.66999816894531
29.333900451660156,35.810001373291016
28.521507263183594,36.040000915527344
41.55366134643555,36.66999816894531
38.37178421020508,37.15999984741211
37.297054290771484,37.470001220703125
44.701690673828125,37.4900016784668
36.416961669921875,37.33000183105469
42.90765380859375,37.560001373291016
42.29835510253906,37.31999969482422
39.691925048828125,37.5099983215332
39.0826301574707,38.150001525878906
38.25331115722656,37.150001525878906
39.895023345947266,37.56999969482422
40.19967269897461,35.20000076293945
39.50575256347656,34.459999084472656
39.184181213378906,33.95000076293945
39.16725540161133,34.93000030517578
43.076900482177734,35.630001068115234
40.2335205078125,36.709999084472656
43.41539764404297,34.52000045776367
45.85258102416992,33.66999816894531
47.95126724243164,34.959999084472656
53.57032775878906,34.959999084472656
49.64375305175781,45.650001525878906
61.01727294921875,37.470001220703125
60.475677490234375,36.63999938964844
48.56056213378906,34.970001220703125
45.85258102416992,32.90999984741211
45.44638442993164,32.20000076293945
44.295494079589844,29.110000610351562
40.30122375488281,35.150001525878906
38.93030548095703,33.5
30.31554412841797,32.060001373291016
36.353492736816406,29.93000030517578
32.54962921142578,35.06999969482422
32.5327033996582,34.060001373291016
32.621124267578125,25.850000381469727
31.941877365112305,23.350000381469727
31.60225486755371,20.3799991607666
28.742265701293945,18.3700008392334
26.430442810058594,18.959999084472656
24.428449630737305,18.959999084472656
23.52278709411621,19.34000015258789
20.138465881347656,18.959999084472656
19.75713539123535,21.520000457763672
22.188125610351562,25.31999969482422
25.191112518310547,29.84000015258789
29.64792823791504,34.04999923706055
27.717437744140625,34.0099983215332
32.275543212890625,34.310001373291016
36.24973678588867,35.97999954223633
33.35399627685547,36.029998779296875
33.42847442626953,36.20000076293945
38.41856002807617,34.7599983215332
34.15837097167969,30.799999237060547
38.20405960083008,35.95000076293945
37.274566650390625,34.599998474121094
40.01538848876953,35.59000015258789
36.297401428222656,31.5
36.094818115234375,33.439998626708984
38.75222396850586,31.860000610351562
36.4642333984375,31.31999969482422
35.951820373535156,33.959999084472656
36.98856735229492,34.369998931884766
39.06205749511719,35.29999923706055
37.32223129272461,35.970001220703125
38.108726501464844,34.619998931884766
42.63704299926758,35.959999084472656
44.543701171875,34.34000015258789
48.16635513305664,35.369998931884766
50.64501190185547,34.97999954223633
44.25770568847656,37.2599983215332
48.071022033691406,36.650001525878906
50.931007385253906,35.86000061035156
45.78303146362305,35.95000076293945
37.775062561035156,35.119998931884766
39.53872299194336,33.20000076293945
38.87139129638672,30.84000015258789
36.9647331237793,35.02000045776367
33.625099182128906,32.90999984741211
29.886260986328125,30.540000915527344
35.332157135009766,30.959999084472656
32.659854888916016,31.84000015258789
34.420536041259766,27.56999969482422
30.551734924316406,24.420000076293945
29.890159606933594,18.959999084472656
30.273761749267578,18.3700008392334
27.555185317993164,18.959999084472656
24.530838012695312,18.959999084472656
23.19656753540039,18.68000030517578
19.505084991455078,18.959999084472656
19.505084991455078,18.959999084472656
20.483551025390625,18.959999084472656
21.150684356689453,19.100000381469727
24.04160499572754,18.969999313354492
27.288331985473633,22.170000076293945
26.265390396118164,24.5
29.589948654174805,25.469999313354492
34.31549072265625,26.15999984741211
34.27101516723633,28.34000015258789
32.48086929321289,28.43000030517578
36.227943420410156,28.899999618530273
32.7032470703125,27.770000457763672
37.829071044921875,26.309999465942383
35.22724151611328,26.780000686645508
33.537166595458984,27.440000534057617
35.78318786621094,26.799999237060547
34.20429992675781,30.389999389648438
35.049339294433594,26.649999618530273
36.13899230957031,29.1200008392334
35.11605453491211,29.68000030517578
33.537166595458984,30.6200008392334
36.47256088256836,29.989999771118164
35.471858978271484,32.63999938964844
36.094520568847656,34.45000076293945
40.36418533325195,36.04999923706055
41.920833587646484,36.20000076293945
43.255104064941406,35.91999816894531
45.92364501953125,35.90999984741211
41.920833587646484,40.41999816894531
45.92364501953125,38.18000030517578
46.99106216430664,36.77000045776367
41.78740692138672,37.470001220703125
36.339134216308594,34.93000030517578
37.2064094543457,32.90999984741211
35.71647644042969,28.190000534057617
32.608734130859375,29.18000030517578
32.50310516357422,27.25
29.934635162353516,26.420000076293945
31.897125244140625,26.729999542236328
29.87348175048828,26.06999969482422
31.427350997924805,23.65999984741211
26.057323455810547,18.399999618530273
26.863767623901367,18.829999923706055
23.305931091308594,14.020000457763672
22.167423248291016,11.329999923706055
19.368593215942383,13.699999809265137
19.748096466064453,15.550000190734863
18.894214630126953,18.959999084472656
19.463468551635742,19.15999984741211
18.514713287353516,25.219999313354492
18.609588623046875,31.0
18.751901626586914,30.540000915527344
24.989973068237305,35.5099983215332
21.930234909057617,30.860000610351562
24.159812927246094,31.309999465942383
32.01076889038086,33.790000915527344
32.62746047973633,34.65999984741211
29.111133575439453,34.59000015258789
33.6948127746582,35.52000045776367
39.245033264160156,36.099998474121094
31.536392211914062,35.720001220703125
29.48470687866211,35.810001373291016
35.82951354980469,35.959999084472656
29.864208221435547,36.40999984741211
27.10688591003418,38.029998779296875
32.793495178222656,40.40999984741211
31.156888961791992,44.90999984741211
27.75507926940918,45.86000061035156
32.08192443847656,48.20000076293945
31.512672424316406,47.95000076293945
28.402530670166016,48.75
29.674457550048828,49.45000076293945
35.73463821411133,51.439998626708984
35.26026153564453,45.54999923706055
34.92819595336914,43.65999984741211
35.26026153564453,39.93000030517578
37.72702407836914,47.33000183105469
45.127323150634766,45.970001220703125
41.237422943115234,43.97999954223633
39.15016174316406,37.810001373291016
34.78588104248047,36.5099983215332
33.78968811035156,34.95000076293945
31.560110092163086,32.189998626708984
31.29920196533203,32.709999084472656
29.449127197265625,33.36000061035156
28.518159866333008,31.31999969482422
29.793052673339844,30.610000610351562
30.255569458007812,28.93000030517578
30.04210090637207,27.610000610351562
34.51800537109375,25.459999084472656
33.193275451660156,25.020000457763672
35.07080841064453,20.200000762939453
29.57267951965332,18.959999084472656
21.584457397460938,18.959999084472656
21.265724182128906,21.440000534057617
17.919038772583008,29.93000030517578
20.468894958496094,30.90999984741211
16.96284294128418,35.75
18.556503295898438,43.349998474121094
26.166231155395508,34.400001525878906
29.85157012939453,37.0099983215332
22.939067840576172,34.36000061035156
26.44512176513672,34.91999816894531
39.71234130859375,35.95000076293945
40.788063049316406,36.29999923706055
34.50057601928711,36.45000076293945
43.337921142578125,36.18000030517578
37.3616943359375,36.470001220703125
42.979347229003906,36.97999954223633
41.70441818237305,41.13999938964844
38.45733642578125,37.900001525878906
38.37765121459961,43.25
35.37957763671875,48.13999938964844
37.9991569519043,39.41999816894531
42.02315139770508,36.66999816894531
40.07091522216797,37.599998474121094
37.799949645996094,40.47999954223633
38.357730865478516,43.970001220703125
38.39757537841797,46.47999954223633
39.871707916259766,45.15999984741211
40.907588958740234,36.790000915527344
49.23446273803711,36.040000915527344
48.27826690673828,36.09000015258789
46.684608459472656,36.11000061035156
49.4735107421875,43.70000076293945
61.42596435546875,40.97999954223633
54.4935417175293,38.0099983215332
45.96746063232422,35.66999816894531
44.174591064453125,33.83000183105469
45.01126480102539,34.11000061035156
46.445556640625,31.510000228881836
42.89966583251953,33.689998626708984
34.79191589355469,33.959999084472656
36.714271545410156,31.860000610351562
38.01907730102539,32.459999084472656
36.29593276977539,36.560001373291016
36.22621154785156,31.309999465942383
34.32987976074219,27.079999923706055
34.95406723022461,25.25
34.90913772583008,19.579999923706055
32.359439849853516,18.959999084472656
28.059133529663086,19.030000686645508
27.648357391357422,22.1200008392334
25.38909149169922,28.239999771118164
24.978315353393555,30.68000030517578
24.67023468017578,33.7599983215332
25.081008911132812,42.779998779296875
27.49431610107422,49.45000076293945
33.283687591552734,46.81999969482422
30.57513427734375,41.43000030517578
32.462135314941406,36.59000015258789
41.280975341796875,43.060001373291016
37.904911041259766,39.369998931884766
35.59109115600586,41.810001373291016
40.84452438354492,41.81999969482422
43.87399673461914,43.63999938964844
44.38746643066406,44.709999084472656
40.71615982055664,39.58000183105469
38.713626861572266,41.66999816894531
36.71109390258789,39.029998779296875
34.88025665283203,42.349998474121094
39.63787078857422,38.2400016784668
37.60966873168945,36.849998474121094
36.954994201660156,37.68000030517578
37.917747497558594,42.439998626708984
37.673851013183594,42.119998931884766
38.084625244140625,40.939998626708984
36.98066711425781,38.58000183105469
41.76877212524414,38.97999954223633
44.798240661621094,37.650001525878906
45.46575164794922,41.310001373291016
47.0575065612793,41.45000076293945
46.69807815551758,42.20000076293945
53.21914291381836,41.540000915527344
54.14338684082031,40.47999954223633
47.26289367675781,38.5
43.97669219970703,35.0
41.07558822631836,35.31999969482422
41.5377082824707,34.25
41.3836669921875,37.599998474121094
37.22456359863281,37.5099983215332
32.474971771240234,35.68000030517578
37.86640167236328,35.25
34.59303283691406,35.790000915527344
37.93058776855469,36.150001525878906
37.975006103515625,31.25
36.6002082824707,27.479999542236328
35.42808151245117,23.299999237060547
32.76630783081055,21.790000915527344
28.550704956054688,20.829999923706055
25.902442932128906,25.809999465942383
24.605335235595703,32.22999954223633
24.335102081298828,37.540000915527344
22.929903030395508,43.18000030517578
24.821517944335938,45.2599983215332
29.57758331298828,41.9900016784668
34.10395050048828,63.900001525878906
33.82020568847656,42.63999938964844
37.12969207763672,43.310001373291016
43.03507995605469,41.650001525878906
37.65410614013672,38.5099983215332
37.55276870727539,43.58000183105469
41.873085021972656,46.189998626708984
39.61665725708008,46.7599983215332
43.65660858154297,45.880001068115234
41.46773910522461,47.119998931884766
44.71051025390625,47.720001220703125
42.17034149169922,48.470001220703125
40.062538146972656,48.65999984741211
44.11600112915039,48.470001220703125
41.413692474365234,46.959999084472656
39.10321807861328,40.15999984741211
40.33277130126953,41.869998931884766
43.41340255737305,41.599998474121094
42.116294860839844,47.68000030517578
40.57597732543945,41.560001373291016
46.76426696777344,41.290000915527344
49.68275833129883,35.790000915527344
52.33102035522461,35.15999984741211
53.73622131347656,37.22999954223633
47.57495880126953,43.84000015258789
54.38477325439453,42.310001373291016
56.54662322998047,42.619998931884766
49.68275833129883,35.880001068115234
42.683780670166016,34.130001068115234
42.089271545410156,33.290000915527344
41.737972259521484,31.0
41.22453308105469,34.2599983215332
37.63383865356445,32.869998931884766
33.11760711669922,33.619998931884766
38.23847961425781,33.720001220703125
36.30970764160156,36.77000045776367
38.697872161865234,36.06999969482422
34.644554138183594,28.530000686645508
39.66156768798828,26.600000381469727
36.37320327758789,21.06999969482422
31.87871551513672,25.170000076293945
28.924297332763672,19.1299991607666
26.032737731933594,20.100000381469727
24.461238861083984,29.969999313354492
25.0269775390625,34.0099983215332
24.084077835083008,37.869998931884766
24.524097442626953,40.400001525878906
26.59847640991211,46.349998474121094
31.973005294799805,49.880001068115234
32.035865783691406,42.900001525878906
33.48164367675781,38.439998626708984
42.92635726928711,40.04999923706055
43.11493682861328,41.04999923706055
43.94783020019531,41.5
44.953590393066406,43.70000076293945
47.97087097167969,41.220001220703125
43.6335334777832,39.209999084472656
45.61362075805664,42.400001525878906
43.03636169433594,41.279998779296875
41.46486282348633,40.150001525878906
40.19194793701172,44.77000045776367
41.103416442871094,42.310001373291016
42.894927978515625,40.650001525878906
41.01698684692383,35.130001068115234
41.06412887573242,36.29999923706055
40.545536041259766,39.220001220703125
44.26213073730469,37.75
43.5078125,38.93000030517578
44.19927215576172,40.310001373291016
47.845149993896484,38.0099983215332
48.85091018676758,36.9900016784668
52.30821228027344,36.220001220703125
52.62250900268555,41.720001220703125
59.474246978759766,37.369998931884766
61.9886474609375,37.47999954223633
55.32548904418945,36.45000076293945
50.10810852050781,35.349998474121094
49.290931701660156,35.27000045776367
45.739341735839844,33.7599983215332
42.942073822021484,35.29999923706055
39.9483642578125,35.400001525878906
34.581695556640625,34.689998626708984
43.3820915222168,33.060001373291016
37.0489501953125,35.47999954223633
38.53794479370117,34.27000045776367
35.98734664916992,30.889999389648438
36.48014831542969,29.770000457763672
34.810787200927734,26.84000015258789
33.57878875732422,19.920000076293945
30.91767120361328,19.229999542236328
28.256553649902344,19.1299991607666
24.70839500427246,22.709999084472656
24.905513763427734,29.979999542236328
25.004074096679688,33.060001373291016
27.763751983642578,32.33000183105469
27.665191650390625,41.369998931884766
33.06135177612305,48.95000076293945
33.62807083129883,43.66999816894531
32.81494903564453,49.25
39.67718505859375,52.77000045776367
40.52726745605469,49.45000076293945
36.11054992675781,44.90999984741211
43.188385009765625,40.9900016784668
38.30966567993164,43.56999969482422
41.709983825683594,47.54999923706055
41.19254684448242,46.4900016784668
41.68534469604492,37.5099983215332
40.749027252197266,37.5
38.987266540527344,37.5099983215332
40.625823974609375,37.5
39.52934646606445,39.150001525878906
39.4307861328125,38.25
40.08374786376953,37.290000915527344
38.42054748535156,37.38999938964844
41.26646423339844,37.66999816894531
38.21726608276367,39.029998779296875
42.646305084228516,46.61000061035156
43.681182861328125,41.7599983215332
47.13078308105469,40.72999954223633
47.6728630065918,41.22999954223633
45.405982971191406,44.060001373291016
53.389339447021484,41.209999084472656
54.670616149902344,43.29999923706055
47.278621673583984,41.689998626708984
41.291107177734375,36.349998474121094
42.12886428833008,36.90999984741211
41.217185974121094,35.720001220703125
40.15766525268555,35.619998931884766
38.272708892822266,35.4900016784668
32.913509368896484,35.34000015258789
36.74358367919922,33.029998779296875
35.94422912597656,29.329999923706055
35.35902786254883,30.06999969482422
34.78362274169922,27.579999923706055
34.90509796142578,19.979999542236328
36.44633865356445,18.889999389648438
33.128501892089844,19.040000915527344
29.05902671813965,18.959999084472656
27.479827880859375,18.979999542236328
23.3496150970459,19.1200008392334
23.471092224121094,18.959999084472656
22.802968978881836,19.09000015258789
25.232505798339844,22.799999237060547
27.783519744873047,25.540000915527344
32.490745544433594,27.729999542236328
30.09157943725586,30.790000915527344
32.915916442871094,31.06999969482422
41.90520095825195,31.559999465942383
39.7945442199707,33.97999954223633
38.88346481323242,35.45000076293945
44.48658752441406,34.849998474121094
42.785911560058594,33.970001220703125
42.846649169921875,33.68000030517578
39.134010314941406,32.91999816894531
43.27181625366211,34.459999084472656
41.191524505615234,33.970001220703125
37.215057373046875,30.799999237060547
39.93120574951172,32.029998779296875
40.128604888916016,31.850000381469727
40.690433502197266,32.459999084472656
41.540771484375,32.900001525878906
39.68825149536133,34.72999954223633
43.75772476196289,34.84000015258789
38.3633918762207,35.849998474121094
46.24800109863281,38.5
46.24800109863281,40.060001373291016
48.67753601074219,40.400001525878906
51.835933685302734,41.4900016784668
49.34565734863281,48.33000183105469
60.09635925292969,46.36000061035156
59.00306701660156,44.599998474121094
50.62116622924805,40.400001525878906
44.334739685058594,36.45000076293945
45.45840072631836,35.810001373291016
44.97249221801758,34.65999984741211
41.81409454345703,35.09000015258789
42.08741760253906,33.7400016784668
35.20878982543945,33.779998779296875
38.05210876464844,32.77000045776367
34.93547058105469,30.799999237060547
37.93252944946289,30.3799991607666
33.67939376831055,27.690000534057617
31.71405792236328,23.200000762939453
31.487703323364258,19.760000228881836
27.930696487426758,20.770000457763672
23.532943725585938,20.649999618530273
23.992839813232422,26.65999984741211
22.153255462646484,30.190000534057617
20.77356719970703,32.349998474121094
19.221420288085938,39.630001068115234
20.141212463378906,43.5
24.2802734375,46.79999923706055
30.29484748840332,45.59000015258789
24.682682037353516,40.20000076293945
29.957111358642578,39.7400016784668
38.939453125,38.25
38.82447814941406,37.529998779296875
33.88059616088867,37.900001525878906
40.14667510986328,36.79999923706055
44.57317352294922,39.58000183105469
39.39934539794922,41.38999938964844
37.07112503051758,40.81999969482422
36.69746017456055,43.34000015258789
33.952457427978516,42.79999923706055
31.758968353271484,42.41999816894531
38.709503173828125,44.060001373291016
37.416046142578125,43.790000915527344
35.5477180480957,42.880001068115234
34.814762115478516,40.45000076293945
36.72620391845703,44.099998474121094
33.50693130493164,45.18000030517578
34.08180236816406,46.47999954223633
42.158721923828125,42.099998474121094
43.71086883544922,39.2400016784668
43.76835632324219,37.5099983215332
45.26301574707031,37.18000030517578
45.607940673828125,43.790000915527344
55.495697021484375,41.619998931884766
51.47161102294922,38.790000915527344
47.4475212097168,37.380001068115234
42.33118438720703,36.61000061035156
41.06646728515625,36.27000045776367
39.140655517578125,34.880001068115234
40.08919143676758,39.310001373291016
34.13928985595703,39.189998626708984
33.38477325439453,35.900001525878906
38.68075942993164,36.040000915527344
34.03868865966797,36.41999816894531
34.46984100341797,31.969999313354492
36.867000579833984,25.5
39.36186599731445,25.84000015258789
34.9714241027832,22.90999984741211
32.13131332397461,18.959999084472656
29.239091873168945,18.969999313354492
26.52926254272461,19.290000915527344
25.53913116455078,28.829999923706055
24.54900360107422,33.58000183105469
23.506759643554688,32.040000915527344
27.467281341552734,29.06999969482422
29.81232452392578,32.4900016784668
33.12144470214844,34.599998474121094
33.173553466796875,33.81999969482422
36.378448486328125,33.880001068115234
42.215003967285156,34.77000045776367
38.71046447753906,35.130001068115234
38.834232330322266,34.47999954223633
42.73612594604492,35.369998931884766
45.602291107177734,35.90999984741211
43.59597396850586,36.59000015258789
42.34528350830078,37.63999938964844
43.77836608886719,38.220001220703125
41.38121032714844,38.869998931884766
40.10446548461914,41.709999084472656
43.49175262451172,46.33000183105469
40.31291198730469,42.65999984741211
39.596370697021484,41.060001373291016
40.19565963745117,42.15999984741211
42.44950866699219,38.09000015258789
40.886146545410156,44.470001220703125
39.843902587890625,41.84000015258789
46.95720672607422,44.810001373291016
49.09380340576172,45.959999084472656
48.52056884765625,44.77000045776367
51.543067932128906,40.33000183105469
48.7811279296875,48.36000061035156
56.44160461425781,48.38999938964844
56.85850524902344,47.02000045776367
47.999446868896484,45.18000030517578
45.602291107177734,39.119998931884766
43.49175262451172,37.04999923706055
44.66427230834961,35.709999084472656
42.631900787353516,42.33000183105469
39.21855926513672,37.599998474121094
35.622825622558594,37.790000915527344
40.078407287597656,36.529998779296875
36.63249588012695,35.540000915527344
38.11769104003906,35.18000030517578
36.024776458740234,25.670000076293945
36.446441650390625,29.959999084472656
36.479637145996094,19.06999969482422
32.866790771484375,18.959999084472656
28.560447692871094,18.959999084472656
27.526926040649414,18.969999313354492
26.034061431884766,23.139999389648438
25.80438804626465,34.33000183105469
24.368940353393555,39.599998474121094
26.09147834777832,35.20000076293945
29.6226806640625,32.619998931884766
32.72324752807617,36.2599983215332
30.426530838012695,35.16999816894531
31.431344985961914,35.97999954223633
38.479393005371094,37.310001373291016
39.28324508666992,38.36000061035156
38.95309066772461,40.40999984741211
42.34074783325195,41.16999816894531
35.935062408447266,43.209999084472656
42.74267578125,45.75
40.819175720214844,47.040000915527344
39.268890380859375,44.810001373291016
40.00096893310547,51.290000915527344
38.93873596191406,50.06999969482422
41.020137786865234,59.33000183105469
41.5081901550293,61.63999938964844
40.4172477722168,76.30999755859375
39.5416259765625,149.3000030517578
38.53681182861328,208.0500030517578
39.7138786315918,163.47999572753906
40.84788513183594,203.32000732421875
41.27851867675781,97.66999816894531
45.49873352050781,93.31999969482422
45.900657653808594,77.95999908447266
47.10643768310547,66.11000061035156
47.852867126464844,91.81999969482422
55.661705017089844,64.2699966430664
53.13531494140625,49.560001373291016
45.326480865478516,44.349998474121094
42.828800201416016,43.310001373291016
43.94845199584961,43.810001373291016
44.69488525390625,37.099998474121094
40.93400955200195,40.93000030517578
37.2520866394043,39.41999816894531
36.45451354980469,37.52000045776367
39.52727127075195,37.5
36.035545349121094,37.689998626708984
37.492523193359375,37.22999954223633
28.220605850219727,37.439998626708984
52.43204879760742,36.75
38.72394561767578,32.849998474121094
31.03252410888672,35.36000061035156
41.618568420410156,36.45000076293945
28.551420211791992,36.5
27.228164672851562,38.0099983215332
21.273513793945312,37.939998626708984
24.581653594970703,47.040000915527344
26.731943130493164,46.689998626708984
27.889793395996094,49.27000045776367
45.50563049316406,58.33000183105469
51.41893005371094,44.560001373291016
32.52118682861328,49.06999969482422
113.90139770507812,56.58000183105469
73.62480926513672,164.63999938964844
79.99298095703125,155.67999267578125
65.27175903320312,76.0999984741211
81.48164367675781,67.93000030517578
68.331787109375,84.61000061035156
61.839569091796875,82.69999694824219
49.14458465576172,99.48999786376953
53.38313674926758,107.04000091552734
50.92271041870117,165.3000030517578
52.6388053894043,139.0399932861328
48.19349670410156,144.35000610351562
57.96284103393555,132.24000549316406
61.21929168701172,141.02999877929688
43.10723114013672,146.32000732421875
39.38557434082031,268.260009765625
72.54966735839844,2504.340087890625
24.91246795654297,763.4400024414062
38.31043243408203,95.36000061035156
39.30287170410156,51.9900016784668
49.06188201904297,41.810001373291016
71.39181518554688,126.11000061035156
96.69908142089844,92.66000366210938
113.57058715820312,91.7300033569336
99.67640686035156,75.76000213623047
52.14258575439453,49.06999969482422
70.23397064208984,40.349998474121094
62.33578872680664,37.36000061035156
54.09645462036133,123.19000244140625
48.7310676574707,49.970001220703125
30.040082931518555,45.650001525878906
36.98717498779297,38.7599983215332
49.06188201904297,37.5099983215332
26.56653594970703,41.25
-84.31057739257812,39.15999984741211
131.020751953125,39.33000183105469
-35.63616943359375,39.58000183105469
-111.11677551269531,41.29999923706055
76.87930297851562,40.79999923706055
31.379310607910156,41.91999816894531
-24.349349975585938,41.130001068115234
-44.80671691894531,48.939998626708984
21.50334930419922,49.29999923706055
345.9993896484375,41.529998779296875
21.50334930419922,44.189998626708984
35.61186981201172,50.06999969482422
173.52267456054688,43.36000061035156
-8.829971313476562,43.81999969482422
269.8133544921875,57.20000076293945
135.1210479736328,44.33000183105469
20.092491149902344,51.59000015258789
258.52655029296875,68.56999969482422
222.9025115966797,65.11000061035156
150.9049530029297,76.94999694824219
206.67770385742188,69.91999816894531
270.5187683105469,91.48999786376953
237.36373901367188,54.83000183105469
-75.845458984375,45.97999954223633
120.96843719482422,37.790000915527344
247.23971557617188,37.11000061035156
87.10797882080078,150.17999267578125
51.836669921875,165.3800048828125
340.35595703125,2552.199951171875
-46.217559814453125,2484.739990234375
-247.96945190429688,169.52999877929688
-47.62841796875,220.82000732421875
144.0559844970703,37.869998931884766
240.18545532226562,35.90999984741211
59.59635925292969,36.9900016784668
100.334716796875,43.02000045776367
198.5653076171875,44.52000045776367
522.35595703125,46.97999954223633
200.6815948486328,37.43000030517578
128.2872314453125,34.9900016784668
20.092491149902344,34.63999938964844
175.6389617919922,31.799999237060547
-1.0702972412109375,39.349998474121094
-98.41909790039062,38.84000015258789
75.11573791503906,36.34000015258789
-37.75245666503906,34.709999084472656
-276.1864929199219,35.52000045776367
154.96115112304688,31.15999984741211
98.85681915283203,25.520000457763672
-68.12881469726562,28.510000228881836
92.83280181884766,27.260000228881836
-239.6927032470703,26.989999771118164
38.85765075683594,25.540000915527344
-307.16162109375,25.6299991607666
273.5531921386719,33.400001525878906
28.255386352539062,31.270000457763672
-241.62037658691406,33.779998779296875
212.59017944335938,34.689998626708984
-284.0294189453125,38.150001525878906
233.55374145507812,45.34000015258789
-55.59886169433594,39.63999938964844
-172.22373962402344,36.47999954223633
93.79664611816406,40.91999816894531
140.06106567382812,37.97999954223633
16.689285278320312,40.689998626708984
510.1763916015625,37.38999938964844
1346.791259765625,37.4900016784668
219.33706665039062,37.540000915527344
533.30859375,36.52000045776367
143.67547607421875,37.29999923706055
77.89325714111328,38.7400016784668
10.906234741210938,38.5099983215332
-39.21354675292969,36.65999984741211
-120.17628479003906,36.220001220703125
-112.46556091308594,36.7400016784668
199.81927490234375,38.52000045776367
306.80572509765625,37.939998626708984
-95.11639404296875,39.04999923706055
-44.03276062011719,37.9900016784668
-353.42608642578125,37.5099983215332
-34.39434814453125,37.5
-45.96044921875,37.2400016784668
-58.490386962890625,36.40999984741211
66.80906677246094,37.68000030517578
-116.32090759277344,37.529998779296875
438.85211181640625,37.5099983215332
-135.59776306152344,38.04999923706055
3.19549560546875,36.16999816894531
29.21923828125,34.91999816894531
-16.081344604492188,33.63999938964844
-28.611297607421875,34.2599983215332
-124.03166198730469,34.970001220703125
89.45935821533203,35.900001525878906
142.35018920898438,34.02000045776367
-43.06892395019531,33.75
317.40802001953125,30.579999923706055
33.74987030029297,29.040000915527344
34.2061767578125,29.700000762939453
33.96987533569336,30.760000228881836
33.27726745605469,27.969999313354492
31.56612205505371,25.399999618530273
30.066831588745117,25.489999771118164
27.296405792236328,28.229999542236328
27.133438110351562,28.690000534057617
26.872692108154297,30.440000534057617
29.67571258544922,25.760000228881836
30.392765045166016,32.06999969482422
33.643943786621094,34.13999938964844
32.690589904785156,35.59000015258789
35.36017990112305,36.7599983215332
39.35591125488281,37.560001373291016
36.373626708984375,41.20000076293945
36.813636779785156,38.9900016784668
38.93219757080078,37.31999969482422
35.70750427246094,37.36000061035156
39.69813919067383,37.38999938964844
39.1440544128418,36.189998626708984
37.66106033325195,34.459999084472656
39.16035079956055,34.11000061035156
36.35325622558594,33.970001220703125
38.606266021728516,33.970001220703125
38.720340728759766,34.380001068115234
36.19844055175781,34.0
38.88330841064453,34.09000015258789
39.29072570800781,35.18000030517578
37.45735168457031,36.7400016784668
38.019588470458984,38.70000076293945
42.647830963134766,40.630001068115234
42.02855682373047,45.459999084472656
45.25529098510742,47.959999084472656
44.73379898071289,47.88999938964844
41.8004035949707,47.90999984741211
44.668609619140625,49.47999954223633
47.21088409423828,49.63999938964844
43.43006896972656,44.63999938964844
38.704044342041016,41.0099983215332
38.24774169921875,38.45000076293945
38.736637115478516,36.650001525878906
38.296630859375,40.34000015258789
37.17216110229492,38.45000076293945
33.73357391357422,39.22999954223633
36.30029296875,40.150001525878906
33.16319274902344,35.08000183105469
35.52556610107422,35.380001068115234
35.34568405151367,34.119998931884766
36.68742752075195,31.84000015258789
32.47532653808594,31.040000915527344
32.666683197021484,29.420000076293945
30.035520553588867,31.8799991607666
30.729190826416016,30.729999542236328
28.935216903686523,36.63999938964844
28.217626571655273,39.04999923706055
26.11269760131836,38.41999816894531
27.356517791748047,37.29999923706055
28.935216903686523,43.7599983215332
36.18436813354492,48.099998474121094
31.80557632446289,39.08000183105469
34.52045822143555,44.70000076293945
42.3780632019043,44.47999954223633
40.70368957519531,44.70000076293945
37.71971130371094,45.400001525878906
42.25846481323242,40.439998626708984
46.92279815673828,38.959999084472656
40.72760772705078,40.02000045776367
37.325035095214844,40.18000030517578
39.69906234741211,39.86000061035156
39.43594741821289,38.9900016784668
37.28018569946289,37.7400016784668
41.70831298828125,38.439998626708984
39.67514419555664,37.5
35.895835876464844,38.59000015258789
38.82599639892578,41.630001068115234
38.21604537963867,43.68000030517578
38.45524215698242,47.61000061035156
37.26224899291992,45.209999084472656
43.57404708862305,48.86000061035156
44.243797302246094,42.209999084472656
44.14812088012695,43.68000030517578
44.10028076171875,42.27000045776367
45.48762130737305,52.95000076293945
55.294677734375,52.15999984741211
53.955177307128906,61.59000015258789
49.840999603271484,50.689998626708984
43.239173889160156,41.650001525878906
42.16278839111328,38.880001068115234
41.22991943359375,36.83000183105469
41.30168151855469,40.150001525878906
37.44463348388672,38.689998626708984
34.83141326904297,37.5099983215332
41.63655471801758,40.08000183105469
36.933353424072266,39.81999969482422
37.064910888671875,37.0099983215332
39.159820556640625,35.400001525878906
43.25001525878906,31.950000762939453
38.240413665771484,27.469999313354492
38.94765090942383,33.11000061035156
33.05400085449219,29.969999313354492
34.987117767333984,35.27000045776367
32.67680740356445,39.04999923706055
32.81825256347656,40.47999954223633
31.828121185302734,47.72999954223633
32.39391326904297,40.02000045776367
34.27988052368164,41.2400016784668
37.22670364379883,46.72999954223633
35.55290985107422,38.470001220703125
36.66091537475586,38.20000076293945
43.13214111328125,39.54999923706055
42.613502502441406,38.5099983215332
40.83214569091797,44.13999938964844
44.86487579345703,42.630001068115234
48.330345153808594,43.459999084472656
43.99261474609375,49.959999084472656
42.495628356933594,49.470001220703125
43.945465087890625,49.58000183105469
41.6498908996582,48.2599983215332
39.04195022583008,51.369998931884766
44.34623336791992,50.93000030517578
41.487815856933594,49.11000061035156
39.40735626220703,49.400001525878906
43.08499526977539,49.959999084472656
39.80812454223633,51.709999084472656
44.41695785522461,62.25
43.78044509887695,60.380001068115234
43.285377502441406,73.4800033569336
45.59568786621094,45.369998931884766
45.38351821899414,45.689998626708984
49.83911895751953,39.02000045776367
48.80183410644531,50.4900016784668
56.958648681640625,51.119998931884766
59.12751007080078,49.45000076293945
50.31060791015625,51.33000183105469
46.13790512084961,40.88999938964844
46.82156753540039,39.869998931884766
46.538673400878906,36.369998931884766
43.40325164794922,41.97999954223633
41.43477249145508,41.4900016784668
35.576480865478516,41.16999816894531
43.83938217163086,38.63999938964844
41.28153610229492,37.900001525878906
41.694091796875,39.75
38.74333190917969,36.40999984741211
48.2501220703125,36.29999923706055
37.380584716796875,29.8700008392334
38.45131301879883,31.829999923706055
35.8880500793457,32.189998626708984
37.28324508666992,31.09000015258789
30.85886001586914,32.369998931884766
29.171649932861328,32.7599983215332
36.24496078491211,31.520000457763672
31.183324813842773,32.130001068115234
39.87895584106445,44.720001220703125
39.35981369018555,47.7400016784668
41.76084518432617,36.060001373291016
39.100242614746094,37.5099983215332
55.38832473754883,39.310001373291016
48.02299499511719,40.36000061035156
46.43312454223633,42.20000076293945
54.41493225097656,48.290000915527344
47.95810317993164,40.86000061035156
54.09046936035156,45.459999084472656
46.335784912109375,50.15999984741211
45.074432373046875,71.30999755859375
49.061279296875,86.66999816894531
42.182647705078125,51.959999084472656
48.16900634765625,83.83000183105469
47.730979919433594,139.8000030517578
44.122840881347656,99.0199966430664
47.21183776855469,198.35000610351562
45.65441131591797,103.70999908447266
51.81922149658203,230.6999969482422
51.592098236083984,126.37999725341797
47.55252456665039,87.33000183105469
53.76600646972656,60.65999984741211
53.3117561340332,49.43000030517578
57.14042663574219,40.70000076293945
56.42660903930664,48.77000045776367
69.85940551757812,53.66999816894531
69.72962188720703,50.22999954223633
64.27863311767578,43.7599983215332
53.05218505859375,37.099998474121094
58.048927307128906,34.70000076293945
54.674503326416016,31.799999237060547
51.23518753051758,37.70000076293945
45.451622009277344,36.04999923706055
39.00290298461914,35.45000076293945
45.22449493408203,33.189998626708984
43.31421661376953,31.459999084472656
41.38771057128906,27.790000915527344
30.99616813659668,24.969999313354492
58.001319885253906,28.979999542236328
42.243255615234375,24.790000915527344
45.47983169555664,24.6299991607666
37.550228118896484,23.010000228881836
16.91707992553711,30.0
29.05422592163086,36.16999816894531
31.967140197753906,29.239999771118164
8.016502380371094,35.880001068115234
20.477306365966797,32.599998474121094
46.20806121826172,34.93000030517578
53.733089447021484,41.16999816894531
38.359371185302734,34.849998474121094
22.904739379882812,34.13999938964844
114.17607879638672,45.11000061035156
57.39699172973633,48.84000015258789
68.21675109863281,48.970001220703125
76.6318359375,43.18000030517578
79.05926513671875,46.0099983215332
69.75411987304688,48.66999816894531
66.07252502441406,52.88999938964844
34.556396484375,46.04999923706055
55.8065185546875,44.68000030517578
53.186920166015625,80.12999725341797
38.03571319580078,58.68000030517578
52.215946197509766,81.08999633789062
39.815826416015625,155.27000427246094
42.486000061035156,264.1499938964844
34.556396484375,242.67999267578125
34.71822738647461,84.76000213623047
55.351375579833984,39.810001373291016
15.460620880126953,41.45000076293945
45.15617370605469,38.34000015258789
43.376060485839844,34.869998931884766
51.548404693603516,32.88999938964844
54.79508972167969,36.45000076293945
84.39961242675781,39.09000015258789
121.94385528564453,42.470001220703125
107.37928009033203,39.04999923706055
55.41206359863281,36.810001373291016
60.995147705078125,35.5099983215332
63.604637145996094,30.040000915527344
62.26955032348633,84.41999816894531
27.921424865722656,39.040000915527344
28.083253860473633,39.72999954223633
40.786800384521484,40.58000183105469
61.824520111083984,39.72999954223633
35.85102844238281,38.349998474121094
31.837791442871094,37.5099983215332
71.50483703613281,40.279998779296875
23.48200225830078,35.43000030517578
21.829208374023438,37.15999984741211
33.306941986083984,37.52000045776367
40.193580627441406,37.810001373291016
38.72443389892578,40.7400016784668
25.134796142578125,41.88999938964844
26.603944778442383,46.66999816894531
36.153419494628906,40.220001220703125
19.99277114868164,47.34000015258789
38.357147216796875,61.90999984741211
44.830589294433594,46.66999816894531
26.42030143737793,46.27000045776367
93.81755065917969,42.34000015258789
68.29107666015625,41.63999938964844
61.17488098144531,42.77000045776367
82.431640625,43.75
72.60670471191406,41.97999954223633
52.3370246887207,44.189998626708984
50.55797576904297,41.7400016784668
34.04151916503906,41.650001525878906
56.19354248046875,41.5099983215332
60.807594299316406,38.130001068115234
58.28248977661133,37.56999969482422
44.55512237548828,37.33000183105469
19.809127807617188,37.5099983215332
31.65414810180664,37.560001373291016
33.398765563964844,37.650001525878906
31.10321807861328,37.66999816894531
32.205078125,37.58000183105469
11.912445068359375,37.52000045776367
55.757389068603516,37.5
39.27536392211914,37.369998931884766
39.734474182128906,36.08000183105469
40.928157806396484,37.7599983215332
82.0643539428711,37.81999969482422
102.81610107421875,37.65999984741211
99.51051330566406,37.45000076293945
76.73868560791016,36.68000030517578
53.250579833984375,36.08000183105469
51.90660858154297,35.34000015258789
32.664188385009766,38.880001068115234
26.78759002685547,37.5
33.12329864501953,39.439998626708984
42.81050491333008,40.869998931884766
57.387229919433594,38.7599983215332
38.08168029785156,36.900001525878906
35.96027755737305,37.5
37.86350631713867,36.040000915527344
35.38930892944336,34.650001525878906
36.012184143066406,33.060001373291016
37.84620666503906,33.189998626708984
36.531246185302734,33.47999954223633
34.454994201660156,35.36000061035156
33.24384689331055,35.66999816894531
34.974056243896484,38.77000045776367
34.59341049194336,37.95000076293945
40.60588836669922,39.11000061035156
35.38930892944336,37.52000045776367
38.9405632019043,41.72999954223633
37.690486907958984,45.2599983215332
48.435089111328125,49.470001220703125
41.59210968017578,46.93000030517578
40.65346908569336,64.38999938964844
42.89841842651367,48.29999923706055
46.56645965576172,49.279998779296875
45.216896057128906,49.83000183105469
40.7010498046875,42.0
40.17225646972656,41.79999923706055
40.52803039550781,41.720001220703125
39.213069915771484,37.52000045776367
38.63344955444336,37.52000045776367
38.01922607421875,37.5
38.16629409790039,37.5099983215332
37.188724517822266,38.25
38.892982482910156,38.2599983215332
41.24606704711914,38.52000045776367
40.300941467285156,38.77000045776367
40.04735565185547,40.36000061035156
41.280670166015625,39.81999969482422
37.932716369628906,39.189998626708984
40.23173141479492,37.52000045776367
40.119808197021484,39.189998626708984
48.22746276855469,41.63999938964844
50.09608840942383,43.09000015258789
52.37996292114258,44.33000183105469
39.72672653198242,40.47999954223633
43.72891616821289,41.16999816894531
44.36909484863281,40.459999084472656
41.00383758544922,41.959999084472656
37.08491134643555,39.04999923706055
38.61614990234375,39.15999984741211
37.84620666503906,36.31999969482422
39.4920654296875,35.970001220703125
33.347660064697266,35.959999084472656
37.40339660644531,35.93000030517578
37.72908401489258,36.93000030517578
37.67655563354492,35.25
34.545753479003906,35.459999084472656
37.61351776123047,35.97999954223633
35.72243118286133,35.97999954223633
36.457855224609375,35.11000061035156
35.19712829589844,34.0099983215332
32.27644729614258,33.7400016784668
33.57919692993164,33.56999969482422
35.74344253540039,34.369998931884766
37.60301208496094,34.18000030517578
40.28303909301758,34.93000030517578
41.05424880981445,35.900001525878906
46.228477478027344,37.0
38.20185852050781,38.68000030517578
43.53893280029297,42.02000045776367
41.60581970214844,37.720001220703125
56.986671447753906,37.5099983215332
43.181724548339844,37.5099983215332
43.833099365234375,37.25
40.05748748779297,37.5
40.71017837524414,37.2400016784668
39.654319763183594,36.689998626708984
40.959693908691406,37.5099983215332
39.2261962890625,37.5099983215332
37.067203521728516,37.52000045776367
40.20391845703125,39.83000183105469
41.84745788574219,42.939998626708984
39.12113571166992,45.36000061035156
42.77198791503906,44.709999084472656
41.23810577392578,47.95000076293945
42.57237243652344,49.290000915527344
39.73048782348633,50.90999984741211
39.83817672729492,51.34000015258789
42.425289154052734,48.5099983215332
45.43001937866211,48.61000061035156
49.42231750488281,47.630001068115234
48.6658821105957,44.189998626708984
41.196083068847656,43.56999969482422
44.001197814941406,39.790000915527344
43.181724548339844,35.209999084472656
40.715431213378906,36.209999084472656
40.468536376953125,36.130001068115234
38.64311218261719,35.970001220703125
44.31637954711914,35.779998779296875
39.6122932434082,34.5099983215332
37.89718246459961,32.900001525878906
37.23582077026367,33.970001220703125
38.45356750488281,36.70000076293945
36.837371826171875,34.619998931884766
35.542423248291016,34.15999984741211
34.625999450683594,35.25
34.625999450683594,36.56999969482422
33.86894989013672,41.68000030517578
34.82522201538086,41.400001525878906
34.56623077392578,41.029998779296875
33.59003829956055,36.08000183105469
35.52250289916992,37.310001373291016
36.080326080322266,36.7599983215332
37.94306182861328,36.060001373291016
36.737762451171875,37.5099983215332
48.053627014160156,37.52000045776367
40.024940490722656,37.5099983215332
44.26839065551758,37.52000045776367
42.913673400878906,37.61000061035156
44.5074577331543,37.25
40.88159942626953,42.61000061035156
39.32268142700195,42.58000183105469
37.425079345703125,39.599998474121094
38.764854431152344,41.0099983215332
38.057613372802734,45.36000061035156
39.32516860961914,51.16999816894531
37.938079833984375,55.11000061035156
40.10961151123047,97.73999786376953
38.733726501464844,85.37000274658203
38.16718673706055,172.77999877929688
36.65807342529297,153.6300048828125
39.9601936340332,48.130001068115234
38.32158279418945,80.06999969482422
38.7536506652832,49.939998626708984
37.1063232421875,41.599998474121094
39.16579055786133,39.709999084472656
40.19926071166992,38.29999923706055
48.89036178588867,43.5
48.292694091796875,47.040000915527344
47.17704772949219,43.20000076293945
42.55507278442383,37.5099983215332
39.9601936340332,37.5099983215332
41.02105712890625,36.34000015258789
38.20703125,42.41999816894531
36.62818908691406,41.38999938964844
36.4588508605957,37.599998474121094
39.18509292602539,37.2400016784668
37.38523483276367,41.91999816894531
36.53853988647461,40.0099983215332
30.501190185546875,37.400001525878906
47.700294494628906,39.939998626708984
39.49073028564453,35.20000076293945
23.94411277770996,35.38999938964844
32.72213363647461,35.380001068115234
25.742021560668945,34.72999954223633
41.94963073730469,35.91999816894531
28.9148006439209,37.4900016784668
19.713741302490234,37.36000061035156
44.0648193359375,37.5099983215332
29.760873794555664,41.52000045776367
52.18184280395508,47.09000015258789
48.00435256958008,36.47999954223633
27.2226505279541,37.25
58.051483154296875,37.52000045776367
46.74845886230469,39.61000061035156
38.909053802490234,37.959999084472656
65.82479095458984,37.0
65.19023132324219,38.2400016784668
41.18287658691406,40.189998626708984
56.517974853515625,43.36000061035156
45.18851089477539,44.90999984741211
43.66822052001953,40.900001525878906
53.84754943847656,41.56999969482422
52.31404113769531,52.20000076293945
33.99124526977539,63.810001373291016
33.46244812011719,39.540000915527344
50.119537353515625,42.040000915527344
43.641780853271484,102.88999938964844
30.501190185546875,255.77999877929688
31.770299911499023,46.720001220703125
22.14620590209961,-37.400001525878906
48.139854431152344,35.310001373291016
30.606948852539062,51.900001525878906
34.520042419433594,36.9900016784668
35.89491271972656,43.45000076293945
46.79473114013672,45.41999816894531
66.4593505859375,50.02000045776367
70.16091918945312,38.93000030517578
34.73155975341797,37.56999969482422
38.856170654296875,36.91999816894531
41.711673736572266,35.88999938964844
28.809040069580078,49.40999984741211
35.57763671875,48.45000076293945
37.21690368652344,41.349998474121094
48.628990173339844,40.15999984741211
41.896751403808594,39.08000183105469
43.74753952026367,37.34000015258789
50.419281005859375,36.93000030517578
61.80970001220703,35.97999954223633
45.63967514038086,35.11000061035156
28.61284637451172,35.689998626708984
50.452880859375,36.689998626708984
7.982414245605469,37.599998474121094
37.65126037597656,40.720001220703125
5.294410705566406,45.619998931884766
8.788814544677734,42.22999954223633
45.027000427246094,38.06999969482422
34.25765609741211,37.47999954223633
30.427249908447266,37.52000045776367
34.929656982421875,36.04999923706055
45.389774322509766,37.400001525878906
51.19208526611328,39.0
54.148887634277344,38.18000030517578
50.38568115234375,36.72999954223633
61.80970001220703,37.0
104.48176574707031,37.2599983215332
35.064056396484375,37.56999969482422
59.05449676513672,41.93000030517578
40.204864501953125,41.380001068115234
25.45444107055664,38.099998474121094
44.3964729309082,35.9900016784668
37.48326110839844,36.099998474121094
23.841638565063477,36.16999816894531
33.249656677246094,35.95000076293945
31.435251235961914,36.290000915527344
45.09360885620117,36.2400016784668
29.083248138427734,37.5099983215332
12.955223083496094,36.220001220703125
30.83045196533203,36.9900016784668
40.87686538696289,35.869998931884766
37.04646301269531,35.97999954223633
51.32648468017578,35.95000076293945
46.13107681274414,35.97999954223633
61.47370147705078,37.52000045776367
68.73130798339844,37.2599983215332
40.67526626586914,37.560001373291016
35.064056396484375,36.220001220703125
32.37605285644531,35.970001220703125
48.53767776489258,35.54999923706055
32.37605285644531,36.47999954223633
25.588842391967773,36.83000183105469
39.566463470458984,36.939998626708984
55.96329116821289,37.380001068115234
40.776065826416016,36.650001525878906
40.994468688964844,33.939998626708984
35.37694549560547,30.5
36.66352462768555,28.190000534057617
35.62952423095703,27.079999923706055
35.85053253173828,25.959999084472656
36.118900299072266,25.959999084472656
35.700565338134766,30.700000762939453
35.51902389526367,30.950000762939453
35.124366760253906,29.510000228881836
33.97196960449219,33.68000030517578
34.650779724121094,32.70000076293945
35.88210678100586,41.52000045776367
36.35569381713867,41.97999954223633
35.73213577270508,38.65999984741211
35.984718322753906,37.52000045776367
39.8602409362793,38.310001373291016
37.58110046386719,37.599998474121094
37.9698371887207,37.560001373291016
38.22636413574219,37.529998779296875
41.391510009765625,37.52000045776367
38.77888488769531,39.029998779296875
38.542091369628906,37.81999969482422
36.328067779541016,37.720001220703125
36.93781280517578,38.45000076293945
37.173126220703125,38.58000183105469
37.03943634033203,38.91999816894531
36.24518966674805,37.84000015258789
35.51112747192383,37.52000045776367
36.39516067504883,40.59000015258789
37.331233978271484,37.52000045776367
37.24539566040039,39.0
36.50960922241211,37.54999923706055
37.60478210449219,37.5099983215332
36.403053283691406,37.209999084472656
36.833229064941406,36.77000045776367
36.7148323059082,35.97999954223633
37.37193298339844,35.970001220703125
40.949493408203125,36.900001525878906
41.21786117553711,36.970001220703125
40.444332122802734,36.689998626708984
38.08428955078125,34.459999084472656
38.542091369628906,34.63999938964844
39.19721984863281,30.489999771118164
38.242149353027344,32.709999084472656
35.94525146484375,31.56999969482422
36.92597198486328,31.010000228881836
37.64622116088867,31.649999618530273
36.83125305175781,30.479999542236328
35.897891998291016,28.84000015258789
32.97929763793945,26.469999313354492
33.251853942871094,25.959999084472656
33.588539123535156,21.450000762939453
30.365964889526367,25.959999084472656
29.019216537475586,25.31999969482422
28.40997314453125,25.959999084472656
26.421916961669922,29.079999923706055
26.67844009399414,28.690000534057617
26.037132263183594,35.45000076293945
28.634429931640625,35.13999938964844
29.46813201904297,33.470001220703125
32.61054229736328,32.65999984741211
31.64858055114746,34.150001525878906
34.58858108520508,36.06999969482422
37.11573791503906,37.5
36.73896789550781,37.5099983215332
37.83720779418945,37.77000045776367
38.22199249267578,37.52000045776367
36.72293472290039,37.5099983215332
38.70297622680664,40.029998779296875
37.69291305541992,39.619998931884766
37.195899963378906,38.2599983215332
38.04563522338867,37.5099983215332
37.35622787475586,37.52000045776367
37.724979400634766,37.52000045776367
38.15786361694336,37.52000045776367
37.147804260253906,37.52000045776367
37.88530731201172,37.52000045776367
38.2380256652832,38.25
37.981502532958984,37.529998779296875
39.135860443115234,37.5099983215332
41.139949798583984,37.52000045776367
43.160072326660156,37.52000045776367
42.390499114990234,37.52000045776367
44.31442642211914,37.52000045776367
42.58289337158203,37.52000045776367
43.737247467041016,39.0
44.25029373168945,37.52000045776367
41.813323974609375,37.52000045776367
38.49454879760742,37.2599983215332
39.02362823486328,37.5099983215332
37.77307891845703,35.540000915527344
35.526493072509766,37.560001373291016
36.95541000366211,38.189998626708984
33.187721252441406,37.5099983215332
35.79303741455078,36.18000030517578
34.35810852050781,35.290000915527344
34.15369415283203,30.979999542236328
33.53962707519531,27.200000762939453
34.180267333984375,27.600000381469727
34.041751861572266,25.889999389648438
31.92071533203125,26.260000228881836
31.106929779052734,25.959999084472656
28.267335891723633,26.690000534057617
26.397361755371094,27.260000228881836
25.462371826171875,26.020000457763672
26.535877227783203,25.959999084472656
28.509740829467773,29.280000686645508
29.929536819458008,31.649999618530273
31.522480010986328,31.90999984741211
34.041751861572266,33.150001525878906
35.074676513671875,40.29999923706055
39.53913497924805,37.72999954223633
35.755897521972656,39.880001068115234
36.82939910888672,49.650001525878906
39.24478530883789,49.27000045776367
40.31829071044922,48.619998931884766
40.145145416259766,48.9900016784668
39.1755256652832,49.34000015258789
37.444068908691406,54.560001373291016
40.07588577270508,56.04999923706055
37.340179443359375,47.0
39.365989685058594,40.65999984741211
37.47869873046875,37.5
35.738582611083984,41.40999984741211
38.39636993408203,41.18000030517578
40.07588577270508,47.15999984741211
35.74723815917969,46.84000015258789
37.68647384643555,42.68000030517578
43.53880310058594,39.7400016784668
43.365657806396484,70.37000274658203
45.616554260253906,45.630001068115234
47.34801483154297,37.84000015258789
41.56494140625,42.27000045776367
47.0017204284668,43.869998931884766
47.0017204284668,44.08000183105469
44.854713439941406,40.52000045776367
39.5910758972168,39.060001373291016
39.53913497924805,37.02000045776367
37.444068908691406,33.77000045776367
37.13240432739258,37.16999816894531
36.24936294555664,38.099998474121094
33.54828643798828,39.97999954223633
37.01120376586914,39.470001220703125
33.97249221801758,31.059999465942383
37.05448913574219,28.100000381469727
33.975067138671875,27.31999969482422
36.649253845214844,29.25
34.12159729003906,24.510000228881836
27.124746322631836,24.3700008392334
28.88311767578125,25.510000228881836
24.194129943847656,26.010000228881836
25.65943717956543,27.6299991607666
26.02576446533203,24.709999084472656
21.483306884765625,24.389999389648438
27.417808532714844,25.959999084472656
21.776369094848633,26.020000457763672
31.520671844482422,26.020000457763672
27.71086883544922,31.530000686645508
32.07016372680664,33.5099983215332
43.243141174316406,33.56999969482422
45.80743408203125,33.31999969482422
44.085697174072266,37.689998626708984
49.25090789794922,38.15999984741211
56.870513916015625,42.38999938964844
43.49957275390625,42.68000030517578
43.041664123535156,45.220001220703125
45.47773742675781,45.2400016784668
39.914146423339844,44.77000045776367
41.503089904785156,49.36000061035156
44.59855270385742,47.45000076293945
39.35091781616211,50.040000915527344
37.656654357910156,48.84000015258789
44.70845031738281,49.970001220703125
44.085697174072266,48.68000030517578
40.36747360229492,49.529998779296875
39.90498733520508,50.06999969482422
49.98356246948242,48.41999816894531
51.22907638549805,46.970001220703125
49.54397201538086,48.869998931884766
48.66478729248047,42.56999969482422
51.15581130981445,38.939998626708984
65.66236877441406,45.119998931884766
56.79724884033203,43.439998626708984
57.23684310913086,38.779998779296875
49.91029739379883,36.88999938964844
44.671817779541016,37.0
43.86589813232422,36.59000015258789
39.149436950683594,49.209999084472656
38.11456298828125,41.7599983215332
36.768310546875,38.540000915527344
42.12584686279297,35.08000183105469
38.70869827270508,30.889999389648438
40.66053771972656,33.0
33.19523620605469,29.350000381469727
35.13549041748047,29.780000686645508
32.88616943359375,30.309999465942383
25.468547821044922,27.899999618530273
24.163597106933594,29.780000686645508
23.61414337158203,33.36000061035156
22.171829223632812,36.279998779296875
22.58391761779785,33.27000045776367
20.1800594329834,31.989999771118164
24.232276916503906,32.20000076293945
26.704818725585938,32.36000061035156
28.76526641845703,37.16999816894531
27.80372428894043,37.5099983215332
32.81748580932617,37.52000045776367
40.40681076049805,38.41999816894531
42.24404525756836,40.0
43.46314239501953,47.0
46.004364013671875,43.63999938964844
45.145843505859375,39.619998931884766
41.83195495605469,41.119998931884766
43.291439056396484,41.970001220703125
46.17607116699219,40.5
43.49748611450195,41.41999816894531
38.63396453857422,44.779998779296875
41.48854446411133,47.439998626708984
42.845008850097656,45.84000015258789
38.543819427490234,47.81999969482422
43.772212982177734,49.779998779296875
44.287322998046875,48.849998474121094
40.04623031616211,48.849998474121094
42.776329040527344,46.04999923706055
47.103271484375,47.93000030517578
50.674720764160156,43.060001373291016
49.781856536865234,42.06999969482422
52.80384826660156,40.65999984741211
52.18571472167969,49.72999954223633
60.976966857910156,47.380001068115234
54.9329833984375,43.470001220703125
53.90275573730469,39.68000030517578
48.54558563232422,37.439998626708984
46.72552490234375,36.970001220703125
45.145843505859375,35.90999984741211
38.74557113647461,44.130001068115234
38.08960723876953,36.439998626708984
37.8033447265625,37.47999954223633
40.08915710449219,34.38999938964844
36.65507507324219,31.700000762939453
38.50733184814453,30.5
34.913734436035156,29.579999923706055
37.36091995239258,28.690000534057617
37.532222747802734,31.110000610351562
34.22852325439453,30.170000076293945
31.071651458740234,32.27000045776367
30.97376251220703,30.549999237060547
27.302982330322266,32.150001525878906
30.82693099975586,37.5
28.77129554748535,37.290000915527344
30.043832778930664,36.70000076293945
30.63115692138672,38.459999084472656
36.21074295043945,42.849998474121094
33.518836975097656,45.9900016784668
34.571128845214844,42.02000045776367
42.21858596801758,42.43000030517578
43.87043762207031,42.06999969482422
42.91603469848633,41.22999954223633
45.26533508300781,40.31999969482422
43.11180877685547,38.869998931884766
43.503360748291016,44.29999923706055
43.968326568603516,36.83000183105469
39.03265380859375,40.43000030517578
43.307586669921875,38.4900016784668
40.927696228027344,37.52000045776367
42.04728317260742,38.31999969482422
42.64684295654297,41.54999923706055
42.9649772644043,42.9900016784668
42.94050598144531,46.560001373291016
41.729148864746094,61.939998626708984
40.90322494506836,61.95000076293945
42.194114685058594,61.86000061035156
45.999488830566406,45.47999954223633
47.07625198364258,34.61000061035156
46.24420928955078,35.70000076293945
48.838226318359375,31.399999618530273
48.74034118652344,39.27000045776367
56.81605529785156,37.93000030517578
54.76041793823242,37.939998626708984
49.817100524902344,38.459999084472656
45.3876953125,35.83000183105469
45.63241195678711,36.7599983215332
44.726951599121094,33.38999938964844
40.03141403198242,45.36000061035156
41.42325210571289,38.27000045776367
37.16514587402344,36.959999084472656
42.194114685058594,35.970001220703125
37.067256927490234,35.0
39.5542106628418,35.439998626708984
31.832265853881836,31.860000610351562
41.761199951171875,30.790000915527344
30.120380401611328,28.190000534057617
33.915061950683594,27.639999389648438
33.31589889526367,28.010000228881836
35.99785232543945,29.739999771118164
29.207374572753906,30.260000228881836
30.919261932373047,33.58000183105469
32.08905029296875,32.22999954223633
30.234506607055664,32.16999816894531
33.00205612182617,35.88999938964844
34.485687255859375,39.709999084472656
38.96155548095703,35.40999984741211
35.569881439208984,37.90999984741211
51.23363494873047,37.52000045776367
42.816864013671875,38.900001525878906
41.91812515258789,42.83000183105469
43.758399963378906,47.90999984741211
53.74440002441406,47.41999816894531
46.09797668457031,47.06999969482422
41.4188232421875,41.779998779296875
40.82679748535156,46.83000183105469
45.641475677490234,57.83000183105469
37.281768798828125,59.5
42.845394134521484,64.2699966430664
40.03504943847656,55.150001525878906
35.969322204589844,51.13999938964844
44.814064025878906,60.099998474121094
42.032249450683594,59.720001220703125
43.78693389892578,76.94000244140625
43.81546401977539,88.55000305175781
45.0993766784668,76.9000015258789
44.585811614990234,50.81999969482422
47.98105239868164,49.720001220703125
50.777130126953125,49.66999816894531
46.52594757080078,62.630001068115234
58.708866119384766,55.72999954223633
58.25236511230469,54.619998931884766
55.741600036621094,54.02000045776367
43.41602325439453,51.45000076293945
47.410423278808594,43.11000061035156
44.32902908325195,37.439998626708984
43.13071060180664,46.900001525878906
40.919525146484375,43.11000061035156
34.856597900390625,40.380001068115234
35.669742584228516,37.4900016784668
36.92512512207031,37.52000045776367
37.74540328979492,37.52000045776367
41.66045379638672,36.95000076293945
40.84354019165039,36.70000076293945
39.23606872558594,37.84000015258789
35.994773864746094,37.43000030517578
33.46498107910156,36.90999984741211
32.14738082885742,34.43000030517578
23.925556182861328,37.83000183105469
29.61758804321289,39.880001068115234
25.190452575683594,42.029998779296875
25.928308486938477,42.08000183105469
39.23606872558594,43.459999084472656
38.419158935546875,41.619998931884766
36.943443298339844,38.88999938964844
41.13341522216797,37.58000183105469
64.61304473876953,39.380001068115234
50.4356689453125,39.06999969482422
52.96546173095703,44.380001068115234
55.65336608886719,45.150001525878906
62.715702056884766,45.40999984741211
59.658870697021484,48.54999923706055
55.86418151855469,52.7400016784668
46.69697952270508,51.08000183105469
53.228981018066406,48.790000915527344
42.609127044677734,49.65999984741211
52.06949234008789,61.869998931884766
50.224853515625,57.95000076293945
47.372249603271484,55.189998626708984
52.22760772705078,62.2400016784668
48.222103118896484,59.810001373291016
51.595157623291016,57.95000076293945
56.54933547973633,61.970001220703125
52.517478942871094,65.26000213623047
55.65336608886719,56.61000061035156
59.39535140991211,46.130001068115234
64.82386016845703,41.40999984741211
63.03192901611328,48.06999969482422
76.31333923339844,48.0
77.57823181152344,49.27000045776367
71.35916137695312,47.72999954223633
52.622886657714844,37.459999084472656
56.18040466308594,36.790000915527344
58.130455017089844,33.59000015258789
52.22760772705078,41.150001525878906
45.7779541015625,37.66999816894531
38.47186279296875,37.27000045776367
43.74225997924805,35.349998474121094
47.33930969238281,35.150001525878906
43.20204544067383,33.369998931884766
42.591407775878906,29.18000030517578
41.156246185302734,29.559999465942383
40.148216247558594,28.6299991607666
37.92713165283203,26.770000457763672
35.26183319091797,25.959999084472656
36.594482421875,28.1200008392334
31.91312026977539,29.459999084472656
36.833675384521484,29.489999771118164
33.68998718261719,27.559999465942383
32.45984649658203,30.209999084472656
36.35528564453125,35.939998626708984
40.353240966796875,38.0
40.42158126831055,34.90999984741211
42.33512878417969,36.2400016784668
58.49778747558594,36.4900016784668
51.18529510498047,33.939998626708984
53.782257080078125,40.650001525878906
53.20135498046875,38.13999938964844
59.044517517089844,37.52000045776367
47.13608932495117,42.220001220703125
48.109947204589844,37.77000045776367
42.13010787963867,39.70000076293945
46.55519104003906,43.7599983215332
48.48582458496094,45.810001373291016
45.700927734375,39.400001525878906
47.54613494873047,42.13999938964844
47.306941986083984,38.38999938964844
46.1878547668457,41.31999969482422
44.10772705078125,43.310001373291016
44.35118865966797,41.47999954223633
46.33308029174805,44.2599983215332
52.210411071777344,41.81999969482422
49.476768493652344,35.25
47.494876861572266,35.470001220703125
49.117977142333984,35.619998931884766
50.809417724609375,35.52000045776367
64.58013916015625,37.2599983215332
63.760047912597656,37.52000045776367
61.57313537597656,36.66999816894531
51.151123046875,34.650001525878906
50.365203857421875,31.260000228881836
51.21946716308594,30.6200008392334
45.79062271118164,46.27000045776367
43.34315872192383,40.540000915527344
42.33512878417969,37.9900016784668
46.07680130004883,34.81999969482422
43.19793701171875,35.52000045776367
41.839656829833984,33.13999938964844
35.51247787475586,30.75
33.827415466308594,31.43000030517578
34.040584564208984,34.25
32.92397689819336,30.799999237060547
28.132713317871094,30.59000015258789
29.63505744934082,33.279998779296875
27.239425659179688,37.18000030517578
29.310226440429688,37.0099983215332
26.792781829833984,38.20000076293945
27.84848403930664,36.720001220703125
29.107206344604492,34.52000045776367
34.56843566894531,37.2599983215332
31.48253631591797,37.52000045776367
34.609039306640625,39.2400016784668
36.113922119140625,41.25
38.32429885864258,42.810001373291016
37.9588623046875,42.56999969482422
38.1517333984375,40.869998931884766
39.42060470581055,41.779998779296875
39.98905944824219,41.83000183105469
37.395484924316406,37.5099983215332
39.58302307128906,37.52000045776367
38.26339340209961,37.52000045776367
36.89808654785156,37.52000045776367
37.72539138793945,37.52000045776367
37.86750411987305,37.52000045776367
38.89275360107422,37.52000045776367
38.65928268432617,37.52000045776367
38.66943359375,38.06999969482422
37.26859664916992,37.52000045776367
38.750640869140625,37.52000045776367
39.52211380004883,39.119998931884766
43.96824645996094,38.060001373291016
40.354496002197266,38.08000183105469
43.64341354370117,37.52000045776367
44.78032302856445,37.72999954223633
46.566898345947266,38.369998931884766
47.21656036376953,38.95000076293945
43.56220626831055,43.38999938964844
39.19728469848633,38.220001220703125
39.704833984375,37.52000045776367
41.044761657714844,36.529998779296875
39.03486633300781,38.70000076293945
39.66423034667969,38.540000915527344
35.545467376708984,37.5099983215332
36.578330993652344,37.5099983215332
36.989444732666016,38.84000015258789
38.37505340576172,37.939998626708984
37.27437210083008,36.689998626708984
37.66234588623047,36.5099983215332
36.02461624145508,35.619998931884766
36.07954788208008,35.20000076293945
34.56336212158203,33.689998626708984
35.200599670410156,34.040000915527344
33.596519470214844,30.18000030517578
34.4095458984375,30.780000686645508
32.95928192138672,30.829999923706055
34.03599166870117,30.040000915527344
33.970069885253906,30.809999465942383
36.39816665649414,32.470001220703125
36.156455993652344,34.84000015258789
37.06012725830078,37.11000061035156
38.45271301269531,37.849998474121094
39.353633880615234,39.130001068115234
37.600284576416016,43.06999969482422
39.3975830078125,37.5099983215332
39.4415283203125,38.029998779296875
39.74916076660156,37.45000076293945
39.1668586730957,37.150001525878906
39.95791244506836,36.90999984741211
39.54041290283203,36.08000183105469
37.77839279174805,34.65999984741211
39.859031677246094,35.22999954223633
39.12290954589844,37.5
38.03795623779297,37.54999923706055
37.66577911376953,37.540000915527344
39.24376678466797,40.290000915527344
38.04344940185547,46.040000915527344
38.114864349365234,49.459999084472656
39.1888313293457,49.59000015258789
40.606136322021484,49.7599983215332
40.13370132446289,54.68000030517578
40.30949020385742,49.779998779296875
41.836666107177734,61.91999816894531
43.814300537109375,62.11000061035156
44.517459869384766,61.90999984741211
41.63890075683594,60.15999984741211
39.76014709472656,49.38999938964844
39.07896423339844,49.0
40.86982345581055,45.720001220703125
40.43034744262695,48.189998626708984
38.72738265991211,47.349998474121094
37.54148864746094,48.849998474121094
38.03246307373047,46.869998931884766
37.72071075439453,43.34000015258789
38.44721984863281,37.130001068115234
37.38056945800781,35.7400016784668
38.214359283447266,32.220001220703125
38.248390197753906,33.0
33.89227294921875,30.799999237060547
34.436790466308594,34.5
32.73518371582031,35.599998474121094
30.012609481811523,37.91999816894531
30.761316299438477,44.4900016784668
26.677457809448242,47.709999084472656
30.42099380493164,41.779998779296875
30.557125091552734,45.369998931884766
35.90017318725586,49.0099983215332
33.48388671875,46.599998474121094
37.49968338012695,49.33000183105469
51.86125183105469,49.40999984741211
44.37417984008789,49.59000015258789
51.18061065673828,49.59000015258789
49.47900390625,49.29999923706055
46.10981750488281,48.869998931884766
45.752479553222656,49.06999969482422
44.22103500366211,49.52000045776367
41.21769714355469,49.7400016784668
44.3231315612793,55.540000915527344
40.426448822021484,61.060001373291016
43.82966232299805,60.45000076293945
42.910797119140625,66.38999938964844
40.82632827758789,64.61000061035156
46.858524322509766,47.43000030517578
40.34136962890625,58.7599983215332
41.00925064086914,79.41000366210938
45.08885192871094,66.98999786376953
44.28909683227539,49.29999923706055
44.11893844604492,42.16999816894531
44.68046951293945,50.720001220703125
47.0286865234375,38.66999816894531
50.295772552490234,49.63999938964844
61.45832061767578,51.029998779296875
62.27509307861328,53.970001220703125
59.41638946533203,49.40999984741211
48.69626235961914,44.29999923706055
47.0286865234375,40.70000076293945
45.973690032958984,37.7599983215332
42.34501266479492,46.36000061035156
39.643707275390625,47.150001525878906
38.52064895629883,42.20000076293945
43.599945068359375,35.529998779296875
42.06211853027344,35.7400016784668
38.58871078491211,36.939998626708984
44.89748764038086,32.08000183105469
48.12189483642578,30.149999618530273
44.25067901611328,29.440000534057617
39.867801666259766,29.770000457763672
33.41898727416992,28.170000076293945
35.81315612792969,29.459999084472656
32.492210388183594,38.25
36.19931411743164,38.38999938964844
30.098041534423828,34.81999969482422
28.78510856628418,37.18000030517578
36.431007385253906,54.58000183105469
43.61351776123047,54.310001373291016
38.09148025512695,42.97999954223633
43.26597595214844,40.709999084472656
57.51515197753906,43.18000030517578
52.72681427001953,48.650001525878906
52.302040100097656,48.810001373291016
57.51515197753906,41.65999984741211
66.55121612548828,49.349998474121094
54.966522216796875,51.06999969482422
54.27143859863281,51.650001525878906
55.15959930419922,64.45999908447266
48.73974609375,61.34000015258789
49.60860061645508,68.16999816894531
51.02772521972656,68.18000030517578
51.29803466796875,84.31999969482422
46.2828254699707,73.44000244140625
49.74375534057617,80.0
50.27471923828125,87.26000213623047
52.456504821777344,91.16000366210938
49.8885612487793,82.30999755859375
57.128997802734375,75.30000305175781
56.24083709716797,62.119998931884766
58.44192886352539,55.7400016784668
61.37671661376953,41.380001068115234
59.600399017333984,39.5
75.89620208740234,48.84000015258789
70.4900131225586,43.40999984741211
65.006591796875,41.529998779296875
60.681636810302734,37.04999923706055
56.35668182373047,36.90999984741211
56.74283981323242,33.9900016784668
54.4259033203125,39.650001525878906
48.18947219848633,37.43000030517578
45.29330062866211,49.95000076293945
54.11697769165039,55.279998779296875
48.15568542480469,46.06999969482422
50.37125778198242,42.70000076293945
44.23796081542969,41.439998626708984
49.58048629760742,38.779998779296875
41.6751708984375,30.639999389648438
39.07994079589844,29.959999084472656
36.484710693359375,31.420000076293945
27.98533058166504,35.310001373291016
27.725807189941406,42.52000045776367
32.78650665283203,41.9900016784668
22.27582359313965,41.81999969482422
26.817476272583008,44.84000015258789
33.75971984863281,64.6500015258789
42.194217681884766,75.62000274658203
38.95018005371094,57.9900016784668
35.90078353881836,52.619998931884766
59.19297409057617,66.44000244140625
46.768310546875,64.56999969482422
57.57095718383789,72.66000366210938
60.94475555419922,79.91000366210938
80.66850280761719,67.27999877929688
55.59209442138672,73.3499984741211
58.86857223510742,61.130001068115234
48.31733703613281,58.650001525878906
54.35935974121094,56.06999969482422
48.0091552734375,57.900001525878906
52.47781753540039,55.95000076293945
52.096641540527344,94.9000015258789
44.9516487121582,59.540000915527344
57.83047866821289,46.310001373291016
46.8980712890625,51.77000045776367
50.14870071411133,60.959999084472656
55.0081672668457,59.93000030517578
51.51271438598633,89.75
52.23451232910156,59.5
48.06592559814453,53.90999984741211
65.48641204833984,49.36000061035156
59.71202087402344,61.869998931884766
83.78278350830078,65.37000274658203
87.41610717773438,73.12999725341797
77.29470825195312,61.0099983215332
59.06321334838867,55.90999984741211
59.84178161621094,49.959999084472656
60.29594802856445,45.18000030517578
55.689414978027344,88.18000030517578
46.46012496948242,66.6500015258789
38.43113327026367,58.869998931884766
52.575138092041016,55.349998474121094
49.047245025634766,62.970001220703125
51.24508285522461,45.130001068115234
55.83304977416992,41.29999923706055
63.495487213134766,38.88999938964844
51.0360107421875,41.540000915527344
45.33373260498047,38.869998931884766
41.62725067138672,37.15999984741211
37.52161407470703,37.849998474121094
33.75811004638672,46.7400016784668
33.41597366333008,47.630001068115234
29.424379348754883,47.20000076293945
37.0654296875,46.0099983215332
34.4423828125,52.33000183105469
52.3475341796875,53.5099983215332
43.280914306640625,51.58000183105469
51.2926139831543,54.720001220703125
59.774749755859375,57.220001220703125
63.181861877441406,56.970001220703125
61.61373519897461,55.4900016784668
72.98977661132812,57.33000183105469
61.04350662231445,57.959999084472656
67.74368286132812,58.13999938964844
58.5772705078125,57.029998779296875
66.66024780273438,55.720001220703125
64.72147369384766,52.599998474121094
55.44102096557617,54.02000045776367
59.58942794799805,53.97999954223633
59.70347213745117,59.66999816894531
60.31646728515625,65.25
64.74998474121094,48.66999816894531
60.074119567871094,47.41999816894531
66.43215942382812,49.369998931884766
61.67075729370117,31.219999313354492
67.97177124023438,85.13999938964844
76.18305206298828,131.1300048828125
81.0870132446289,188.82000732421875
85.42074584960938,90.20999908447266
82.79769897460938,92.41000366210938
93.51797485351562,103.4000015258789
102.86970520019531,62.25
88.9561538696289,49.619998931884766
72.02039337158203,48.83000183105469
71.79229736328125,49.029998779296875
70.93695831298828,42.709999084472656
68.54199981689453,51.380001068115234
59.746238708496094,47.36000061035156
51.34963607788086,47.119998931884766
66.20407104492188,43.11000061035156
57.68450927734375,45.5
60.786903381347656,40.380001068115234
44.83427429199219,37.869998931884766
67.44189453125,38.560001373291016
50.856170654296875,40.56999969482422
40.700599670410156,41.38999938964844
41.108863830566406,40.040000915527344
38.96548080444336,41.58000183105469
39.98613739013672,42.880001068115234
33.35185241699219,43.08000183105469
44.47704315185547,43.86000061035156
32.33119201660156,52.209999084472656
37.63862228393555,45.09000015258789
44.374977111816406,54.880001068115234
48.91691589355469,55.540000915527344
48.66175079345703,55.41999816894531
88.36542510986328,47.18000030517578
73.97412109375,51.970001220703125
73.1575927734375,56.15999984741211
69.63631439208984,71.55000305175781
79.38362121582031,59.290000915527344
65.24747467041016,64.55999755859375
56.335838317871094,58.689998626708984
47.02869415283203,65.98999786376953
47.947288513183594,76.23999786376953
59.30213165283203,82.77999877929688
53.10162353515625,81.54000091552734
44.681175231933594,88.9800033569336
58.702491760253906,76.47000122070312
47.43695831298828,67.69999694824219
49.631378173828125,61.560001373291016
44.17084503173828,162.91000366210938
47.539024353027344,214.7100067138672
43.150184631347656,70.52999877929688
58.409053802490234,64.7300033569336
60.89691162109375,61.959999084472656
56.763240814208984,55.18000030517578
50.856170654296875,64.33000183105469
81.32286834716797,64.44000244140625
95.10177612304688,60.31999969482422
86.1199722290039,55.810001373291016
59.257476806640625,50.11000061035156
61.75171661376953,48.630001068115234
69.48321533203125,45.029998779296875
52.948524475097656,46.68000030517578
47.590057373046875,47.380001068115234
46.51836395263672,47.65999984741211
53.739532470703125,42.22999954223633
51.494083404541016,40.52000045776367
55.321556091308594,38.02000045776367
48.324951171875,32.869998931884766
63.425941467285156,35.58000183105469
38.648590087890625,34.75
46.389678955078125,35.5
41.34624481201172,35.220001220703125
45.97916793823242,32.470001220703125
12.844959259033203,31.530000686645508
37.241119384765625,30.780000686645508
44.86492156982422,30.479999542236328
47.503929138183594,29.520000457763672
56.593841552734375,29.3799991607666
23.635570526123047,32.060001373291016
59.96590805053711,34.58000183105469
57.38554382324219,42.0099983215332
138.8135986328125,47.38999938964844
61.37154769897461,45.709999084472656
86.38530731201172,48.83000183105469
68.6159896850586,51.54999923706055
109.96044158935547,54.79999923706055
82.86663055419922,66.01000213623047
59.064247131347656,70.19000244140625
71.72415161132812,71.70999908447266
67.09123229980469,70.41000366210938
53.36838912963867,99.30000305175781
57.18029022216797,83.80999755859375
59.196197509765625,76.98999786376953
51.374473571777344,75.16999816894531
54.45331573486328,104.58999633789062
61.49799728393555,115.37999725341797
58.8809814453125,88.30999755859375
63.58721160888672,68.37000274658203
77.47132873535156,61.150001525878906
80.16897583007812,60.810001373291016
70.1407470703125,50.84000015258789
78.76150512695312,47.439998626708984
64.5108642578125,51.349998474121094
106.20718383789062,60.40999984741211
121.92394256591797,62.09000015258789
120.28189086914062,55.869998931884766
75.12554168701172,50.720001220703125
73.83535766601562,48.970001220703125
77.00216674804688,45.939998626708984
74.3631591796875,58.45000076293945
55.245018005371094,66.5199966430664
47.03477096557617,57.54999923706055
47.73850631713867,47.43000030517578
47.38663864135742,41.72999954223633
51.022605895996094,48.880001068115234
47.6982421875,43.79999923706055
43.54969024658203,42.91999816894531
39.51966857910156,40.83000183105469
38.255348205566406,41.959999084472656
32.80296325683594,43.970001220703125
30.748441696166992,44.220001220703125
27.429597854614258,47.9900016784668
37.070045471191406,40.58000183105469
20.475833892822266,38.099998474121094
28.851959228515625,37.93000030517578
23.320554733276367,37.52000045776367
48.60697555541992,42.09000015258789
32.80296325683594,42.29999923706055
39.51966857910156,46.7599983215332
75.31575775146484,56.279998779296875
65.51726531982422,61.41999816894531
60.301944732666016,59.900001525878906
78.79263305664062,53.40999984741211
105.18533325195312,56.5
69.15219116210938,61.220001220703125
67.65081024169922,69.8499984741211
57.39795684814453,75.62999725341797
57.09175491333008,63.54999923706055
47.500694274902344,68.25
61.526756286621094,78.63999938964844
62.988624572753906,66.30000305175781
59.096885681152344,49.68000030517578
67.25570678710938,51.470001220703125
57.23991775512695,57.689998626708984
63.225685119628906,53.529998779296875
62.43548583984375,57.75
68.44100952148438,66.2300033569336
69.86337280273438,52.58000183105469
62.11940383911133,46.439998626708984
72.62907409667969,60.06999969482422
77.37027740478516,106.12000274658203
115.61598205566406,94.0999984741211
102.65669250488281,117.91999816894531
89.8554458618164,62.43000030517578
66.93962860107422,49.65999984741211
58.36595153808594,90.72000122070312
69.86337280273438,45.7599983215332
62.23793411254883,52.65999984741211
56.43983840942383,47.779998779296875
44.10282897949219,48.83000183105469
56.97322463989258,42.31999969482422
52.44932556152344,38.54999923706055
57.22016143798828,35.59000015258789
43.830684661865234,31.559999465942383
56.01499938964844,31.959999084472656
46.84809875488281,30.780000686645508
44.10499572753906,27.09000015258789
43.282066345214844,29.010000228881836
36.83576965332031,31.84000015258789
31.898178100585938,37.810001373291016
36.42430114746094,38.0
38.755943298339844,46.77000045776367
33.68119812011719,45.43000030517578
32.8582649230957,46.029998779296875
47.43101119995117,52.11000061035156
44.03641891479492,39.11000061035156
50.51700210571289,50.2599983215332
83.3313980102539,48.209999084472656
67.35281372070312,68.44999694824219
74.00483703613281,59.869998931884766
73.38764190673828,61.869998931884766
85.11441802978516,51.41999816894531
63.375308990478516,61.970001220703125
67.35281372070312,61.970001220703125
56.8304328918457,81.55999755859375
54.074466705322266,67.8499984741211
58.369140625,76.45999908447266
54.70880889892578,64.79000091552734
55.36029815673828,62.61000061035156
59.44923782348633,61.83000183105469
60.872222900390625,52.16999816894531
55.55317306518555,60.52000045776367
50.41413879394531,60.540000915527344
55.84141159057617,59.369998931884766
69.20440673828125,62.84000015258789
63.066707611083984,59.88999938964844
58.62630844116211,61.84000015258789
72.83901977539062,38.43000030517578
68.24432373046875,38.22999954223633
98.28131866455078,48.810001373291016
94.71528625488281,40.349998474121094
91.97218322753906,43.04999923706055
64.5068359375,39.130001068115234
65.2269058227539,37.41999816894531
67.97000885009766,30.110000610351562
60.049293518066406,91.91000366210938
49.17974090576172,49.189998626708984
54.023033142089844,51.630001068115234
62.312355041503906,47.349998474121094
46.91667938232422,38.52000045776367
48.665409088134766,36.9900016784668
40.12971878051758,36.27000045776367
50.532447814941406,30.799999237060547
44.343482971191406,29.3799991607666
38.60258483886719,26.639999389648438
33.34245300292969,25.959999084472656
27.23390769958496,26.889999389648438
20.446640014648438,37.95000076293945
30.96690559387207,37.95000076293945
26.781423568725586,37.25
30.96690559387207,34.34000015258789
25.876453399658203,38.65999984741211
37.64105224609375,42.4900016784668
35.26551055908203,37.5
36.67952346801758,37.869998931884766
55.03343200683594,45.04999923706055
59.134071350097656,45.099998474121094
61.3964958190918,38.38999938964844
66.71318817138672,40.380001068115234
67.73127746582031,42.41999816894531
57.324134826660156,44.08000183105469
56.27776336669922,41.2400016784668
54.38298416137695,38.849998474121094
52.54476547241211,38.060001373291016
50.104705810546875,38.20000076293945
44.428321838378906,41.349998474121094
50.146244049072266,41.529998779296875
47.04425048828125,39.619998931884766
57.83317947387695,40.93000030517578
55.99496078491211,42.38999938964844
55.99496078491211,46.380001068115234
50.92572021484375,56.95000076293945
63.319557189941406,59.7599983215332
63.149871826171875,49.41999816894531
64.28108215332031,42.5099983215332
69.20185852050781,40.369998931884766
68.63624572753906,41.38999938964844
86.50939178466797,41.79999923706055
85.60442352294922,39.099998474121094
83.11575317382812,40.56999969482422
67.95751953125,37.59000015258789
58.28566360473633,36.29999923706055
60.434967041015625,32.279998779296875
51.470115661621094,45.869998931884766
53.336612701416016,39.900001525878906
45.531253814697266,40.43000030517578
53.18107223510742,36.20000076293945
47.4401741027832,34.25
53.06795120239258,33.18000030517578
35.816768646240234,31.15999984741211
42.93342590332031,32.810001373291016
35.172054290771484,28.760000228881836
37.67652130126953,29.979999542236328
33.833030700683594,25.959999084472656
35.37042999267578,31.059999465942383
31.130191802978516,33.40999984741211
29.93994903564453,37.65999984741211
29.24563980102539,35.77000045776367
30.53506851196289,35.689998626708984
32.71717834472656,36.439998626708984
36.039939880371094,43.099998474121094
35.79197311401367,41.0
36.63505935668945,48.150001525878906
43.90049743652344,51.2400016784668
40.94348907470703,56.2599983215332
40.22438430786133,63.29999923706055
44.32204055786133,60.869998931884766
46.15699768066406,40.16999816894531
45.165130615234375,51.66999816894531
40.23678207397461,49.65999984741211
42.536678314208984,47.70000076293945
42.6358642578125,41.720001220703125
36.746646881103516,42.75
44.09886932373047,42.810001373291016
41.33403778076172,46.599998474121094
36.67225646972656,44.16999816894531
39.82143783569336,43.79999923706055
41.718387603759766,46.83000183105469
39.38304138183594,47.900001525878906
41.78038024902344,45.400001525878906
45.43789291381836,46.209999084472656
43.52854537963867,43.849998474121094
46.75212097167969,41.36000061035156
49.82691192626953,41.720001220703125
46.8513069152832,47.83000183105469
57.66267395019531,47.599998474121094
57.66267395019531,48.779998779296875
52.901702880859375,49.119998931884766
45.73545455932617,45.68000030517578
45.90903091430664,41.790000915527344
47.7935791015625,36.43000030517578
43.75171661376953,45.459999084472656
41.38363265991211,39.22999954223633
37.88109588623047,47.2599983215332
44.59480667114258,41.16999816894531
38.58780288696289,39.060001373291016
38.160057067871094,35.880001068115234
35.98512268066406,34.22999954223633
42.253055572509766,35.38999938964844
38.62110137939453,34.70000076293945
36.793888092041016,29.790000915527344
34.72704315185547,28.100000381469727
30.713165283203125,28.260000228881836
30.173988342285156,39.06999969482422
27.597919464111328,40.7599983215332
25.980388641357422,41.86000061035156
30.773075103759766,38.70000076293945
32.63024139404297,41.63999938964844
37.81233215332031,40.630001068115234
35.47589874267578,39.5099983215332
38.171783447265625,42.72999954223633
45.435699462890625,46.7599983215332
48.266380310058594,42.310001373291016
44.447208404541016,42.36000061035156
53.77796936035156,45.2400016784668
53.71806335449219,43.279998779296875
48.59587860107422,48.349998474121094
48.47605895996094,50.0
45.70528793334961,51.08000183105469
43.88556671142578,49.77000045776367
45.37579345703125,52.290000915527344
44.0053825378418,49.88999938964844
43.586021423339844,49.959999084472656
41.85990524291992,49.810001373291016
45.181087493896484,49.83000183105469
41.549129486083984,49.959999084472656
46.91843795776367,51.810001373291016
43.750770568847656,49.959999084472656
46.828575134277344,51.95000076293945
50.54290771484375,48.209999084472656
51.92080307006836,48.77000045776367
57.672027587890625,49.63999938964844
54.736507415771484,49.83000183105469
64.8011474609375,50.220001220703125
65.16059875488281,49.56999969482422
60.36791229248047,49.09000015258789
52.57979965209961,41.029998779296875
52.34016418457031,40.65999984741211
48.925376892089844,37.54999923706055
46.798622131347656,51.22999954223633
43.960453033447266,43.470001220703125
40.583106994628906,38.2400016784668
46.39423751831055,38.119998931884766
44.33488082885742,40.310001373291016
41.69141387939453,35.75
40.20756912231445,33.790000915527344
42.182762145996094,17.6299991607666
40.953895568847656,14.130000114440918
37.35093688964844,28.209999084472656
33.078861236572266,18.93000030517578
33.130332946777344,18.959999084472656
30.505319595336914,21.969999313354492
33.078861236572266,18.709999084472656
30.71120262145996,18.5
32.71856689453125,29.020000457763672
36.52740478515625,35.68000030517578
38.2259407043457,37.959999084472656
37.453880310058594,38.599998474121094
40.78661346435547,40.099998474121094
43.74116134643555,40.36000061035156
44.85280990600586,38.81999969482422
48.185546875,45.27000045776367
46.834434509277344,43.09000015258789
40.593597412109375,40.81999969482422
48.211280822753906,45.52000045776367
45.431854248046875,42.310001373291016
47.43921661376953,35.369998931884766
50.47599792480469,36.20000076293945
47.95392608642578,35.61000061035156
46.229652404785156,33.22999954223633
47.49068832397461,35.70000076293945
47.413482666015625,35.150001525878906
47.10465621948242,36.029998779296875
48.031131744384766,38.61000061035156
46.04950714111328,46.58000183105469
48.648780822753906,43.380001068115234
50.14143371582031,49.13999938964844
51.814239501953125,49.310001373291016
53.821598052978516,48.939998626708984
52.63777160644531,46.16999816894531
54.490718841552734,45.16999816894531
57.47602844238281,43.7599983215332
59.02014923095703,48.90999984741211
53.77012634277344,47.439998626708984
50.5274658203125,42.540000915527344
51.76276779174805,43.119998931884766
51.453941345214844,44.439998626708984
46.80870056152344,39.150001525878906
44.28341293334961,42.79999923706055
42.53662109375,42.91999816894531
47.49068832397461,37.93000030517578
43.4759635925293,33.79999923706055
42.839012145996094,28.229999542236328
35.956298828125,21.149999618530273
38.96671676635742,19.540000915527344
34.989315032958984,18.8700008392334
28.68567657470703,15.100000381469727
24.781253814697266,17.670000076293945
23.905494689941406,5.639999866485596
20.32948112487793,18.770000457763672
18.57796287536621,18.90999984741211
19.745641708374023,22.3700008392334
20.548419952392578,20.469999313354492
27.043628692626953,26.329999923706055
28.61269760131836,31.290000915527344
30.145275115966797,38.09000015258789
30.364215850830078,35.95000076293945
39.46845626831055,36.5099983215332
40.05229568481445,34.689998626708984
41.89503479003906,35.97999954223633
44.814231872558594,34.75
44.63178253173828,35.18000030517578
44.30337142944336,39.689998626708984
44.85072326660156,39.970001220703125
41.03752136230469,41.2400016784668
40.49017333984375,39.61000061035156
40.088783264160156,41.439998626708984
44.011451721191406,38.56999969482422
40.27123260498047,39.91999816894531
40.344215393066406,39.08000183105469
39.413719177246094,35.47999954223633
41.238216400146484,35.099998474121094
42.442386627197266,36.63999938964844
42.4058952331543,37.91999816894531
46.01839828491211,38.779998779296875
49.37547302246094,41.58000183105469
49.229515075683594,41.97999954223633
55.72472381591797,41.58000183105469
55.06790542602539,44.279998779296875
64.48230743408203,49.380001068115234
63.314632415771484,49.56999969482422
51.783809661865234,49.040000915527344
50.47017288208008,47.79999923706055
50.32421112060547,41.72999954223633
45.94541931152344,36.790000915527344
44.30337142944336,43.45000076293945
38.85725021362305,40.54999923706055
33.538841247558594,44.59000015258789
44.558799743652344,35.970001220703125
38.23691940307617,35.02000045776367
36.234535217285156,26.65999984741211
35.64974594116211,12.8100004196167
34.58747100830078,14.5
33.583824157714844,22.479999542236328
28.204631805419922,17.399999618530273
24.150745391845703,16.100000381469727
24.696460723876953,18.940000534057617
17.21236801147461,22.479999542236328
16.978490829467773,21.329999923706055
14.873588562011719,24.18000030517578
18.927473068237305,26.020000457763672
20.87645721435547,28.549999237060547
29.724838256835938,35.40999984741211
26.294628143310547,37.630001068115234
32.29749298095703,34.86000061035156
44.06935119628906,40.029998779296875
40.98995590209961,36.11000061035156
38.88505554199219,37.52000045776367
45.5115966796875,35.97999954223633
43.991390228271484,36.5
46.52506637573242,35.33000183105469
41.37975311279297,35.099998474121094
39.70362854003906,34.02000045776367
42.08138656616211,34.619998931884766
39.00199508666992,36.029998779296875
43.64057159423828,35.63999938964844
45.04384231567383,36.470001220703125
38.84607696533203,35.97999954223633
39.50872802734375,36.029998779296875
43.40669631958008,39.75
35.922603607177734,39.68000030517578
41.652610778808594,35.97999954223633
52.995689392089844,38.59000015258789
52.52793502807617,35.810001373291016
55.178550720214844,36.02000045776367
56.269981384277344,36.869998931884766
53.22956848144531,37.27000045776367
65.6250991821289,39.31999969482422
62.97447967529297,47.290000915527344
55.95814514160156,38.900001525878906
47.61649703979492,35.970001220703125
45.04384231567383,36.5099983215332
46.36914825439453,37.13999938964844
41.76955032348633,35.529998779296875
38.573219299316406,35.93000030517578
35.328163146972656,42.650001525878906
44.65404510498047,41.13999938964844
33.07708740234375,39.119998931884766
36.965309143066406,37.560001373291016
34.97810745239258,22.829999923706055
33.852333068847656,24.899999618530273
32.71139144897461,30.670000076293945
29.8760986328125,17.260000228881836
27.101455688476562,28.209999084472656
25.069747924804688,17.84000015258789
17.7919921875,25.729999542236328
17.97393798828125,19.110000610351562
17.185514450073242,25.110000610351562
22.46188735961914,24.040000915527344
25.49428367614746,25.389999389648438
28.193119049072266,30.549999237060547
25.88849639892578,38.470001220703125
32.53702926635742,31.799999237060547
41.80858612060547,38.849998474121094
37.68452453613281,42.11000061035156
37.21450424194336,44.720001220703125
40.383358001708984,41.33000183105469
37.77549743652344,40.060001373291016
45.56875991821289,41.689998626708984
39.1097526550293,40.290000915527344
38.897483825683594,38.119998931884766
38.98845672607422,37.279998779296875
36.562538146972656,36.72999954223633
39.74655532836914,37.65999984741211
41.38404846191406,37.97999954223633
37.95743942260742,40.81999969482422
35.940895080566406,38.18000030517578
40.656272888183594,41.130001068115234
36.44124221801758,41.630001068115234
38.86716079711914,41.529998779296875
47.873382568359375,48.08000183105469
46.90301513671875,43.040000915527344
51.63355255126953,45.11000061035156
51.51226043701172,41.040000915527344
48.297916412353516,40.68000030517578
53.331695556640625,41.709999084472656
55.272430419921875,45.779998779296875
48.54050827026367,48.650001525878906
41.262752532958984,39.349998474121094
40.29238510131836,40.029998779296875
40.80789566040039,36.61000061035156
37.74517059326172,46.029998779296875
33.71208190917969,46.97999954223633
34.064598083496094,45.91999816894531
39.86785125732422,42.029998779296875
30.088367462158203,38.65999984741211
34.75067901611328,35.220001220703125
36.927974700927734,28.200000762939453
37.509605407714844,27.690000534057617
35.1272087097168,25.280000686645508
30.202795028686523,22.860000610351562
26.46758270263672,21.81999969482422
27.361478805541992,22.209999084472656
23.402790069580078,26.079999923706055
22.253494262695312,26.059999465942383
20.784948348999023,31.309999465942383
24.9351863861084,36.0
24.552087783813477,34.34000015258789
30.809368133544922,36.75
29.340822219848633,35.709999084472656
32.15021514892578,38.16999816894531
39.76430130004883,40.849998474121094
42.39810562133789,38.54999923706055
40.642234802246094,38.959999084472656
44.026275634765625,38.959999084472656
39.78026580810547,38.63999938964844
45.49481964111328,39.20000076293945
40.25913619995117,41.08000183105469
41.855384826660156,41.900001525878906
41.887306213378906,40.7599983215332
40.08354949951172,41.83000183105469
42.68543243408203,42.34000015258789
46.0694694519043,44.2599983215332
39.46101379394531,47.869998931884766
40.37087631225586,48.150001525878906
42.110782623291016,44.72999954223633
40.498573303222656,52.9900016784668
42.55773162841797,56.959999084472656
50.85820388793945,63.77000045776367
50.09200668334961,57.45000076293945
52.645999908447266,59.060001373291016
53.539894104003906,41.38999938964844
53.66759490966797,43.36000061035156
58.64788055419922,44.36000061035156
55.45539093017578,43.70000076293945
51.81595230102539,41.83000183105469
46.64411926269531,39.099998474121094
44.79247283935547,39.29999923706055
46.005619049072266,38.84000015258789
39.333316802978516,63.599998474121094
41.08918380737305,49.130001068115234
38.87040328979492,49.900001525878906
42.78120422363281,49.88999938964844
36.28847885131836,43.380001068115234
36.54387664794922,39.25
39.52606201171875,37.97999954223633
42.603050231933594,34.77000045776367
41.81196212768555,28.559999465942383
34.692176818847656,29.329999923706055
27.431642532348633,28.649999618530273
28.20816993713379,26.479999542236328
26.266849517822266,36.7400016784668
27.121030807495117,38.959999084472656
23.238391876220703,37.849998474121094
27.897560119628906,38.91999816894531
31.19780158996582,38.15999984741211
36.07051086425781,38.720001220703125
31.042495727539062,38.369998931884766
38.031246185302734,40.52000045776367
46.88365936279297,41.790000915527344
47.815494537353516,43.2400016784668
47.388404846191406,43.529998779296875
49.79563903808594,44.290000915527344
45.05881881713867,42.810001373291016
48.0872802734375,45.47999954223633
43.9134407043457,49.959999084472656
46.02947998046875,49.650001525878906
44.107574462890625,49.5099983215332
40.30016326904297,46.47999954223633
45.50532531738281,47.2400016784668
42.971900939941406,48.47999954223633
43.29222106933594,50.43000030517578
43.83578872680664,58.61000061035156
44.107574462890625,121.38999938964844
42.175960540771484,77.83999633789062
42.302146911621094,56.119998931884766
48.59202194213867,135.94000244140625
53.67827606201172,79.19000244140625
53.134708404541016,65.87999725341797
53.36766815185547,49.779998779296875
57.17265319824219,49.849998474121094
66.25802612304688,68.88999938964844
62.841304779052734,64.54000091552734
57.17265319824219,51.220001220703125
52.43583297729492,60.58000183105469
49.79563903808594,55.959999084472656
50.41686248779297,42.75
46.65070343017578,64.19000244140625
42.71953201293945,49.81999969482422
41.37516784667969,49.54999923706055
47.815494537353516,45.90999984741211
40.628971099853516,42.93000030517578
44.32111740112305,39.279998779296875
